Processing ./.
  Preparing metadata (pyproject.toml): started
  Preparing metadata (pyproject.toml): finished with status 'done'
Building wheels for collected packages: flash-linear-attention-npu
  Building wheel for flash-linear-attention-npu (pyproject.toml): started
  Building wheel for flash-linear-attention-npu (pyproject.toml): finished with status 'error'
  error: subprocess-exited-with-error
  
  × Building wheel for flash-linear-attention-npu (pyproject.toml) did not run successfully.
  │ exit code: 1
  ╰─> [4343 lines of output]
      /home/miniconda3/miniconda3/envs/wys310/lib/python3.10/site-packages/wheel/bdist_wheel.py:4: FutureWarning: The 'wheel' package is no longer the canonical location of the 'bdist_wheel' command, and will be removed in a future release. Please update to setuptools v70.1 or later which contains an integrated version of this command.
        warn(
      running bdist_wheel
      running build
      running build_py
      [fla-npu build][OK] bash: /usr/bin/bash
      [fla-npu build][OK] ASCEND_HOME_PATH=/home/w00929470/check0801/ascend/cann-9.2.0
      [fla-npu build][OK] ASCEND_OPP_PATH=/home/w00929470/check0801/ascend/cann-9.2.0/opp
      [fla-npu build][OK] CANN version: Version=9.2.0
      [fla-npu build][OK] Python: 3.10.20
      [fla-npu build][OK] Skipping torch/torch_npu build-time checks for Python-only wheel
      [fla-npu build][OK] FLA_NPU_SOC=ascend910_93
      [fla-npu build][OK] FLA NPU vendor=fla_npu
      [fla-npu build] START bash build.sh --soc=ascend910_93 --pkg --vendor_name=fla_npu
      which: no ccache in (/home/w00929470/check0801/ascend/cann-9.2.0/bin:/home/w00929470/check0801/ascend/cann-9.2.0/tools/ccec_compiler/bin:/home/w00929470/check0801/ascend/cann-9.2.0/tools/profiler/bin:/home/w00929470/check0801/ascend/cann-9.2.0/tools/ascend_system_advisor/asys:/home/w00929470/check0801/ascend/cann-9.2.0/tools/show_kernel_debug_data:/home/w00929470/check0801/ascend/cann-9.2.0/tools/msobjdump:/root/.vscode-server/cli/servers/Stable-1b6a188127eeaf9194f945eb6eb89a657e93c54c/server/bin/remote-cli:/home/miniconda3/miniconda3/envs/wys310/bin:/home/miniconda3/miniconda3/condabin:/usr/local/sbin:/usr/local/bin:/usr/sbin:/usr/bin:/root/bin:/sbin)
      HEAD is now at c8d83f3 [Reduce模板]非连续/连续kernel分离
      [2026-08-05 16:25:27] Warning: The current environment is configured for ascend910_93, Please use Atlas A3 series hardware for optimal performance.
      [2026-08-05 16:25:27] [2026-08-05 16:25:27] Info: cmake config -DBUILD_OPEN_PROJECT=ON -DVENDOR_NAME=fla_npu -DUT_INFERSHAPE_FLAG=TRUE -DENABLE_UT_EXEC=TRUE -DCANN_3RD_LIB_PATH=/home/liz23/flash-linear-attention-npu/third_party -DCUSTOM_ASCEND_CANN_PACKAGE_PATH=/home/w00929470/check0801/ascend/cann-9.2.0 -DCHECK_COMPATIBLE=true -DASCEND_COMPUTE_UNIT=ascend910_93 -DENABLE_BUILT_IN=OFF -DENABLE_OPS_HOST=ON -DENABLE_OPS_KERNEL=ON -DENABLE_BUILD_PKG=ON .
      [2026-08-05 16:25:27] -- The C compiler identification is GNU 10.3.1
      [2026-08-05 16:25:27] -- The CXX compiler identification is GNU 10.3.1
      [2026-08-05 16:25:27] -- Detecting C compiler ABI info
      [2026-08-05 16:25:27] -- Detecting C compiler ABI info - done
      [2026-08-05 16:25:27] -- Check for working C compiler: /usr/bin/cc - skipped
      [2026-08-05 16:25:27] -- Detecting C compile features
      [2026-08-05 16:25:27] -- Detecting C compile features - done
      [2026-08-05 16:25:27] -- Detecting CXX compiler ABI info
      [2026-08-05 16:25:27] -- Detecting CXX compiler ABI info - done
      [2026-08-05 16:25:27] -- Check for working CXX compiler: /usr/bin/c++ - skipped
      [2026-08-05 16:25:27] -- Detecting CXX compile features
      [2026-08-05 16:25:27] -- Detecting CXX compile features - done
      [2026-08-05 16:25:27] -- ASCEND_CANN_PACKAGE_PATH=/home/w00929470/check0801/ascend/cann-9.2.0
      [2026-08-05 16:25:27] -- compile project with library
      [2026-08-05 16:25:27] -- Find opbase source dir: /home/liz23/flash-linear-attention-npu/third_party/opbase
      [2026-08-05 16:25:27] D     aicpu_common/context/CMakeLists.txt
      [2026-08-05 16:25:27] D     aicpu_common/context/common/async_cpu_kernel.cc
      [2026-08-05 16:25:27] D     aicpu_common/context/common/async_event_util.cc
      [2026-08-05 16:25:27] D     aicpu_common/context/common/context.cc
      [2026-08-05 16:25:27] D     aicpu_common/context/common/cpu_kernel_cache.cc
      [2026-08-05 16:25:27] D     aicpu_common/context/common/cpu_kernel_register.cc
      [2026-08-05 16:25:27] D     aicpu_common/context/common/cpu_kernel_utils.cc
      [2026-08-05 16:25:27] D     aicpu_common/context/common/device.cc
      [2026-08-05 16:25:27] D     aicpu_common/context/common/device_cpu_kernel.cc
      [2026-08-05 16:25:27] D     aicpu_common/context/common/device_sharder.cc
      [2026-08-05 16:25:27] D     aicpu_common/context/common/eigen_threadpool.cc
      [2026-08-05 16:25:27] D     aicpu_common/context/common/eigen_threadpool_embedding.cc
      [2026-08-05 16:25:27] D     aicpu_common/context/common/host_sharder.cc
      [2026-08-05 16:25:27] D     aicpu_common/context/common/node_def_builder.cpp
      [2026-08-05 16:25:27] D     aicpu_common/context/cpu_proto/attr_value.cc
      [2026-08-05 16:25:27] D     aicpu_common/context/cpu_proto/attr_value_impl.cc
      [2026-08-05 16:25:27] D     aicpu_common/context/cpu_proto/node_def.cc
      [2026-08-05 16:25:27] D     aicpu_common/context/cpu_proto/node_def_impl.cc
      [2026-08-05 16:25:27] D     aicpu_common/context/cpu_proto/proto/cpu_attr.proto
      [2026-08-05 16:25:27] D     aicpu_common/context/cpu_proto/proto/cpu_node_def.proto
      [2026-08-05 16:25:27] D     aicpu_common/context/cpu_proto/proto/cpu_tensor.proto
      [2026-08-05 16:25:27] D     aicpu_common/context/cpu_proto/proto/cpu_tensor_shape.proto
      [2026-08-05 16:25:27] D     aicpu_common/context/cpu_proto/tensor.cc
      [2026-08-05 16:25:27] D     aicpu_common/context/cpu_proto/tensor_impl.cc
      [2026-08-05 16:25:27] D     aicpu_common/context/cpu_proto/tensor_shape.cc
      [2026-08-05 16:25:27] D     aicpu_common/context/cpu_proto/tensor_shape_impl.cc
      [2026-08-05 16:25:27] D     aicpu_common/context/cust_op/cust_dlog_record.cc
      [2026-08-05 16:25:27] D     aicpu_common/context/cust_op/cust_dlog_record.h
      [2026-08-05 16:25:27] D     aicpu_common/context/cust_op/cust_op_log.cc
      [2026-08-05 16:25:27] D     aicpu_common/context/device/CMakeLists.txt
      [2026-08-05 16:25:27] D     aicpu_common/context/host/CMakeLists.txt
      [2026-08-05 16:25:27] D     aicpu_common/context/utils/bcast.cc
      [2026-08-05 16:25:27] D     aicpu_common/context/utils/eigen_tensor.cc
      [2026-08-05 16:25:27] D     aicpu_common/context/utils/kernel_util.cc
      [2026-08-05 16:25:27] D     include/aclnnop/aclnn_util.h
      [2026-08-0HEAD is now at c8d83f3 [Reduce模板]非连续/连续kernel分离
      json found in /home/liz23/flash-linear-attention-npu/third_party/json, and not force rebuild cann third_party
      In file included from /home/w00929470/check0801/ascend/cann-9.2.0/include/external/ge_common/api_error_codes.h:16,
                       from /home/w00929470/check0801/ascend/cann-9.2.0/include/exe_graph/runtime/continuous_vector.h:20,
                       from /home/w00929470/check0801/ascend/cann-9.2.0/include/exe_graph/runtime/runtime_attrs.h:16,
                       from /home/w00929470/check0801/ascend/cann-9.2.0/include/exe_graph/runtime/infer_shape_context.h:16,
                       from /home/w00929470/check0801/ascend/cann-9.2.0/include/register/op_impl_registry.h:19,
                       from /home/w00929470/check0801/ascend/cann-9.2.0/include/register/op_def.h:19,
                       from /home/w00929470/check0801/ascend/cann-9.2.0/include/register/op_def_registry.h:14,
                       from /home/liz23/flash-linear-attention-npu/fla/ops/ascendc/gdn/chunk_gdn_fwd/chunk_fwd_o/op_host/chunk_fwd_o_def.cpp:15:
      /home/w00929470/check0801/ascend/cann-9.2.0/include/external/ge_common/ge_error_codes.h:15:122: note: ‘#pragma message: Warning: ge_error_codes.h is deprecated and will be removed after 2027-06. Include "graph/error_codes.h" instead.’
         15 |     "Warning: ge_error_codes.h is deprecated and will be removed after 2027-06. Include \"graph/error_codes.h\" instead.")
            |                                                                                                                          ^
      In file included from /home/w00929470/check0801/ascend/cann-9.2.0/include/external/ge_common/api_error_codes.h:17,
                       from /home/w00929470/check0801/ascend/cann-9.2.0/include/exe_graph/runtime/continuous_vector.h:20,
                       from /home/w00929470/check0801/ascend/cann-9.2.0/include/exe_graph/runtime/runtime_attrs.h:16,
                       from /home/w00929470/check0801/ascend/cann-9.2.0/include/exe_graph/runtime/infer_shape_context.h:16,
                       from /home/w00929470/check0801/ascend/cann-9.2.0/include/register/op_impl_registry.h:19,
                       from /home/w00929470/check0801/ascend/cann-9.2.0/include/register/op_def.h:19,
                       from /home/w00929470/check0801/ascend/cann-9.2.0/include/register/op_def_registry.h:14,
                       from /home/liz23/flash-linear-attention-npu/fla/ops/ascendc/gdn/chunk_gdn_fwd/chunk_fwd_o/op_host/chunk_fwd_o_def.cpp:15:
      /home/w00929470/check0801/ascend/cann-9.2.0/include/external/ge_common/ge_api_types.h:15:122: note: ‘#pragma message: Warning: ge_api_types.h is deprecated and will be removed after 2027-06. Include "ge_common_api_types.h" instead.’
         15 |     "Warning: ge_api_types.h is deprecated and will be removed after 2027-06. Include \"ge_common_api_types.h\" instead.")
            |                                                                                                                          ^
      In file included from /home/w00929470/check0801/ascend/cann-9.2.0/include/external/ge_common/api_error_codes.h:16,
                       from /home/w00929470/check0801/ascend/cann-9.2.0/include/exe_graph/runtime/continuous_vector.h:20,
                       from /home/w00929470/check0801/ascend/cann-9.2.0/include/exe_graph/runtime/runtime_attrs.h:16,
                       from /home/w00929470/check0801/ascend/cann-9.2.0/include/exe_graph/runtime/infer_shape_context.h:16,
                       from /home/w00929470/check0801/ascend/cann-9.2.0/include/register/op_impl_registry.h:19,
                       from /home/w00929470/check0801/ascend/cann-9.2.0/include/register/op_def.h:19,
                       from /home/w00929470/check0801/ascend/cann-9.2.0/include/register/op_def_registry.h:14,
                       from /home/liz23/flash-linear-attention-npu/fla/ops/ascendc/gdn/recurrent_gdn/recurrent_gated_delta_rule/op_host/recurrent_gated_delta_rule_def.cpp:14:
      /home/w00929470/check0801/ascend/cann-9.2.0/include/external/ge_common/ge_error_codes.h:15:122: note: ‘#pragma message: Warning: ge_error_codes.h is deprecated and will be removed after 2027-06. Include "graph/error_codes.h" instead.’
         15 |     "Warning: ge_error_codes.h is deprecated and will be removed after 2027-06. Include \"graph/error_codes.h\" instead.")
            |                                                                                                                          ^
      In file included from /home/w00929470/check0801/ascend/cann-9.2.0/include/external/ge_common/api_error_codes.h:17,
                       from /home/w00929470/check0801/ascend/cann-9.2.0/include/exe_graph/runtime/continuous_vector.h:20,
                       from /home/w00929470/check0801/ascend/cann-9.2.0/include/exe_graph/runtime/runtime_attrs.h:16,
                       from /home/w00929470/check0801/ascend/cann-9.2.0/include/exe_graph/runtime/infer_shape_context.h:16,
                       from /home/w00929470/check0801/ascend/cann-9.2.0/include/register/op_impl_registry.h:19,
                       from /home/w00929470/check0801/ascend/cann-9.2.0/include/register/op_def.h:19,
                       from /home/w00929470/check0801/ascend/cann-9.2.0/include/register/op_def_registry.h:14,
                       from /home/liz23/flash-linear-attention-npu/fla/ops/ascendc/gdn/recurrent_gdn/recurrent_gated_delta_rule/op_host/recurrent_gated_delta_rule_def.cpp:14:
      /home/w00929470/check0801/ascend/cann-9.2.0/include/external/ge_common/ge_api_types.h:15:122: note: ‘#pragma message: Warning: ge_api_types.h is deprecated and will be removed after 2027-06. Include "ge_common_api_types.h" instead.’
         15 |     "Warning: ge_api_types.h is deprecated and will be removed after 2027-06. Include \"ge_common_api_types.h\" instead.")
            |                                                                                                                          ^
      In file included from /home/w00929470/check0801/ascend/cann-9.2.0/include/external/ge_common/api_error_codes.h:16,
                       from /home/w00929470/check0801/ascend/cann-9.2.0/include/exe_graph/runtime/continuous_vector.h:20,
                       from /home/w00929470/check0801/ascend/cann-9.2.0/include/exe_graph/runtime/runtime_attrs.h:16,
                       from /home/w00929470/check0801/ascend/cann-9.2.0/include/exe_graph/runtime/infer_shape_context.h:16,
                       from /home/w00929470/check0801/ascend/cann-9.2.0/include/register/op_impl_registry.h:19,
                       from /home/w00929470/check0801/ascend/cann-9.2.0/include/register/op_def.h:19,
                       from /home/w00929470/check0801/ascend/cann-9.2.0/include/register/op_def_registry.h:14,
                       from /home/liz23/flash-linear-attention-npu/fla/ops/ascendc/gdn/chunk_gdn_bwd/chunk_gated_delta_rule_bwd_dhu/op_host/chunk_gated_delta_rule_bwd_dhu_def.cpp:15:
      /home/w00929470/check0801/ascend/cann-9.2.0/include/external/ge_common/ge_error_codes.h:15:122: note: ‘#pragma message: Warning: ge_error_codes.h is deprecated and will be removed after 2027-06. Include "graph/error_codes.h" instead.’
         15 |     "Warning: ge_error_codes.h is deprecated and will be removed after 2027-06. Include \"graph/error_codes.h\" instead.")
            |                                                                                                                          ^
      In file included from /home/w00929470/check0801/ascend/cann-9.2.0/include/external/ge_common/api_error_codes.h:17,
                       from /home/w00929470/check0801/ascend/cann-9.2.0/include/exe_graph/runtime/continuous_vector.h:20,
                       from /home/w00929470/check0801/ascend/cann-9.2.0/include/exe_graph/runtime/runtime_attrs.h:16,
                       from /home/w00929470/check0801/ascend/cann-9.2.0/include/exe_graph/runtime/infer_shape_context.h:16,
                       from /home/w00929470/check0801/ascend/cann-9.2.0/include/register/op_impl_registry.h:19,
                       from /home/w00929470/check0801/ascend/cann-9.2.0/include/register/op_def.h:19,
                       from /home/w00929470/check0801/ascend/cann-9.2.0/include/register/op_def_registry.h:14,
                       from /home/liz23/flash-linear-attention-npu/fla/ops/ascendc/gdn/chunk_gdn_bwd/chunk_gated_delta_rule_bwd_dhu/op_host/chunk_gated_delta_rule_bwd_dhu_def.cpp:15:
      /home/w00929470/check0801/ascend/cann-9.2.0/include/external/ge_common/ge_api_types.h:15:122: note: ‘#pragma message: Warning: ge_api_types.h is deprecated and will be removed after 2027-06. Include "ge_common_api_types.h" instead.’
         15 |     "Warning: ge_api_types.h is deprecated and will be removed after 2027-06. Include \"ge_common_api_types.h\" instead.")
            |                                                                                                                          ^
      In file included from /home/w00929470/check0801/ascend/cann-9.2.0/include/external/ge_common/api_error_codes.h:16,
                       from /home/w00929470/check0801/ascend/cann-9.2.0/include/exe_graph/runtime/continuous_vector.h:20,
                       from /home/w00929470/check0801/ascend/cann-9.2.0/include/exe_graph/runtime/runtime_attrs.h:16,
                       from /home/w00929470/check0801/ascend/cann-9.2.0/include/exe_graph/runtime/infer_shape_context.h:16,
                       from /home/w00929470/check0801/ascend/cann-9.2.0/include/register/op_impl_registry.h:19,
                       from /home/w00929470/check0801/ascend/cann-9.2.0/include/register/op_def.h:19,
                       from /home/w00929470/check0801/ascend/cann-9.2.0/include/register/op_def_registry.h:14,
                       from /home/liz23/flash-linear-attention-npu/fla/ops/ascendc/kda/chunk_kda_fwd_post_wu/op_host/chunk_kda_fwd_post_wu_def.cpp:10:
      /home/w00929470/check0801/ascend/cann-9.2.0/include/external/ge_common/ge_error_codes.h:15:122: note: ‘#pragma message: Warning: ge_error_codes.h is deprecated and will be removed after 2027-06. Include "graph/error_codes.h" instead.’
         15 |     "Warning: ge_error_codes.h is deprecated and will be removed after 2027-06. Include \"graph/error_codes.h\" instead.")
            |                                                                                                                          ^
      In file included from /home/w00929470/check0801/ascend/cann-9.2.0/include/external/ge_common/api_error_codes.h:17,
                       from /home/w00929470/check0801/ascend/cann-9.2.0/include/exe_graph/runtime/continuous_vector.h:20,
                       from /home/w00929470/check0801/ascend/cann-9.2.0/include/exe_graph/runtime/runtime_attrs.h:16,
                       from /home/w00929470/check0801/ascend/cann-9.2.0/include/exe_graph/runtime/infer_shape_context.h:16,
                       from /home/w00929470/check0801/ascend/cann-9.2.0/include/register/op_impl_registry.h:19,
                       from /home/w00929470/check0801/ascend/cann-9.2.0/include/register/op_def.h:19,
                       from /home/w00929470/check0801/ascend/cann-9.2.0/include/register/op_def_registry.h:14,
                       from /home/liz23/flash-linear-attention-npu/fla/ops/ascendc/kda/chunk_kda_fwd_post_wu/op_host/chunk_kda_fwd_post_wu_def.cpp:10:
      /home/w00929470/check0801/ascend/cann-9.2.0/include/external/ge_common/ge_api_types.h:15:122: note: ‘#pragma message: Warning: ge_api_types.h is deprecated and will be removed after 2027-06. Include "ge_common_api_types.h" instead.’
         15 |     "Warning: ge_api_types.h is deprecated and will be removed after 2027-06. Include \"ge_common_api_types.h\" instead.")
            |                                                                                                                          ^
      In file included from /home/w00929470/check0801/ascend/cann-9.2.0/include/external/ge_common/api_error_codes.h:16,
                       from /home/w00929470/check0801/ascend/cann-9.2.0/include/exe_graph/runtime/continuous_vector.h:20,
                       from /home/w00929470/check0801/ascend/cann-9.2.0/include/exe_graph/runtime/runtime_attrs.h:16,
                       from /home/w00929470/check0801/ascend/cann-9.2.0/include/exe_graph/runtime/infer_shape_context.h:16,
                       from /home/w00929470/check0801/ascend/cann-9.2.0/include/register/op_impl_registry.h:19,
                       from /home/w00929470/check0801/ascend/cann-9.2.0/include/register/op_def.h:19,
                       from /home/w00929470/check0801/ascend/cann-9.2.0/include/register/op_def_registry.h:14,
                       from /home/liz23/flash-linear-attention-npu/fla/ops/ascendc/kda/kda_gate_cumsum/op_host/kda_gate_cumsum_def.cpp:8:
      /home/w00929470/check0801/ascend/cann-9.2.0/include/external/ge_common/ge_error_codes.h:15:122: note: ‘#pragma message: Warning: ge_error_codes.h is deprecated and will be removed after 2027-06. Include "graph/error_codes.h" instead.’
         15 |     "Warning: ge_error_codes.h is deprecated and will be removed after 2027-06. Include \"graph/error_codes.h\" instead.")
            |                                                                                                                          ^
      In file included from /home/w00929470/check0801/ascend/cann-9.2.0/include/external/ge_common/api_error_codes.h:16,
                       from /home/w00929470/check0801/ascend/cann-9.2.0/include/exe_graph/runtime/continuous_vector.h:20,
                       from /home/w00929470/check0801/ascend/cann-9.2.0/include/exe_graph/runtime/runtime_attrs.h:16,
                       from /home/w00929470/check0801/ascend/cann-9.2.0/include/exe_graph/runtime/infer_shape_context.h:16,
                       from /home/w00929470/check0801/ascend/cann-9.2.0/include/register/op_impl_registry.h:19,
                       from /home/w00929470/check0801/ascend/cann-9.2.0/include/register/op_def.h:19,
                       from /home/w00929470/check0801/ascend/cann-9.2.0/include/register/op_def_registry.h:14,
                       from /home/liz23/flash-linear-attention-npu/fla/ops/ascendc/kda/chunk_kda_fwd_finalize/op_host/chunk_kda_fwd_finalize_def.cpp:10:
      /home/w00929470/check0801/ascend/cann-9.2.0/include/external/ge_common/ge_error_codes.h:15:122: note: ‘#pragma message: Warning: ge_error_codes.h is deprecated and will be removed after 2027-06. Include "graph/error_codes.h" instead.’
         15 |     "Warning: ge_error_codes.h is deprecated and will be removed after 2027-06. Include \"graph/error_codes.h\" instead.")
            |                                                                                                                          ^
      In file included from /home/w00929470/check0801/ascend/cann-9.2.0/include/external/ge_common/api_error_codes.h:17,
                       from /home/w00929470/check0801/ascend/cann-9.2.0/include/exe_graph/runtime/continuous_vector.h:20,
                       from /home/w00929470/check0801/ascend/cann-9.2.0/include/exe_graph/runtime/runtime_attrs.h:16,
                       from /home/w00929470/check0801/ascend/cann-9.2.0/include/exe_graph/runtime/infer_shape_context.h:16,
                       from /home/w00929470/check0801/ascend/cann-9.2.0/include/register/op_impl_registry.h:19,
                       from /home/w00929470/check0801/ascend/cann-9.2.0/include/register/op_def.h:19,
                       from /home/w00929470/check0801/ascend/cann-9.2.0/include/register/op_def_registry.h:14,
                       from /home/liz23/flash-linear-attention-npu/fla/ops/ascendc/kda/chunk_kda_fwd_finalize/op_host/chunk_kda_fwd_finalize_def.cpp:10:
      /home/w00929470/check0801/ascend/cann-9.2.0/include/external/ge_common/ge_api_types.h:15:122: note: ‘#pragma message: Warning: ge_api_types.h is deprecated and will be removed after 2027-06. Include "ge_common_api_types.h" instead.’
         15 |     "Warning: ge_api_types.h is deprecated and will be removed after 2027-06. Include \"ge_common_api_types.h\" instead.")
            |                                                                                                                          ^
      In file included from /home/w00929470/check0801/ascend/cann-9.2.0/include/external/ge_common/api_error_codes.h:17,
                       from /home/w00929470/check0801/ascend/cann-9.2.0/include/exe_graph/runtime/continuous_vector.h:20,
                       from /home/w00929470/check0801/ascend/cann-9.2.0/include/exe_graph/runtime/runtime_attrs.h:16,
                       from /home/w00929470/check0801/ascend/cann-9.2.0/include/exe_graph/runtime/infer_shape_context.h:16,
                       from /home/w00929470/check0801/ascend/cann-9.2.0/include/register/op_impl_registry.h:19,
                       from /home/w00929470/check0801/ascend/cann-9.2.0/include/register/op_def.h:19,
                       from /home/w00929470/check0801/ascend/cann-9.2.0/include/register/op_def_registry.h:14,
                       from /home/liz23/flash-linear-attention-npu/fla/ops/ascendc/kda/kda_gate_cumsum/op_host/kda_gate_cumsum_def.cpp:8:
      /home/w00929470/check0801/ascend/cann-9.2.0/include/external/ge_common/ge_api_types.h:15:122: note: ‘#pragma message: Warning: ge_api_types.h is deprecated and will be removed after 2027-06. Include "ge_common_api_types.h" instead.’
         15 |     "Warning: ge_api_types.h is deprecated and will be removed after 2027-06. Include \"ge_common_api_types.h\" instead.")
            |                                                                                                                          ^
      In file included from /home/w00929470/check0801/ascend/cann-9.2.0/include/external/ge_common/api_error_codes.h:16,
                       from /home/w00929470/check0801/ascend/cann-9.2.0/include/exe_graph/runtime/continuous_vector.h:20,
                       from /home/w00929470/check0801/ascend/cann-9.2.0/include/exe_graph/runtime/runtime_attrs.h:16,
                       from /home/w00929470/check0801/ascend/cann-9.2.0/include/exe_graph/runtime/infer_shape_context.h:16,
                       from /home/w00929470/check0801/ascend/cann-9.2.0/include/register/op_impl_registry.h:19,
                       from /home/w00929470/check0801/ascend/cann-9.2.0/include/register/op_def.h:19,
                       from /home/w00929470/check0801/ascend/cann-9.2.0/include/register/op_def_registry.h:14,
                       from /home/liz23/flash-linear-attention-npu/fla/ops/ascendc/gdn/chunk_gdn_fwd/solve_tri/op_host/solve_tri_def.cpp:5:
      /home/w00929470/check0801/ascend/cann-9.2.0/include/external/ge_common/ge_error_codes.h:15:122: note: ‘#pragma message: Warning: ge_error_codes.h is deprecated and will be removed after 2027-06. Include "graph/error_codes.h" instead.’
         15 |     "Warning: ge_error_codes.h is deprecated and will be removed after 2027-06. Include \"graph/error_codes.h\" instead.")
            |                                                                                                                          ^
      In file included from /home/w00929470/check0801/ascend/cann-9.2.0/include/external/ge_common/api_error_codes.h:17,
                       from /home/w00929470/check0801/ascend/cann-9.2.0/include/exe_graph/runtime/continuous_vector.h:20,
                       from /home/w00929470/check0801/ascend/cann-9.2.0/include/exe_graph/runtime/runtime_attrs.h:16,
                       from /home/w00929470/check0801/ascend/cann-9.2.0/include/exe_graph/runtime/infer_shape_context.h:16,
                       from /home/w00929470/check0801/ascend/cann-9.2.0/include/register/op_impl_registry.h:19,
                       from /home/w00929470/check0801/ascend/cann-9.2.0/include/register/op_def.h:19,
                       from /home/w00929470/check0801/ascend/cann-9.2.0/include/register/op_def_registry.h:14,
                       from /home/liz23/flash-linear-attention-npu/fla/ops/ascendc/gdn/chunk_gdn_fwd/solve_tri/op_host/solve_tri_def.cpp:5:
      /home/w00929470/check0801/ascend/cann-9.2.0/include/external/ge_common/ge_api_types.h:15:122: note: ‘#pragma message: Warning: ge_api_types.h is deprecated and will be removed after 2027-06. Include "ge_common_api_types.h" instead.’
         15 |     "Warning: ge_api_types.h is deprecated and will be removed after 2027-06. Include \"ge_common_api_types.h\" instead.")
            |                                                                                                                          ^
      In file included from /home/w00929470/check0801/ascend/cann-9.2.0/include/external/ge_common/api_error_codes.h:16,
                       from /home/w00929470/check0801/ascend/cann-9.2.0/include/exe_graph/runtime/continuous_vector.h:20,
                       from /home/w00929470/check0801/ascend/cann-9.2.0/include/exe_graph/runtime/runtime_attrs.h:16,
                       from /home/w00929470/check0801/ascend/cann-9.2.0/include/exe_graph/runtime/infer_shape_context.h:16,
                       from /home/w00929470/check0801/ascend/cann-9.2.0/include/register/op_impl_registry.h:19,
                       from /home/w00929470/check0801/ascend/cann-9.2.0/include/register/op_def.h:19,
                       from /home/w00929470/check0801/ascend/cann-9.2.0/include/register/op_def_registry.h:14,
                       from /home/liz23/flash-linear-attention-npu/fla/ops/ascendc/gdn/chunk_gdn_fwd/chunk_gated_delta_rule_fwd_h/op_host/chunk_gated_delta_rule_fwd_h_def.cpp:15:
      /home/w00929470/check0801/ascend/cann-9.2.0/include/external/ge_common/ge_error_codes.h:15:122: note: ‘#pragma message: Warning: ge_error_codes.h is deprecated and will be removed after 2027-06. Include "graph/error_codes.h" instead.’
         15 |     "Warning: ge_error_codes.h is deprecated and will be removed after 2027-06. Include \"graph/error_codes.h\" instead.")
            |                                                                                                                          ^
      In file included from /home/w00929470/check0801/ascend/cann-9.2.0/include/external/ge_common/api_error_codes.h:16,
                       from /home/w00929470/check0801/ascend/cann-9.2.0/include/exe_graph/runtime/continuous_vector.h:20,
                       from /home/w00929470/check0801/ascend/cann-9.2.0/include/exe_graph/runtime/runtime_attrs.h:16,
                       from /home/w00929470/check0801/ascend/cann-9.2.0/include/exe_graph/runtime/infer_shape_context.h:16,
                       from /home/w00929470/check0801/ascend/cann-9.2.0/include/register/op_impl_registry.h:19,
                       from /home/w00929470/check0801/ascend/cann-9.2.0/include/register/op_def.h:19,
                       from /home/w00929470/check0801/ascend/cann-9.2.0/include/register/op_def_registry.h:14,
                       from /home/liz23/flash-linear-attention-npu/fla/ops/ascendc/gdn/chunk_gdn_fwd/chunk_local_cumsum/op_host/chunk_local_cumsum_def.cpp:16:
      /home/w00929470/check0801/ascend/cann-9.2.0/include/external/ge_common/ge_error_codes.h:15:122: note: ‘#pragma message: Warning: ge_error_codes.h is deprecated and will be removed after 2027-06. Include "graph/error_codes.h" instead.’
         15 |     "Warning: ge_error_codes.h is deprecated and will be removed after 2027-06. Include \"graph/error_codes.h\" instead.")
            |                                                                                                                          ^
      In file included from /home/w00929470/check0801/ascend/cann-9.2.0/include/external/ge_common/api_error_codes.h:17,
                       from /home/w00929470/check0801/ascend/cann-9.2.0/include/exe_graph/runtime/continuous_vector.h:20,
                       from /home/w00929470/check0801/ascend/cann-9.2.0/include/exe_graph/runtime/runtime_attrs.h:16,
                       from /home/w00929470/check0801/ascend/cann-9.2.0/include/exe_graph/runtime/infer_shape_context.h:16,
                       from /home/w00929470/check0801/ascend/cann-9.2.0/include/register/op_impl_registry.h:19,
                       from /home/w00929470/check0801/ascend/cann-9.2.0/include/register/op_def.h:19,
                       from /home/w00929470/check0801/ascend/cann-9.2.0/include/register/op_def_registry.h:14,
                       from /home/liz23/flash-linear-attention-npu/fla/ops/ascendc/gdn/chunk_gdn_fwd/chunk_gated_delta_rule_fwd_h/op_host/chunk_gated_delta_rule_fwd_h_def.cpp:15:
      /home/w00929470/check0801/ascend/cann-9.2.0/include/external/ge_common/ge_api_types.h:15:122: note: ‘#pragma message: Warning: ge_api_types.h is deprecated and will be removed after 2027-06. Include "ge_common_api_types.h" instead.’
         15 |     "Warning: ge_api_types.h is deprecated and will be removed after 2027-06. Include \"ge_common_api_types.h\" instead.")
            |                                                                                                                          ^
      In file included from /home/w00929470/check0801/ascend/cann-9.2.0/include/external/ge_common/api_error_codes.h:17,
                       from /home/w00929470/check0801/ascend/cann-9.2.0/include/exe_graph/runtime/continuous_vector.h:20,
                       from /home/w00929470/check0801/ascend/cann-9.2.0/include/exe_graph/runtime/runtime_attrs.h:16,
                       from /home/w00929470/check0801/ascend/cann-9.2.0/include/exe_graph/runtime/infer_shape_context.h:16,
                       from /home/w00929470/check0801/ascend/cann-9.2.0/include/register/op_impl_registry.h:19,
                       from /home/w00929470/check0801/ascend/cann-9.2.0/include/register/op_def.h:19,
                       from /home/w00929470/check0801/ascend/cann-9.2.0/include/register/op_def_registry.h:14,
                       from /home/liz23/flash-linear-attention-npu/fla/ops/ascendc/gdn/chunk_gdn_fwd/chunk_local_cumsum/op_host/chunk_local_cumsum_def.cpp:16:
      /home/w00929470/check0801/ascend/cann-9.2.0/include/external/ge_common/ge_api_types.h:15:122: note: ‘#pragma message: Warning: ge_api_types.h is deprecated and will be removed after 2027-06. Include "ge_common_api_types.h" instead.’
         15 |     "Warning: ge_api_types.h is deprecated and will be removed after 2027-06. Include \"ge_common_api_types.h\" instead.")
            |                                                                                                                          ^
      In file included from /home/w00929470/check0801/ascend/cann-9.2.0/include/external/ge_common/api_error_codes.h:16,
                       from /home/w00929470/check0801/ascend/cann-9.2.0/include/exe_graph/runtime/continuous_vector.h:20,
                       from /home/w00929470/check0801/ascend/cann-9.2.0/include/exe_graph/runtime/runtime_attrs.h:16,
                       from /home/w00929470/check0801/ascend/cann-9.2.0/include/exe_graph/runtime/infer_shape_context.h:16,
                       from /home/w00929470/check0801/ascend/cann-9.2.0/include/register/op_impl_registry.h:19,
                       from /home/w00929470/check0801/ascend/cann-9.2.0/include/register/op_def.h:19,
                       from /home/w00929470/check0801/ascend/cann-9.2.0/include/register/op_def_registry.h:14,
                       from /home/liz23/flash-linear-attention-npu/fla/ops/ascendc/gdn/gdn_preprocess/causal_conv1d/op_host/causal_conv1d_def.cpp:14:
      /home/w00929470/check0801/ascend/cann-9.2.0/include/external/ge_common/ge_error_codes.h:15:122: note: ‘#pragma message: Warning: ge_error_codes.h is deprecated and will be removed after 2027-06. Include "graph/error_codes.h" instead.’
         15 |     "Warning: ge_error_codes.h is deprecated and will be removed after 2027-06. Include \"graph/error_codes.h\" instead.")
            |                                                                                                                          ^
      In file included from /home/w00929470/check0801/ascend/cann-9.2.0/include/external/ge_common/api_error_codes.h:17,
                       from /home/w00929470/check0801/ascend/cann-9.2.0/include/exe_graph/runtime/continuous_vector.h:20,
                       from /home/w00929470/check0801/ascend/cann-9.2.0/include/exe_graph/runtime/runtime_attrs.h:16,
                       from /home/w00929470/check0801/ascend/cann-9.2.0/include/exe_graph/runtime/infer_shape_context.h:16,
                       from /home/w00929470/check0801/ascend/cann-9.2.0/include/register/op_impl_registry.h:19,
                       from /home/w00929470/check0801/ascend/cann-9.2.0/include/register/op_def.h:19,
                       from /home/w00929470/check0801/ascend/cann-9.2.0/include/register/op_def_registry.h:14,
                       from /home/liz23/flash-linear-attention-npu/fla/ops/ascendc/gdn/gdn_preprocess/causal_conv1d/op_host/causal_conv1d_def.cpp:14:
      /home/w00929470/check0801/ascend/cann-9.2.0/include/external/ge_common/ge_api_types.h:15:122: note: ‘#pragma message: Warning: ge_api_types.h is deprecated and will be removed after 2027-06. Include "ge_common_api_types.h" instead.’
         15 |     "Warning: ge_api_types.h is deprecated and will be removed after 2027-06. Include \"ge_common_api_types.h\" instead.")
            |                                                                                                                          ^
      In file included from /home/w00929470/check0801/ascend/cann-9.2.0/include/external/ge_common/api_error_codes.h:16,
                       from /home/w00929470/check0801/ascend/cann-9.2.0/include/exe_graph/runtime/continuous_vector.h:20,
                       from /home/w00929470/check0801/ascend/cann-9.2.0/include/exe_graph/runtime/runtime_attrs.h:16,
                       from /home/w00929470/check0801/ascend/cann-9.2.0/include/exe_graph/runtime/infer_shape_context.h:16,
                       from /home/w00929470/check0801/ascend/cann-9.2.0/include/register/op_impl_registry.h:19,
                       from /home/w00929470/check0801/ascend/cann-9.2.0/include/register/op_def.h:19,
                       from /home/w00929470/check0801/ascend/cann-9.2.0/include/register/op_def_registry.h:14,
                       from /home/liz23/flash-linear-attention-npu/fla/ops/ascendc/gdn/gdn_preprocess/causal_conv1d_bwd/op_host/causal_conv1d_bwd_def.cpp:15:
      /home/w00929470/check0801/ascend/cann-9.2.0/include/external/ge_common/ge_error_codes.h:15:122: note: ‘#pragma message: Warning: ge_error_codes.h is deprecated and will be removed after 2027-06. Include "graph/error_codes.h" instead.’
         15 |     "Warning: ge_error_codes.h is deprecated and will be removed after 2027-06. Include \"graph/error_codes.h\" instead.")
            |                                                                                                                          ^
      In file included from /home/w00929470/check0801/ascend/cann-9.2.0/include/external/ge_common/api_error_codes.h:17,
                       from /home/w00929470/check0801/ascend/cann-9.2.0/include/exe_graph/runtime/continuous_vector.h:20,
                       from /home/w00929470/check0801/ascend/cann-9.2.0/include/exe_graph/runtime/runtime_attrs.h:16,
                       from /home/w00929470/check0801/ascend/cann-9.2.0/include/exe_graph/runtime/infer_shape_context.h:16,
                       from /home/w00929470/check0801/ascend/cann-9.2.0/include/register/op_impl_registry.h:19,
                       from /home/w00929470/check0801/ascend/cann-9.2.0/include/register/op_def.h:19,
                       from /home/w00929470/check0801/ascend/cann-9.2.0/include/register/op_def_registry.h:14,
                       from /home/liz23/flash-linear-attention-npu/fla/ops/ascendc/gdn/gdn_preprocess/causal_conv1d_bwd/op_host/causal_conv1d_bwd_def.cpp:15:
      /home/w00929470/check0801/ascend/cann-9.2.0/include/external/ge_common/ge_api_types.h:15:122: note: ‘#pragma message: Warning: ge_api_types.h is deprecated and will be removed after 2027-06. Include "ge_common_api_types.h" instead.’
         15 |     "Warning: ge_api_types.h is deprecated and will be removed after 2027-06. Include \"ge_common_api_types.h\" instead.")
            |                                                                                                                          ^
      In file included from /home/w00929470/check0801/ascend/cann-9.2.0/include/external/ge_common/api_error_codes.h:16,
                       from /home/w00929470/check0801/ascend/cann-9.2.0/include/exe_graph/runtime/continuous_vector.h:20,
                       from /home/w00929470/check0801/ascend/cann-9.2.0/include/exe_graph/runtime/runtime_attrs.h:16,
                       from /home/w00929470/check0801/ascend/cann-9.2.0/include/exe_graph/runtime/infer_shape_context.h:16,
                       from /home/w00929470/check0801/ascend/cann-9.2.0/include/register/op_impl_registry.h:19,
                       from /home/w00929470/check0801/ascend/cann-9.2.0/include/register/op_def.h:19,
                       from /home/w00929470/check0801/ascend/cann-9.2.0/include/register/op_def_registry.h:14,
                       from /home/liz23/flash-linear-attention-npu/fla/ops/ascendc/gdn/chunk_gdn_bwd/prepare_wy_repr_bwd_full/op_host/prepare_wy_repr_bwd_full_def.cpp:15:
      /home/w00929470/check0801/ascend/cann-9.2.0/include/external/ge_common/ge_error_codes.h:15:122: note: ‘#pragma message: Warning: ge_error_codes.h is deprecated and will be removed after 2027-06. Include "graph/error_codes.h" instead.’
         15 |     "Warning: ge_error_codes.h is deprecated and will be removed after 2027-06. Include \"graph/error_codes.h\" instead.")
            |                                                                                                                          ^
      In file included from /home/w00929470/check0801/ascend/cann-9.2.0/include/external/ge_common/api_error_codes.h:17,
                       from /home/w00929470/check0801/ascend/cann-9.2.0/include/exe_graph/runtime/continuous_vector.h:20,
                       from /home/w00929470/check0801/ascend/cann-9.2.0/include/exe_graph/runtime/runtime_attrs.h:16,
                       from /home/w00929470/check0801/ascend/cann-9.2.0/include/exe_graph/runtime/infer_shape_context.h:16,
                       from /home/w00929470/check0801/ascend/cann-9.2.0/include/register/op_impl_registry.h:19,
                       from /home/w00929470/check0801/ascend/cann-9.2.0/include/register/op_def.h:19,
                       from /home/w00929470/check0801/ascend/cann-9.2.0/include/register/op_def_registry.h:14,
                       from /home/liz23/flash-linear-attention-npu/fla/ops/ascendc/gdn/chunk_gdn_bwd/prepare_wy_repr_bwd_full/op_host/prepare_wy_repr_bwd_full_def.cpp:15:
      /home/w00929470/check0801/ascend/cann-9.2.0/include/external/ge_common/ge_api_types.h:15:122: note: ‘#pragma message: Warning: ge_api_types.h is deprecated and will be removed after 2027-06. Include "ge_common_api_types.h" instead.’
         15 |     "Warning: ge_api_types.h is deprecated and will be removed after 2027-06. Include \"ge_common_api_types.h\" instead.")
            |                                                                                                                          ^
      In file included from /home/w00929470/check0801/ascend/cann-9.2.0/include/external/ge_common/api_error_codes.h:16,
                       from /home/w00929470/check0801/ascend/cann-9.2.0/include/exe_graph/runtime/continuous_vector.h:20,
                       from /home/w00929470/check0801/ascend/cann-9.2.0/include/exe_graph/runtime/runtime_attrs.h:16,
                       from /home/w00929470/check0801/ascend/cann-9.2.0/include/exe_graph/runtime/infer_shape_context.h:16,
                       from /home/w00929470/check0801/ascend/cann-9.2.0/include/register/op_impl_registry.h:19,
                       from /home/w00929470/check0801/ascend/cann-9.2.0/include/register/op_def.h:19,
                       from /home/w00929470/check0801/ascend/cann-9.2.0/include/register/op_def_registry.h:14,
                       from /home/liz23/flash-linear-attention-npu/fla/ops/ascendc/kda/chunk_kda_fwd_prepare/op_host/chunk_kda_fwd_prepare_def.cpp:10:
      /home/w00929470/check0801/ascend/cann-9.2.0/include/external/ge_common/ge_error_codes.h:15:122: note: ‘#pragma message: Warning: ge_error_codes.h is deprecated and will be removed after 2027-06. Include "graph/error_codes.h" instead.’
         15 |     "Warning: ge_error_codes.h is deprecated and will be removed after 2027-06. Include \"graph/error_codes.h\" instead.")
            |                                                                                                                          ^
      In file included from /home/w00929470/check0801/ascend/cann-9.2.0/include/external/ge_common/api_error_codes.h:17,
                       from /home/w00929470/check0801/ascend/cann-9.2.0/include/exe_graph/runtime/continuous_vector.h:20,
                       from /home/w00929470/check0801/ascend/cann-9.2.0/include/exe_graph/runtime/runtime_attrs.h:16,
                       from /home/w00929470/check0801/ascend/cann-9.2.0/include/exe_graph/runtime/infer_shape_context.h:16,
                       from /home/w00929470/check0801/ascend/cann-9.2.0/include/register/op_impl_registry.h:19,
                       from /home/w00929470/check0801/ascend/cann-9.2.0/include/register/op_def.h:19,
                       from /home/w00929470/check0801/ascend/cann-9.2.0/include/register/op_def_registry.h:14,
                       from /home/liz23/flash-linear-attention-npu/fla/ops/ascendc/kda/chunk_kda_fwd_prepare/op_host/chunk_kda_fwd_prepare_def.cpp:10:
      /home/w00929470/check0801/ascend/cann-9.2.0/include/external/ge_common/ge_api_types.h:15:122: note: ‘#pragma message: Warning: ge_api_types.h is deprecated and will be removed after 2027-06. Include "ge_common_api_types.h" instead.’
         15 |     "Warning: ge_api_types.h is deprecated and will be removed after 2027-06. Include \"ge_common_api_types.h\" instead.")
            |                                                                                                                          ^
      In file included from /home/w00929470/check0801/ascend/cann-9.2.0/include/external/ge_common/api_error_codes.h:16,
                       from /home/w00929470/check0801/ascend/cann-9.2.0/include/exe_graph/runtime/continuous_vector.h:20,
                       from /home/w00929470/check0801/ascend/cann-9.2.0/include/exe_graph/runtime/runtime_attrs.h:16,
                       from /home/w00929470/check0801/ascend/cann-9.2.0/include/exe_graph/runtime/infer_shape_context.h:16,
                       from /home/w00929470/check0801/ascend/cann-9.2.0/include/register/op_impl_registry.h:19,
                       from /home/w00929470/check0801/ascend/cann-9.2.0/include/register/op_def.h:19,
                       from /home/w00929470/check0801/ascend/cann-9.2.0/include/register/op_def_registry.h:14,
                       from /home/liz23/flash-linear-attention-npu/fla/ops/ascendc/gdn/chunk_gdn_bwd/prepare_wy_repr_bwd_da/op_host/prepare_wy_repr_bwd_da_def.cpp:15:
      /home/w00929470/check0801/ascend/cann-9.2.0/include/external/ge_common/ge_error_codes.h:15:122: note: ‘#pragma message: Warning: ge_error_codes.h is deprecated and will be removed after 2027-06. Include "graph/error_codes.h" instead.’
         15 |     "Warning: ge_error_codes.h is deprecated and will be removed after 2027-06. Include \"graph/error_codes.h\" instead.")
            |                                                                                                                          ^
      In file included from /home/w00929470/check0801/ascend/cann-9.2.0/include/external/ge_common/api_error_codes.h:16,
                       from /home/w00929470/check0801/ascend/cann-9.2.0/include/exe_graph/runtime/continuous_vector.h:20,
                       from /home/w00929470/check0801/ascend/cann-9.2.0/include/exe_graph/runtime/runtime_attrs.h:16,
                       from /home/w00929470/check0801/ascend/cann-9.2.0/include/exe_graph/runtime/infer_shape_context.h:16,
                       from /home/w00929470/check0801/ascend/cann-9.2.0/include/register/op_impl_registry.h:19,
                       from /home/w00929470/check0801/ascend/cann-9.2.0/include/register/op_def.h:19,
                       from /home/w00929470/check0801/ascend/cann-9.2.0/include/register/op_def_registry.h:14,
                       from /home/liz23/flash-linear-attention-npu/fla/ops/ascendc/gdn/chunk_gdn_bwd/chunk_bwd_dv_local/op_host/chunk_bwd_dv_local_def.cpp:15:
      /home/w00929470/check0801/ascend/cann-9.2.0/include/external/ge_common/ge_error_codes.h:15:122: note: ‘#pragma message: Warning: ge_error_codes.h is deprecated and will be removed after 2027-06. Include "graph/error_codes.h" instead.’
         15 |     "Warning: ge_error_codes.h is deprecated and will be removed after 2027-06. Include \"graph/error_codes.h\" instead.")
            |                                                                                                                          ^
      In file included from /home/w00929470/check0801/ascend/cann-9.2.0/include/external/ge_common/api_error_codes.h:17,
                       from /home/w00929470/check0801/ascend/cann-9.2.0/include/exe_graph/runtime/continuous_vector.h:20,
                       from /home/w00929470/check0801/ascend/cann-9.2.0/include/exe_graph/runtime/runtime_attrs.h:16,
                       from /home/w00929470/check0801/ascend/cann-9.2.0/include/exe_graph/runtime/infer_shape_context.h:16,
                       from /home/w00929470/check0801/ascend/cann-9.2.0/include/register/op_impl_registry.h:19,
                       from /home/w00929470/check0801/ascend/cann-9.2.0/include/register/op_def.h:19,
                       from /home/w00929470/check0801/ascend/cann-9.2.0/include/register/op_def_registry.h:14,
                       from /home/liz23/flash-linear-attention-npu/fla/ops/ascendc/gdn/chunk_gdn_bwd/prepare_wy_repr_bwd_da/op_host/prepare_wy_repr_bwd_da_def.cpp:15:
      /home/w00929470/check0801/ascend/cann-9.2.0/include/external/ge_common/ge_api_types.h:15:122: note: ‘#pragma message: Warning: ge_api_types.h is deprecated and will be removed after 2027-06. Include "ge_common_api_types.h" instead.’
         15 |     "Warning: ge_api_types.h is deprecated and will be removed after 2027-06. Include \"ge_common_api_types.h\" instead.")
            |                                                                                                                          ^
      In file included from /home/w00929470/check0801/ascend/cann-9.2.0/include/external/ge_common/api_error_codes.h:17,
                       from /home/w00929470/check0801/ascend/cann-9.2.0/include/exe_graph/runtime/continuous_vector.h:20,
                       from /home/w00929470/check0801/ascend/cann-9.2.0/include/exe_graph/runtime/runtime_attrs.h:16,
                       from /home/w00929470/check0801/ascend/cann-9.2.0/include/exe_graph/runtime/infer_shape_context.h:16,
                       from /home/w00929470/check0801/ascend/cann-9.2.0/include/register/op_impl_registry.h:19,
                       from /home/w00929470/check0801/ascend/cann-9.2.0/include/register/op_def.h:19,
                       from /home/w00929470/check0801/ascend/cann-9.2.0/include/register/op_def_registry.h:14,
                       from /home/liz23/flash-linear-attention-npu/fla/ops/ascendc/gdn/chunk_gdn_bwd/chunk_bwd_dv_local/op_host/chunk_bwd_dv_local_def.cpp:15:
      /home/w00929470/check0801/ascend/cann-9.2.0/include/external/ge_common/ge_api_types.h:15:122: note: ‘#pragma message: Warning: ge_api_types.h is deprecated and will be removed after 2027-06. Include "ge_common_api_types.h" instead.’
         15 |     "Warning: ge_api_types.h is deprecated and will be removed after 2027-06. Include \"ge_common_api_types.h\" instead.")
            |                                                                                                                          ^
      In file included from /home/w00929470/check0801/ascend/cann-9.2.0/include/external/ge_common/api_error_codes.h:16,
                       from /home/w00929470/check0801/ascend/cann-9.2.0/include/exe_graph/runtime/continuous_vector.h:20,
                       from /home/w00929470/check0801/ascend/cann-9.2.0/include/exe_graph/runtime/runtime_attrs.h:16,
                       from /home/w00929470/check0801/ascend/cann-9.2.0/include/exe_graph/runtime/infer_shape_context.h:16,
                       from /home/w00929470/check0801/ascend/cann-9.2.0/include/register/op_impl_registry.h:19,
                       from /home/w00929470/check0801/ascend/cann-9.2.0/include/register/op_def.h:19,
                       from /home/w00929470/check0801/ascend/cann-9.2.0/include/register/op_def_registry.h:14,
                       from /home/liz23/flash-linear-attention-npu/fla/ops/ascendc/gdn/chunk_gdn_fwd/recompute_w_u_fwd/op_host/recompute_wu_fwd_def.cpp:15:
      /home/w00929470/check0801/ascend/cann-9.2.0/include/external/ge_common/ge_error_codes.h:15:122: note: ‘#pragma message: Warning: ge_error_codes.h is deprecated and will be removed after 2027-06. Include "graph/error_codes.h" instead.’
         15 |     "Warning: ge_error_codes.h is deprecated and will be removed after 2027-06. Include \"graph/error_codes.h\" instead.")
            |                                                                                                                          ^
      In file included from /home/w00929470/check0801/ascend/cann-9.2.0/include/external/ge_common/api_error_codes.h:17,
                       from /home/w00929470/check0801/ascend/cann-9.2.0/include/exe_graph/runtime/continuous_vector.h:20,
                       from /home/w00929470/check0801/ascend/cann-9.2.0/include/exe_graph/runtime/runtime_attrs.h:16,
                       from /home/w00929470/check0801/ascend/cann-9.2.0/include/exe_graph/runtime/infer_shape_context.h:16,
                       from /home/w00929470/check0801/ascend/cann-9.2.0/include/register/op_impl_registry.h:19,
                       from /home/w00929470/check0801/ascend/cann-9.2.0/include/register/op_def.h:19,
                       from /home/w00929470/check0801/ascend/cann-9.2.0/include/register/op_def_registry.h:14,
                       from /home/liz23/flash-linear-attention-npu/fla/ops/ascendc/gdn/chunk_gdn_fwd/recompute_w_u_fwd/op_host/recompute_wu_fwd_def.cpp:15:
      /home/w00929470/check0801/ascend/cann-9.2.0/include/external/ge_common/ge_api_types.h:15:122: note: ‘#pragma message: Warning: ge_api_types.h is deprecated and will be removed after 2027-06. Include "ge_common_api_types.h" instead.’
         15 |     "Warning: ge_api_types.h is deprecated and will be removed after 2027-06. Include \"ge_common_api_types.h\" instead.")
            |                                                                                                                          ^
      In file included from /home/w00929470/check0801/ascend/cann-9.2.0/include/external/ge_common/api_error_codes.h:16,
                       from /home/w00929470/check0801/ascend/cann-9.2.0/include/exe_graph/runtime/continuous_vector.h:20,
                       from /home/w00929470/check0801/ascend/cann-9.2.0/include/exe_graph/runtime/runtime_attrs.h:16,
                       from /home/w00929470/check0801/ascend/cann-9.2.0/include/exe_graph/runtime/infer_shape_context.h:16,
                       from /home/w00929470/check0801/ascend/cann-9.2.0/include/register/op_impl_registry.h:19,
                       from /home/w00929470/check0801/ascend/cann-9.2.0/include/register/op_def.h:19,
                       from /home/w00929470/check0801/ascend/cann-9.2.0/include/register/op_def_registry.h:14,
                       from /home/liz23/flash-linear-attention-npu/fla/ops/ascendc/gdn/chunk_gdn_bwd/chunk_bwd_dqkwg/op_host/chunk_bwd_dqkwg_def.cpp:22:
      /home/w00929470/check0801/ascend/cann-9.2.0/include/external/ge_common/ge_error_codes.h:15:122: note: ‘#pragma message: Warning: ge_error_codes.h is deprecated and will be removed after 2027-06. Include "graph/error_codes.h" instead.’
         15 |     "Warning: ge_error_codes.h is deprecated and will be removed after 2027-06. Include \"graph/error_codes.h\" instead.")
            |                                                                                                                          ^
      In file included from /home/w00929470/check0801/ascend/cann-9.2.0/include/external/ge_common/api_error_codes.h:17,
                       from /home/w00929470/check0801/ascend/cann-9.2.0/include/exe_graph/runtime/continuous_vector.h:20,
                       from /home/w00929470/check0801/ascend/cann-9.2.0/include/exe_graph/runtime/runtime_attrs.h:16,
                       from /home/w00929470/check0801/ascend/cann-9.2.0/include/exe_graph/runtime/infer_shape_context.h:16,
                       from /home/w00929470/check0801/ascend/cann-9.2.0/include/register/op_impl_registry.h:19,
                       from /home/w00929470/check0801/ascend/cann-9.2.0/include/register/op_def.h:19,
                       from /home/w00929470/check0801/ascend/cann-9.2.0/include/register/op_def_registry.h:14,
                       from /home/liz23/flash-linear-attention-npu/fla/ops/ascendc/gdn/chunk_gdn_bwd/chunk_bwd_dqkwg/op_host/chunk_bwd_dqkwg_def.cpp:22:
      /home/w00929470/check0801/ascend/cann-9.2.0/include/external/ge_common/ge_api_types.h:15:122: note: ‘#pragma message: Warning: ge_api_types.h is deprecated and will be removed after 2027-06. Include "ge_common_api_types.h" instead.’
         15 |     "Warning: ge_api_types.h is deprecated and will be removed after 2027-06. Include \"ge_common_api_types.h\" instead.")
            |                                                                                                                          ^
      In file included from /home/w00929470/check0801/ascend/cann-9.2.0/include/external/ge_common/api_error_codes.h:16,
                       from /home/w00929470/check0801/ascend/cann-9.2.0/include/exe_graph/runtime/continuous_vector.h:20,
                       from /home/w00929470/check0801/ascend/cann-9.2.0/include/exe_graph/runtime/runtime_attrs.h:16,
                       from /home/w00929470/check0801/ascend/cann-9.2.0/include/exe_graph/runtime/infer_shape_context.h:16,
                       from /home/w00929470/check0801/ascend/cann-9.2.0/include/register/op_impl_registry.h:19,
                       from /home/w00929470/check0801/ascend/cann-9.2.0/include/register/op_def.h:19,
                       from /home/w00929470/check0801/ascend/cann-9.2.0/include/register/op_def_registry.h:14,
                       from /home/liz23/flash-linear-attention-npu/fla/ops/ascendc/gdn/chunk_gdn_fwd/chunk_scaled_dot_kkt/op_host/chunk_scaled_dot_kkt_def.cpp:1:
      /home/w00929470/check0801/ascend/cann-9.2.0/include/external/ge_common/ge_error_codes.h:15:122: note: ‘#pragma message: Warning: ge_error_codes.h is deprecated and will be removed after 2027-06. Include "graph/error_codes.h" instead.’
         15 |     "Warning: ge_error_codes.h is deprecated and will be removed after 2027-06. Include \"graph/error_codes.h\" instead.")
            |                                                                                                                          ^
      In file included from /home/w00929470/check0801/ascend/cann-9.2.0/include/external/ge_common/api_error_codes.h:17,
                       from /home/w00929470/check0801/ascend/cann-9.2.0/include/exe_graph/runtime/continuous_vector.h:20,
                       from /home/w00929470/check0801/ascend/cann-9.2.0/include/exe_graph/runtime/runtime_attrs.h:16,
                       from /home/w00929470/check0801/ascend/cann-9.2.0/include/exe_graph/runtime/infer_shape_context.h:16,
                       from /home/w00929470/check0801/ascend/cann-9.2.0/include/register/op_impl_registry.h:19,
                       from /home/w00929470/check0801/ascend/cann-9.2.0/include/register/op_def.h:19,
                       from /home/w00929470/check0801/ascend/cann-9.2.0/include/register/op_def_registry.h:14,
                       from /home/liz23/flash-linear-attention-npu/fla/ops/ascendc/gdn/chunk_gdn_fwd/chunk_scaled_dot_kkt/op_host/chunk_scaled_dot_kkt_def.cpp:1:
      /home/w00929470/check0801/ascend/cann-9.2.0/include/external/ge_common/ge_api_types.h:15:122: note: ‘#pragma message: Warning: ge_api_types.h is deprecated and will be removed after 2027-06. Include "ge_common_api_types.h" instead.’
         15 |     "Warning: ge_api_types.h is deprecated and will be removed after 2027-06. Include \"ge_common_api_types.h\" instead.")
            |                                                                                                                          ^
      In file included from /home/w00929470/check0801/ascend/cann-9.2.0/include/external/ge_common/api_error_codes.h:16,
                       from /home/w00929470/check0801/ascend/cann-9.2.0/include/exe_graph/runtime/continuous_vector.h:20,
                       from /home/w00929470/check0801/ascend/cann-9.2.0/include/exe_graph/runtime/runtime_attrs.h:16,
                       from /home/w00929470/check0801/ascend/cann-9.2.0/include/exe_graph/runtime/infer_shape_context.h:16,
                       from /home/w00929470/check0801/ascend/cann-9.2.0/include/register/op_impl_registry.h:19,
                       from /home/w00929470/check0801/ascend/cann-9.2.0/include/register/op_def.h:19,
                       from /home/w00929470/check0801/ascend/cann-9.2.0/include/register/op_def_registry.h:14,
                       from /home/liz23/flash-linear-attention-npu/fla/ops/ascendc/kda/chunk_kda_bwd_intra/op_host/chunk_kda_bwd_intra_def.cpp:5:
      /home/w00929470/check0801/ascend/cann-9.2.0/include/external/ge_common/ge_error_codes.h:15:122: note: ‘#pragma message: Warning: ge_error_codes.h is deprecated and will be removed after 2027-06. Include "graph/error_codes.h" instead.’
         15 |     "Warning: ge_error_codes.h is deprecated and will be removed after 2027-06. Include \"graph/error_codes.h\" instead.")
            |                                                                                                                          ^
      In file included from /home/w00929470/check0801/ascend/cann-9.2.0/include/external/ge_common/api_error_codes.h:17,
                       from /home/w00929470/check0801/ascend/cann-9.2.0/include/exe_graph/runtime/continuous_vector.h:20,
                       from /home/w00929470/check0801/ascend/cann-9.2.0/include/exe_graph/runtime/runtime_attrs.h:16,
                       from /home/w00929470/check0801/ascend/cann-9.2.0/include/exe_graph/runtime/infer_shape_context.h:16,
                       from /home/w00929470/check0801/ascend/cann-9.2.0/include/register/op_impl_registry.h:19,
                       from /home/w00929470/check0801/ascend/cann-9.2.0/include/register/op_def.h:19,
                       from /home/w00929470/check0801/ascend/cann-9.2.0/include/register/op_def_registry.h:14,
                       from /home/liz23/flash-linear-attention-npu/fla/ops/ascendc/kda/chunk_kda_bwd_intra/op_host/chunk_kda_bwd_intra_def.cpp:5:
      /home/w00929470/check0801/ascend/cann-9.2.0/include/external/ge_common/ge_api_types.h:15:122: note: ‘#pragma message: Warning: ge_api_types.h is deprecated and will be removed after 2027-06. Include "ge_common_api_types.h" instead.’
         15 |     "Warning: ge_api_types.h is deprecated and will be removed after 2027-06. Include \"ge_common_api_types.h\" instead.")
            |                                                                                                                          ^
      In file included from /home/w00929470/check0801/ascend/cann-9.2.0/include/external/ge_common/api_error_codes.h:16,
                       from /home/w00929470/check0801/ascend/cann-9.2.0/include/exe_graph/runtime/continuous_vector.h:20,
                       from /home/w00929470/check0801/ascend/cann-9.2.0/include/exe_graph/runtime/runtime_attrs.h:16,
                       from /home/w00929470/check0801/ascend/cann-9.2.0/include/exe_graph/runtime/infer_shape_context.h:16,
                       from /home/w00929470/check0801/ascend/cann-9.2.0/include/register/op_impl_registry.h:19,
                       from /home/w00929470/check0801/ascend/cann-9.2.0/include/register/op_def.h:19,
                       from /home/w00929470/check0801/ascend/cann-9.2.0/include/register/op_def_registry.h:14,
                       from /home/liz23/flash-linear-attention-npu/fla/ops/ascendc/kda/chunk_kda_fwd/op_host/chunk_kda_fwd_def.cpp:10:
      /home/w00929470/check0801/ascend/cann-9.2.0/include/external/ge_common/ge_error_codes.h:15:122: note: ‘#pragma message: Warning: ge_error_codes.h is deprecated and will be removed after 2027-06. Include "graph/error_codes.h" instead.’
         15 |     "Warning: ge_error_codes.h is deprecated and will be removed after 2027-06. Include \"graph/error_codes.h\" instead.")
            |                                                                                                                          ^
      In file included from /home/w00929470/check0801/ascend/cann-9.2.0/include/external/ge_common/api_error_codes.h:17,
                       from /home/w00929470/check0801/ascend/cann-9.2.0/include/exe_graph/runtime/continuous_vector.h:20,
                       from /home/w00929470/check0801/ascend/cann-9.2.0/include/exe_graph/runtime/runtime_attrs.h:16,
                       from /home/w00929470/check0801/ascend/cann-9.2.0/include/exe_graph/runtime/infer_shape_context.h:16,
                       from /home/w00929470/check0801/ascend/cann-9.2.0/include/register/op_impl_registry.h:19,
                       from /home/w00929470/check0801/ascend/cann-9.2.0/include/register/op_def.h:19,
                       from /home/w00929470/check0801/ascend/cann-9.2.0/include/register/op_def_registry.h:14,
                       from /home/liz23/flash-linear-attention-npu/fla/ops/ascendc/kda/chunk_kda_fwd/op_host/chunk_kda_fwd_def.cpp:10:
      /home/w00929470/check0801/ascend/cann-9.2.0/include/external/ge_common/ge_api_types.h:15:122: note: ‘#pragma message: Warning: ge_api_types.h is deprecated and will be removed after 2027-06. Include "ge_common_api_types.h" instead.’
         15 |     "Warning: ge_api_types.h is deprecated and will be removed after 2027-06. Include \"ge_common_api_types.h\" instead.")
            |                                                                                                                          ^
      /home/liz23/flash-linear-attention-npu/fla/ops/ascendc/kda/chunk_kda_fwd_post_wu/op_host/chunk_kda_fwd_post_wu_def.cpp: In constructor ‘ops::ChunkKdaFwdPostWu::ChunkKdaFwdPostWu(const char*)’:
      /home/liz23/flash-linear-attention-npu/fla/ops/ascendc/kda/chunk_kda_fwd_post_wu/op_host/chunk_kda_fwd_post_wu_def.cpp:25:51: warning: unused variable ‘betaTypes’ [-Wunused-variable]
         25 |         const std::initializer_list<ge::DataType> betaTypes = {
            |                                                   ^~~~~~~~~
      /home/liz23/flash-linear-attention-npu/fla/ops/ascendc/kda/chunk_kda_fwd_post_wu/op_host/chunk_kda_fwd_post_wu_def.cpp:29:51: warning: unused variable ‘stateTypes’ [-Wunused-variable]
         29 |         const std::initializer_list<ge::DataType> stateTypes = {
            |                                                   ^~~~~~~~~~
      /home/liz23/flash-linear-attention-npu/fla/ops/ascendc/kda/chunk_kda_fwd_finalize/op_host/chunk_kda_fwd_finalize_def.cpp: In constructor ‘ops::ChunkKdaFwdFinalize::ChunkKdaFwdFinalize(const char*)’:
      /home/liz23/flash-linear-attention-npu/fla/ops/ascendc/kda/chunk_kda_fwd_finalize/op_host/chunk_kda_fwd_finalize_def.cpp:21:51: warning: unused variable ‘gateTypes’ [-Wunused-variable]
         21 |         const std::initializer_list<ge::DataType> gateTypes = {
            |                                                   ^~~~~~~~~
      /home/liz23/flash-linear-attention-npu/fla/ops/ascendc/kda/chunk_kda_fwd_finalize/op_host/chunk_kda_fwd_finalize_def.cpp:25:51: warning: unused variable ‘betaTypes’ [-Wunused-variable]
         25 |         const std::initializer_list<ge::DataType> betaTypes = {
            |                                                   ^~~~~~~~~
      /home/liz23/flash-linear-attention-npu/fla/ops/ascendc/kda/chunk_kda_fwd_finalize/op_host/chunk_kda_fwd_finalize_def.cpp:29:51: warning: unused variable ‘stateTypes’ [-Wunused-variable]
         29 |         const std::initializer_list<ge::DataType> stateTypes = {
            |                                                   ^~~~~~~~~~
      /home/liz23/flash-linear-attention-npu/fla/ops/ascendc/kda/chunk_kda_fwd_prepare/op_host/chunk_kda_fwd_prepare_def.cpp: In constructor ‘ops::ChunkKdaFwdPrepare::ChunkKdaFwdPrepare(const char*)’:
      /home/liz23/flash-linear-attention-npu/fla/ops/ascendc/kda/chunk_kda_fwd_prepare/op_host/chunk_kda_fwd_prepare_def.cpp:29:51: warning: unused variable ‘stateTypes’ [-Wunused-variable]
         29 |         const std::initializer_list<ge::DataType> stateTypes = {
            |                                                   ^~~~~~~~~~
      json found in /home/liz23/flash-linear-attention-npu/third_party/json, and not force rebuild cann third_party
      5 16:25:27] D       include/nnopbase/aclnn/acl_meta.h
      [2026-08-05 16:25:27] D     include/nnopbase/aclnn/aclnn_base.h
      [2026-08-05 16:25:27] D     include/nnopbase/opdev/aicpu/aicpu_any_value.h
      [2026-08-05 16:25:27] D     include/nnopbase/opdev/aicpu/aicpu_args_handler.h
      [2026-08-05 16:25:27] D     include/nnopbase/opdev/aicpu/aicpu_ext_info_handle.h
      [2026-08-05 16:25:27] D     include/nnopbase/opdev/aicpu/aicpu_kernel_launcher.h
      [2026-08-05 16:25:27] D     include/nnopbase/opdev/aicpu/aicpu_task.h
      [2026-08-05 16:25:27] D     include/nnopbase/opdev/aicpu/aicpu_uitls.h
      [2026-08-05 16:25:27] D     include/nnopbase/opdev/bfloat16.h
      [2026-08-05 16:25:27] D     include/nnopbase/opdev/common_types.h
      [2026-08-05 16:25:27] D     include/nnopbase/opdev/data_type_utils.h
      [2026-08-05 16:25:27] D     include/nnopbase/opdev/fast_vector.h
      [2026-08-05 16:25:27] D     include/nnopbase/opdev/format_utils.h
      [2026-08-05 16:25:27] D     include/nnopbase/opdev/fp16_t.h
      [2026-08-05 16:25:27] D     include/nnopbase/opdev/framework_op.h
      [2026-08-05 16:25:27] D     include/nnopbase/opdev/make_op_executor.h
      [2026-08-05 16:25:27] D     include/nnopbase/opdev/object.h
      [2026-08-05 16:25:27] D     include/nnopbase/opdev/op_arg_def.h
      [2026-08-05 16:25:27] D     include/nnopbase/opdev/op_cache.h
      [2026-08-05 16:25:27] D     include/nnopbase/opdev/op_cache_container.h
      [2026-08-05 16:25:27] D     include/nnopbase/opdev/op_common/data_type_utils.h
      [2026-08-05 16:25:27] D     include/nnopbase/opdev/op_config.h
      [2026-08-05 16:25:27] D     include/nnopbase/opdev/op_def.h
      [2026-08-05 16:25:27] D     include/nnopbase/opdev/op_dfx.h
      [2026-08-05 16:25:27] D     include/nnopbase/opdev/op_errno.h
      [2026-08-05 16:25:27] D     include/nnopbase/opdev/op_executor.h
      [2026-08-05 16:25:27] D     include/nnopbase/opdev/op_log.h
      [2026-08-05 16:25:27] D     include/nnopbase/opdev/platform.h
      [2026-08-05 16:25:27] D     include/nnopbase/opdev/pool_allocator.h
      [2026-08-05 16:25:27] D     include/nnopbase/opdev/shape_utils.h
      [2026-08-05 16:25:27] D     include/nnopbase/opdev/small_vector.h
      [2026-08-05 16:25:27] D     include/nnopbase/opdev/tensor_view_utils.h
      [2026-08-05 16:25:27] -- [ThirdPartyLib][catlass] Found headers at /home/liz23/flash-linear-attention-npu/third_party/catlass/include
      [2026-08-05 16:25:28] -- Found Python3: /home/miniconda3/miniconda3/envs/wys310/bin/python3.10 (found version "3.10.20") found components: Interpreter
      [2026-08-05 16:25:28] -- ENABLE_CCACHE=ON, CUSTOM_CCACHE=
      [2026-08-05 16:25:28] -- CCACHE_PROGRAM=CCACHE_PROGRAM-NOTFOUND
      [2026-08-05 16:25:28] -- ASCEND_COMPUTE_UNIT=ascend910_93
      [2026-08-05 16:25:28] -- ASCEND_OP_NAME=ALL
      [2026-08-05 16:25:28] -- TILING_KEY=
      [2026-08-05 16:25:28] -- TESTS_UT_OPS_TEST=
      [2026-08-05 16:25:28] -- TESTS_EXAMPLE_OPS_TEST=
      [2026-08-05 16:25:28] -- CMAKE_BUILD_TYPE=Release
      [2026-08-05 16:25:28] -- VERSION=
      [2026-08-05 16:25:31] -- Found json: /home/liz23/flash-linear-attention-npu/third_party/json/include
      [2026-08-05 16:25:31] -- Start building custom package.
      [2026-08-05 16:25:31] -- Search libs under install path /home/w00929470/check0801/ascend/cann-9.2.0
      [2026-08-05 16:25:31] -- CMAKE_MODULE_PATH            :/home/liz23/flash-linear-attention-npu/cmake/modules;/home/w00929470/check0801/ascend/cann-9.2.0/include/ge/cmake
      [2026-08-05 16:25:31] -- compile option:   -Wall -Wextra -Wshadow -Wformat=2 -fno-common -fPIC -Wformat-signedness -Wno-missing-include-dirs -Wno-write-strings
      [2026-08-05 16:25:31] -- Found dlog: /home/w00929470/check0801/ascend/cann-9.2.0/pkg_inc/base
      [2026-08-05 16:25:31] -- Transformer Variables in dlog module:
      [2026-08-05 16:25:31] -- dlog_TRANSFORMER_INCLUDE_DIR="/home/w00929470/check0801/ascend/cann-9.2.0/pkg_inc/base"
      [2026-08-05 16:25:31] -- dlog_SHARED_LIBRARY="/home/w00929470/check0801/ascend/cann-9.2.0/lib64/libascendalog.so"
      [2026-08-05 16:25:31] --
      [2026-08-05 16:25:31]  Properties for TARGET dlog:
      [2026-08-05 16:25:31]    dlog.INTERFACE_COMPILE_DEFINITIONS = "LOG_CPP;PROCESS_LOG"
      [2026-08-05 16:25:31]    dlog.INTERFACE_LINK_LIBRARIES = "dlog_headers"
      [2026-08-05 16:25:31]    dlog.IMPORTED_LOCATION = "/home/w00929470/check0801/ascend/cann-9.2.0/lib64/libascendalog.so"
      [2026-08-05 16:25:31]
      [2026-08-05 16:25:31] --
      [2026-08-05 16:25:31]  Properties for TARGET dlog_headers:
      [2026-08-05 16:25:31]    dlog_headers.INTERFACE_INCLUDE_DIRECTORIES = "/home/w00929470/check0801/ascend/cann-9.2.0/pkg_inc/base"
      [2026-08-05 16:25:31]
      [2026-08-05 16:25:31] -- Found securec: /home/w00929470/check0801/ascend/cann-9.2.0/include
      [2026-08-05 16:25:31] -- Found OPBASE: /home/w00929470/check0801/ascend/cann-9.2.0/include
      [2026-08-05 16:25:31] -- Found OPABSE include:/home/w00929470/check0801/ascend/cann-9.2.0/aarch64-linux/include
      [2026-08-05 16:25:31] -- Found OPABSE lib:
      [2026-08-05 16:25:31] -- Found platform: /home/w00929470/check0801/ascend/cann-9.2.0/include
      [2026-08-05 16:25:31] -- Found platform include:/home/w00929470/check0801/ascend/cann-9.2.0/aarch64-linux/include
      [2026-08-05 16:25:31] -- Found register library:/home/w00929470/check0801/ascend/cann-9.2.0/aarch64-linux/lib64/libregister.so
      [2026-08-05 16:25:31] -- Found opp_registry library:/home/w00929470/check0801/ascend/cann-9.2.0/aarch64-linux/lib64/libopp_registry.so
      [2026-08-05 16:25:31] -- Found exe_graph library:/home/w00929470/check0801/ascend/cann-9.2.0/aarch64-linux/lib64/libexe_graph.so
      [2026-08-05 16:25:31] -- Found graph_base library:/home/w00929470/check0801/ascend/cann-9.2.0/aarch64-linux/lib64/libgraph_base.so
      [2026-08-05 16:25:31] -- Found error_manager library:/home/w00929470/check0801/ascend/cann-9.2.0/aarch64-linux/lib64/liberror_manager.so
      [2026-08-05 16:25:31] -- Found metadef library:/home/w00929470/check0801/ascend/cann-9.2.0/aarch64-linux/lib64/libmetadef.so
      [2026-08-05 16:25:31] -- Found rt2_registry library:/home/w00929470/check0801/ascend/cann-9.2.0/aarch64-linux/lib64/librt2_registry.a
      [2026-08-05 16:25:31] -- Found metadef: /home/w00929470/check0801/ascend/cann-9.2.0/include
      [2026-08-05 16:25:31] -- Found source metadef include dir:  /home/w00929470/check0801/ascend/cann-9.2.0/aarch64-linux/include/;/home/w00929470/check0801/ascend/cann-9.2.0/aarch64-linux/include/exe_graph
      [2026-08-05 16:25:31] -- Found graph library:/home/w00929470/check0801/ascend/cann-9.2.0/aarch64-linux/lib64/libgraph.so
      [2026-08-05 16:25:31] -- Found source acl include dir:  /home/w00929470/check0801/ascend/cann-9.2.0/aarch64-linux/include
      [2026-08-05 16:25:31] -- [transformer]Found source npuruntime include dir: /home/w00929470/check0801/ascend/cann-9.2.0/aarch64-linux/pkg_inc/runtime
      [2026-08-05 16:25:31] -- Found aclnn include dir:  /home/w00929470/check0801/ascend/cann-9.2.0/aarch64-linux/include
      [2026-08-05 16:25:31] -- Found opdev include dir:  /home/w00929470/check0801/ascend/cann-9.2.0/aarch64-linux/include/aclnn
      [2026-08-05 16:25:31] -- Found tilingapi include:/home/w00929470/check0801/ascend/cann-9.2.0/aarch64-linux/include
      [2026-08-05 16:25:31] -- TILINGAPI_INC_DIRS: /home/w00929470/check0801/ascend/cann-9.2.0/aarch64-linux/include;/home/w00929470/check0801/ascend/cann-9.2.0/aarch64-linux/ascendc;/home/w00929470/check0801/ascend/cann-9.2.0/aarch64-linux/ascendc/include;/home/w00929470/check0801/ascend/cann-9.2.0/aarch64-linux/ascendc/include/highlevel_api;/home/w00929470/check0801/ascend/cann-9.2.0/aarch64-linux/ascendc/include/highlevel_api/lib;/home/w00929470/check0801/ascend/cann-9.2.0/aarch64-linux/ascendc/include/highlevel_api/impl;/home/w00929470/check0801/ascend/cann-9.2.0/aarch64-linux/ascendc/include/highlevel_api/tiling
      [2026-08-05 16:25:31] -- Found tilingapi lib:/home/w00929470/check0801/ascend/cann-9.2.0/aarch64-linux/lib64/libtiling_api.a
      [2026-08-05 16:25:31] -- Using AICPU include dirs: /home/w00929470/check0801/ascend/cann-9.2.0/aarch64-linux/include/experiment;/home/w00929470/check0801/ascend/cann-9.2.0/aarch64-linux/include/experiment/cce;/home/w00929470/check0801/ascend/cann-9.2.0/aarch64-linux/include/experiment/msprof;/home/w00929470/check0801/ascend/cann-9.2.0/aarch64-linux/pkg_inc/aicpu_common/context;/home/w00929470/check0801/ascend/cann-9.2.0/aarch64-linux/pkg_inc/aicpu_common/context/common;/home/w00929470/check0801/ascend/cann-9.2.0/aarch64-linux/pkg_inc/aicpu_common/context/cpu_proto;/home/w00929470/check0801/ascend/cann-9.2.0/aarch64-linux/pkg_inc/aicpu_common/context/utils;/home/w00929470/check0801/ascend/cann-9.2.0/aarch64-linux/include/aicpu_common/context;/home/w00929470/check0801/ascend/cann-9.2.0/aarch64-linux/include/aicpu_common/context/common;/home/w00929470/check0801/ascend/cann-9.2.0/aarch64-linux/include/aicpu_common/context/cpu_proto;/home/w00929470/check0801/ascend/cann-9.2.0/aarch64-linux/include/aicpu_common/context/utils;/home/w00929470/check0801/ascend/cann-9.2.0/aarch64-linux/include/experiment/datagw/aicpu/common;/home/w00929470/check0801/ascend/cann-9.2.0/aarch64-linux/include/experiment/datagw/aicpu/common;/home/w00929470/check0801/ascend/cann-9.2.0/aarch64-linux/pkg_inc;/home/w00929470/check0801/ascend/cann-9.2.0/aarch64-linux/pkg_inc/aicpu
      [2026-08-05 16:25:31] -- Finding gen es pkg
      [2026-08-05 16:25:31] -- [add_es_library] Module loaded from: /home/w00929470/check0801/ascend/cann-9.2.0/include/ge/cmake
      [2026-08-05 16:25:31] -- Eigen path found in cache: /home/liz23/flash-linear-attention-npu/third_party/eigen
      [2026-08-05 16:25:31] -- Eigen already exists at /home/liz23/flash-linear-attention-npu/third_party/eigen
      [2026-08-05 16:25:31] -- Could NOT find abseil-cpp (missing: ABSL_SOURCE_DIR)
      [2026-08-05 16:25:31] -- [ThirdPartyLib][abseil-cpp] found in /home/liz23/flash-linear-attention-npu/third_party/pkg/abseil-cpp-20230802.1.tar.gz.
      [2026-08-05 16:25:31] -- Could NOT find ascend_protobuf_build_transformer (missing: ASCEND_PROTOBUF_SHARED_INCLUDE)
      [2026-08-05 16:25:31] -- [ThirdPartyLib][ascend protobuf] ascend protobuf shared not found, finding binary file.
      [2026-08-05 16:25:31] -- [ThirdPartyLib][ascend protobuf] found in file:///home/liz23/flash-linear-attention-npu/third_party/pkg/protobuf-25.1.tar.gz.
      [2026-08-05 16:25:31] -- Found alog: /home/w00929470/check0801/ascend/cann-9.2.0/include
      [2026-08-05 16:25:31] -- Variables in alog module:
      [2026-08-05 16:25:31] -- alog_a_INCLUDE_DIR="/home/w00929470/check0801/ascend/cann-9.2.0/include"
      [2026-08-05 16:25:31] -- slog_a_SHARED_LIBRARY="/home/w00929470/check0801/ascend/cann-9.2.0/lib64/libascendalog.so"
      [2026-08-05 16:25:31] -- alog_a_SHARED_LIBRARY="/home/w00929470/check0801/ascend/cann-9.2.0/lib64/libascendalog.so"
      [2026-08-05 16:25:31] --
      [2026-08-05 16:25:31]  Properties for TARGET slog_a:
      [2026-08-05 16:25:31]    slog_a.INTERFACE_COMPILE_DEFINITIONS = "LOG_CPP;PROCESS_LOG"
      [2026-08-05 16:25:31]    slog_a.INTERFACE_LINK_LIBRARIES = "alog_headers"
      [2026-08-05 16:25:31]    slog_a.IMPORTED_LOCATION = "/home/w00929470/check0801/ascend/cann-9.2.0/lib64/libascendalog.so"
      [2026-08-05 16:25:31]
      [2026-08-05 16:25:31] --
      [2026-08-05 16:25:31]  Properties for TARGET alog_a:
      [2026-08-05 16:25:31]    alog_a.INTERFACE_COMPILE_DEFINITIONS = "LOG_CPP;PROCESS_LOG"
      [2026-08-05 16:25:31]    alog_a.INTERFACE_LINK_LIBRARIES = "alog_headers"
      [2026-08-05 16:25:31]    alog_a.IMPORTED_LOCATION = "/home/w00929470/check0801/ascend/cann-9.2.0/lib64/libascendalog.so"
      [2026-08-05 16:25:31]
      [2026-08-05 16:25:31] --
      [2026-08-05 16:25:31]  Properties for TARGET alog_headers:
      [2026-08-05 16:25:31]    alog_headers.INTERFACE_INCLUDE_DIRECTORIES = "/home/w00929470/check0801/ascend/cann-9.2.0/include;/home/w00929470/check0801/ascend/cann-9.2.0/include/base"
      [2026-08-05 16:25:31]
      [2026-08-05 16:25:31] -- Could NOT find unified_dlog (missing: _INCLUDE_ROOT_DIR)
      [2026-08-05 16:25:32] -- Start Generating es transformer for custom pkg
      [2026-08-05 16:25:32] -- Generated helper script: /home/liz23/flash-linear-attention-npu/build/cmake/run_gen_esb_with_lock.sh
      [2026-08-05 16:25:32] -- _add_es_library_impl: OUTPUT_PATH is /home/liz23/flash-linear-attention-npu/build/es_packages
      [2026-08-05 16:25:32] -- _add_es_library_impl: EXCLUDE_OPS is not provided
      [2026-08-05 16:25:32] -- add_es_package: Using default output directory: /home/liz23/flash-linear-attention-npu/build
      [2026-08-05 16:25:32] -- add_es_package: OPP_PROTO_TARGET output directory: /home/liz23/flash-linear-attention-npu/build
      [2026-08-05 16:25:32] -- add_es_package: Derived ASCEND_OPP_PATH: /home/liz23/flash-linear-attention-npu/build
      [2026-08-05 16:25:32] --   - Created standard OPP path: /home/liz23/flash-linear-attention-npu/build/es_transformer_cust_build/opp_standard_path_proto_transformer_cust
      [2026-08-05 16:25:32] -- _add_es_library_impl: gen_esb target not found, searching in environment...
      [2026-08-05 16:25:32] --     Found gen_esb in PATH (environment variables configured)
      [2026-08-05 16:25:32] --     - gen_esb path: /home/w00929470/check0801/ascend/cann-9.2.0/bin/gen_esb
      [2026-08-05 16:25:32] --     - library path: /home/w00929470/check0801/ascend/cann-9.2.0/lib64
      [2026-08-05 16:25:32] -- Using proto library path (derived from OPP_PROTO_TARGET): /home/liz23/flash-linear-attention-npu/build/es_transformer_cust_build/opp_standard_path_proto_transformer_cust
      [2026-08-05 16:25:32] -- add_es_package: Module name for gen_esb: transformer_cust
      [2026-08-05 16:25:32] -- [add_es_library] No history registry found at /home/w00929470/check0801/ascend/cann-9.2.0/opp/history_registry/transformer_cust, skipping
      [2026-08-05 16:25:32] -- Trying to locate eager_style_graph_builder_base library from run package...
      [2026-08-05 16:25:32] --   Found library in run package: /home/w00929470/check0801/ascend/cann-9.2.0/lib64/libeager_style_graph_builder_base.so
      [2026-08-05 16:25:32] -- Configuring ES package: es_transformer_cust
      [2026-08-05 16:25:32] --   - Exported target: es_transformer_cust (public interface)
      [2026-08-05 16:25:32] --   - Internal .obj target: es_transformer_cust_obj (compile once)
      [2026-08-05 16:25:32] --   - Internal .so target: es_transformer_cust_so
      [2026-08-05 16:25:32] --   - Internal .a target: es_transformer_cust_a
      [2026-08-05 16:25:32] --   - Module name (for gen_esb): transformer_cust
      [2026-08-05 16:25:32] --   - OPP proto target: proto_transformer_cust (type: SHARED_LIBRARY)
      [2026-08-05 16:25:32] --   - OPP proto path: /home/liz23/flash-linear-attention-npu/build/es_transformer_cust_build/opp_standard_path_proto_transformer_cust
      [2026-08-05 16:25:32] --   - Output path: /home/liz23/flash-linear-attention-npu/build/es_packages (artifacts will be copied)
      [2026-08-05 16:25:32] --   - Library files: libes_transformer_cust.so, libes_transformer_cust.a
      [2026-08-05 16:25:32] --   - Python package: es_transformer_cust
      [2026-08-05 16:25:32] -- ES package 'es_transformer_cust' using single-file compilation mode
      [2026-08-05 16:25:32] --   - Wrapper file: /home/liz23/flash-linear-attention-npu/build/es_transformer_cust_build/generated_code/es_transformer_cust_all_in_one.cpp
      [2026-08-05 16:25:32] --   - Module name: transformer_cust
      [2026-08-05 16:25:32] -- add_es_library: Using default compile options: -fPIC;-Wall;-fstack-protector-all;-std=c++17;-D_GLIBCXX_USE_CXX11_ABI=0;-O2;-Wno-free-nonheap-object
      [2026-08-05 16:25:32] -- add_es_library: Set _GLIBCXX_USE_CXX11_ABI=0 for ABI compatibility
      [2026-08-05 16:25:32] -- add_es_library: Deduced header base path from cmake file: /home/w00929470/check0801/ascend/cann-9.2.0
      [2026-08-05 16:25:32] -- add_es_library: metadef_headers target not found, skipping
      [2026-08-05 16:25:32] -- add_es_library: Found c_sec target
      [2026-08-05 16:25:32] -- add_es_library: Linking with CANN libraries: c_sec
      [2026-08-05 16:25:32] -- add_es_package: 'build_es_transformer_cust' is the first ES package (will be built first)
      [2026-08-05 16:25:32] -- ES package 'es_transformer_cust' configured successfully (single-file mode):
      [2026-08-05 16:25:32] --   - Exported target (for linking): es_transformer_cust
      [2026-08-05 16:25:32] --   - Build target: build_es_transformer_cust
      [2026-08-05 16:25:32] --   - Wrapper file: /home/liz23/flash-linear-attention-npu/build/es_transformer_cust_build/generated_code/es_transformer_cust_all_in_one.cpp
      [2026-08-05 16:25:32] --   - Internal targets:
      [2026-08-05 16:25:32] --     * Code generation: generate_es_transformer_cust_code
      [2026-08-05 16:25:32] --     * Object library: es_transformer_cust_obj (compiled once)
      [2026-08-05 16:25:32] --     * Shared library: es_transformer_cust_so
      [2026-08-05 16:25:32] --     * Static library: es_transformer_cust_a
      [2026-08-05 16:25:32] --     * Wheel generation: generate_es_transformer_cust_whl
      [2026-08-05 16:25:32] --     * Install: install_es_transformer_cust
      [2026-08-05 16:25:32] --   - Library files: libes_transformer_cust.so, libes_transformer_cust.a
      [2026-08-05 16:25:32] --   - Python package: es_transformer_cust
      [2026-08-05 16:25:32] --   - ES base library: /home/w00929470/check0801/ascend/cann-9.2.0/lib64/libeager_style_graph_builder_base.so (from library)
      [2026-08-05 16:25:32] --
      [2026-08-05 16:25:32] -- Build mode: Single-file compilation (no reconfiguration needed)
      [2026-08-05 16:25:32] --
      [2026-08-05 16:25:32] -- Quick start:
      [2026-08-05 16:25:32] --   1. Link:    target_link_libraries(your_target PRIVATE es_transformer_cust)
      [2026-08-05 16:25:32] --   2. Build:   make your_target  (recommended, triggers automatically)
      [2026-08-05 16:25:32] --
      [2026-08-05 16:25:32] -- custom cust proto to es
      [2026-08-05 16:25:32] -- Detected architecture: ARM64
      [2026-08-05 16:25:32] -- End building custom package.
      [2026-08-05 16:25:32] -- create aclnn master header file: /home/liz23/flash-linear-attention-npu/build/aclnn_ops_transformer_fla_npu.h
      [2026-08-05 16:25:32] -- no operator info to generate
      [2026-08-05 16:25:32] -- Start building custom package.
      [2026-08-05 16:25:32] -- No aicpu json files to merge, skipping.
      [2026-08-05 16:25:32] -- No aicpu cust obj targets found, skipping.
      [2026-08-05 16:25:32] -- Configuring done
      [2026-08-05 16:25:32] -- Generating done
      [2026-08-05 16:25:32] -- Build files have been written to: /home/liz23/flash-linear-attention-npu/build
      [2026-08-05 16:25:32] [  1%] Generating op_host_aclnn_inner_stub.cpp
      [2026-08-05 16:25:32] [  2%] Generating version.ops-transformer.info
      [2026-08-05 16:25:32] [  3%] Building CXX object fla/ops/ascendc/gdn/chunk_gdn_bwd/chunk_bwd_dqkwg/op_host/CMakeFiles/ophost_transformer_infer_obj.dir/proto_stub.cpp.o
      [2026-08-05 16:25:32] [  4%] Building CXX object CMakeFiles/op_host_aclnn.dir/fla/ops/ascendc/gdn/gdn_preprocess/causal_conv1d/op_host/causal_conv1d_def.cpp.o
      [2026-08-05 16:25:32] [  4%] Building CXX object CMakeFiles/op_host_aclnn.dir/fla/ops/ascendc/gdn/chunk_gdn_fwd/chunk_scaled_dot_kkt/op_host/chunk_scaled_dot_kkt_def.cpp.o
      [2026-08-05 16:25:32] [  4%] Building CXX object fla/ops/ascendc/gdn/chunk_gdn_bwd/chunk_bwd_dqkwg/op_host/CMakeFiles/ophost_transformer_infer_obj.dir/__/__/chunk_bwd_dv_local/op_host/proto_stub.cpp.o
      [2026-08-05 16:25:32] [  4%] Building CXX object fla/ops/ascendc/gdn/chunk_gdn_bwd/chunk_bwd_dqkwg/op_host/CMakeFiles/ophost_transformer_infer_obj.dir/__/__/__/chunk_gdn_fwd/chunk_fwd_o/op_host/proto_stub.cpp.o
      [2026-08-05 16:25:32] [  4%] Building CXX object CMakeFiles/op_host_aclnn.dir/fla/ops/ascendc/gdn/gdn_preprocess/causal_conv1d_bwd/op_host/causal_conv1d_bwd_def.cpp.o
      [2026-08-05 16:25:32] [  4%] Building CXX object fla/ops/ascendc/gdn/chunk_gdn_bwd/chunk_bwd_dqkwg/op_host/CMakeFiles/ophost_transformer_infer_obj.dir/__/__/chunk_gated_delta_rule_bwd_dhu/op_host/proto_stub.cpp.o
      [2026-08-05 16:25:32] [  4%] Building CXX object common/stub/op_api/CMakeFiles/opapi_math.dir/opapi_stub.cpp.o
      [2026-08-05 16:25:32] [  5%] Building CXX object fla/ops/ascendc/gdn/chunk_gdn_bwd/chunk_bwd_dqkwg/op_host/CMakeFiles/ophost_transformer_infer_obj.dir/__/__/prepare_wy_repr_bwd_da/op_host/proto_stub.cpp.o
      [2026-08-05 16:25:32] [  5%] Building CXX object CMakeFiles/op_host_aclnnExc.dir/fla/ops/ascendc/gdn/chunk_gdn_bwd/chunk_bwd_dqkwg/op_host/chunk_bwd_dqkwg_def.cpp.o
      [2026-08-05 16:25:32] [  5%] Building CXX object fla/ops/ascendc/gdn/chunk_gdn_bwd/chunk_bwd_dqkwg/op_host/CMakeFiles/ophost_transformer_infer_obj.dir/__/__/__/chunk_gdn_fwd/chunk_gated_delta_rule_fwd_h/op_host/proto_stub.cpp.o
      [2026-08-05 16:25:32] [  5%] Building CXX object fla/ops/ascendc/gdn/chunk_gdn_bwd/chunk_bwd_dqkwg/op_host/CMakeFiles/ophost_transformer_infer_obj.dir/__/__/prepare_wy_repr_bwd_full/op_host/proto_stub.cpp.o
      [2026-08-05 16:25:32] [  5%] Built target update_proto_target
      [2026-08-05 16:25:32] [  5%] Building CXX object fla/ops/ascendc/gdn/chunk_gdn_bwd/chunk_bwd_dqkwg/op_host/CMakeFiles/ophost_transformer_infer_obj.dir/__/__/__/chunk_gdn_fwd/chunk_scaled_dot_kkt/op_host/chunk_scaled_dot_kkt_infershape.cpp.o
      [2026-08-05 16:25:32] [  6%] Building CXX object fla/ops/ascendc/gdn/chunk_gdn_bwd/chunk_bwd_dqkwg/op_host/CMakeFiles/ophost_transformer_infer_obj.dir/__/__/__/chunk_gdn_fwd/chunk_local_cumsum/op_host/chunk_local_cumsum_infershape.cpp.o
      [2026-08-05 16:25:32] [  6%] Building CXX object fla/ops/ascendc/gdn/chunk_gdn_bwd/chunk_bwd_dqkwg/op_host/CMakeFiles/ophost_transformer_infer_obj.dir/__/__/__/chunk_gdn_fwd/recompute_w_u_fwd/op_host/proto_stub.cpp.o
      [2026-08-05 16:25:32] [  6%] Building CXX object fla/ops/ascendc/gdn/chunk_gdn_bwd/chunk_bwd_dqkwg/op_host/CMakeFiles/ophost_transformer_infer_obj.dir/__/__/__/gdn_preprocess/causal_conv1d_bwd/op_host/proto_stub.cpp.o
      [2026-08-05 16:25:32] [  6%] Generating binary/ascend910_93/bin/solve_tri
      [2026-08-05 16:25:32] [  8%] Building CXX object fla/ops/ascendc/gdn/chunk_gdn_bwd/chunk_bwd_dqkwg/op_host/CMakeFiles/opbase_tiling_objs.dir/__/__/__/__/__/__/__/third_party/opbase/src/op_common/atvoss/broadcast/broadcast_tiling.cpp.o
      [2026-08-05 16:25:32] [  8%] Building CXX object fla/ops/ascendc/gdn/chunk_gdn_bwd/chunk_bwd_dqkwg/op_host/CMakeFiles/ophost_transformer_tiling_obj.dir/__/__/__/chunk_gdn_fwd/chunk_fwd_o/op_host/chunk_fwd_o_tiling.cpp.o
      [2026-08-05 16:25:32] [  9%] Building CXX object fla/ops/ascendc/gdn/chunk_gdn_bwd/chunk_bwd_dqkwg/op_host/CMakeFiles/opbase_tiling_objs.dir/__/__/__/__/__/__/__/third_party/opbase/src/op_common/atvoss/reduce/reduce_tiling.cpp.o
      [2026-08-05 16:25:32] [ 10%] Building CXX object fla/ops/ascendc/gdn/chunk_gdn_bwd/chunk_bwd_dqkwg/op_host/CMakeFiles/opbase_util_objs.dir/__/__/__/__/__/__/__/third_party/opbase/src/op_common/op_host/util/math_util.cpp.o
      [2026-08-05 16:25:32] [ 10%] Generating binary/ascend910_93/src/ascendc/common
      [2026-08-05 16:25:32] [ 11%] Building CXX object CMakeFiles/op_host_aclnnExc.dir/fla/ops/ascendc/gdn/chunk_gdn_fwd/recompute_w_u_fwd/op_host/recompute_wu_fwd_def.cpp.o
      [2026-08-05 16:25:32] [ 11%] Building CXX object fla/ops/ascendc/gdn/chunk_gdn_bwd/chunk_bwd_dqkwg/op_host/CMakeFiles/ophost_transformer_tiling_obj.dir/__/__/prepare_wy_repr_bwd_da/op_host/op_tiling/arch35/prepare_wy_repr_bwd_da_tiling_a5.cpp.o
      [2026-08-05 16:25:32] [ 12%] Generating binary/ascend910_93/bin/causal_conv1d_bwd
      [2026-08-05 16:25:32] [ 12%] Building CXX object fla/ops/ascendc/gdn/chunk_gdn_bwd/chunk_bwd_dqkwg/op_host/CMakeFiles/ophost_transformer_tiling_obj.dir/__/__/__/chunk_gdn_fwd/chunk_gated_delta_rule_fwd_h/op_host/chunk_gated_delta_rule_fwd_h_tiling.cpp.o
      [2026-08-05 16:25:32] [ 12%] Building CXX object fla/ops/ascendc/gdn/chunk_gdn_bwd/chunk_bwd_dqkwg/op_host/CMakeFiles/ophost_transformer_infer_obj.dir/__/__/__/chunk_gdn_fwd/solve_tri/op_host/proto_stub.cpp.o
      [2026-08-05 16:25:32] [ 12%] Building CXX object CMakeFiles/op_host_aclnnExc.dir/fla/ops/ascendc/kda/chunk_kda_fwd_finalize/op_host/chunk_kda_fwd_finalize_def.cpp.o
      [2026-08-05 16:25:32] [ 12%] Building CXX object CMakeFiles/op_host_aclnnExc.dir/fla/ops/ascendc/kda/chunk_kda_fwd/op_host/chunk_kda_fwd_def.cpp.o
      [2026-08-05 16:25:32] [ 13%] Building CXX object CMakeFiles/op_host_aclnnExc.dir/fla/ops/ascendc/gdn/chunk_gdn_bwd/chunk_bwd_dv_local/op_host/chunk_bwd_dv_local_def.cpp.o
      [2026-08-05 16:25:32] [ 13%] Building CXX object common/stub/op_tiling/CMakeFiles/optiling.dir/tbe_tiling_api.cpp.o
      [2026-08-05 16:25:32] [ 12%] Building CXX object fla/ops/ascendc/gdn/chunk_gdn_bwd/chunk_bwd_dqkwg/op_host/CMakeFiles/opbase_util_objs.dir/__/__/__/__/__/__/__/third_party/opbase/src/op_common/log/log.cpp.o
      [2026-08-05 16:25:32] [ 13%] Building CXX object common/CMakeFiles/common_transformer_obj.dir/src/fallback_comm_2stages.cpp.o
      [2026-08-05 16:25:32] [ 13%] Building CXX object fla/ops/ascendc/gdn/chunk_gdn_bwd/chunk_bwd_dqkwg/op_host/CMakeFiles/ophost_transformer_infer_obj.dir/__/__/__/__/kda/kda_gate_cumsum/op_host/proto_stub.cpp.o
      [2026-08-05 16:25:32] [ 14%] Building CXX object fla/ops/ascendc/gdn/chunk_gdn_bwd/chunk_bwd_dqkwg/op_host/CMakeFiles/ophost_transformer_tiling_obj.dir/op_tiling/chunk_bwd_dqkwg_tiling.cpp.o
      [2026-08-05 16:25:32] [ 14%] Building CXX object CMakeFiles/op_host_aclnnExc.dir/fla/ops/ascendc/kda/kda_gate_cumsum/op_host/kda_gate_cumsum_def.cpp.o
      [2026-08-05 16:25:32] [ 17%] Building CXX object fla/ops/ascendc/gdn/chunk_gdn_bwd/chunk_bwd_dqkwg/op_host/CMakeFiles/ophost_transformer_tiling_obj.dir/__/__/__/gdn_preprocess/causal_conv1d_bwd/op_host/causal_conv1d_bwd_tiling.cpp.o
      [2026-08-05 16:25:32] [ 17%] Building CXX object CMakeFiles/op_host_aclnnExc.dir/fla/ops/ascendc/kda/chunk_kda_fwd_post_wu/op_host/chunk_kda_fwd_post_wu_def.cpp.o
      [2026-08-05 16:25:32] [ 17%] Building CXX object fla/ops/ascendc/gdn/chunk_gdn_bwd/chunk_bwd_dqkwg/op_host/CMakeFiles/ophost_transformer_tiling_obj.dir/__/__/__/chunk_gdn_fwd/recompute_w_u_fwd/op_host/op_tiling/recompute_w_u_fwd_tiling.cpp.o
      [2026-08-05 16:25:32] [ 17%] Building CXX object fla/ops/ascendc/gdn/chunk_gdn_bwd/chunk_bwd_dqkwg/op_host/CMakeFiles/ophost_transformer_tiling_obj.dir/__/__/__/chunk_gdn_fwd/chunk_scaled_dot_kkt/op_host/chunk_scaled_dot_kkt_tiling.cpp.o
      [2026-08-05 16:25:32] [ 17%] Building CXX object CMakeFiles/op_host_aclnnExc.dir/fla/ops/ascendc/kda/chunk_kda_fwd_prepare/op_host/chunk_kda_fwd_prepare_def.cpp.o
      [2026-08-05 16:25:32] [ 17%] Generating binary/ascend910_93/bin/chunk_bwd_dqkwg
      [2026-08-05 16:25:32] [ 17%] Building CXX object fla/ops/ascendc/gdn/chunk_gdn_bwd/chunk_bwd_dqkwg/op_host/CMakeFiles/opbase_tiling_objs.dir/__/__/__/__/__/__/__/third_party/opbase/src/op_common/atvoss/broadcast/broadcast_tiling_base.cpp.o
      [2026-08-05 16:25:32] [ 17%] Building CXX object fla/ops/ascendc/gdn/chunk_gdn_bwd/chunk_bwd_dqkwg/op_host/CMakeFiles/ophost_transformer_tiling_obj.dir/__/__/__/__/kda/chunk_kda_bwd_intra/op_host/op_tiling/chunk_kda_bwd_intra_tiling.cpp.o
      [2026-08-05 16:25:32] [ 17%] Building CXX object fla/ops/ascendc/gdn/chunk_gdn_bwd/chunk_bwd_dqkwg/op_host/CMakeFiles/ophost_transformer_tiling_obj.dir/__/__/__/recurrent_gdn/recurrent_gated_delta_rule/op_host/recurrent_gated_delta_rule_tiling.cpp.o
      [2026-08-05 16:25:32] [ 18%] Building CXX object fla/ops/ascendc/gdn/chunk_gdn_bwd/chunk_bwd_dqkwg/op_host/CMakeFiles/ophost_transformer_tiling_obj.dir/__/__/chunk_gated_delta_rule_bwd_dhu/op_host/op_tiling/chunk_gated_delta_rule_bwd_dhu_tiling.cpp.o
      [2026-08-05 16:25:32] [ 18%] Building CXX object fla/ops/ascendc/gdn/chunk_gdn_bwd/chunk_bwd_dqkwg/op_host/CMakeFiles/ophost_transformer_tiling_obj.dir/__/__/__/__/kda/chunk_kda_fwd_finalize/op_host/chunk_kda_fwd_finalize_tiling.cpp.o
      [2026-08-05 16:25:32] [ 18%] Building CXX object fla/ops/ascendc/gdn/chunk_gdn_bwd/chunk_bwd_dqkwg/op_host/CMakeFiles/ophost_transformer_tiling_obj.dir/__/__/__/chunk_gdn_fwd/solve_tri/op_host/solve_tri_tiling.cpp.o
      [2026-08-05 16:25:32] [ 19%] Building CXX object CMakeFiles/op_host_aclnnExc.dir/fla/ops/ascendc/gdn/chunk_gdn_bwd/prepare_wy_repr_bwd_full/op_host/prepare_wy_repr_bwd_full_def.cpp.o
      [2026-08-05 16:25:32] [ 19%] Building CXX object CMakeFiles/op_host_aclnnExc.dir/fla/ops/ascendc/gdn/chunk_gdn_fwd/chunk_local_cumsum/op_host/chunk_local_cumsum_def.cpp.o
      [2026-08-05 16:25:32] [ 19%] Building CXX object fla/ops/ascendc/gdn/chunk_gdn_bwd/chunk_bwd_dqkwg/op_host/CMakeFiles/ophost_transformer_infer_obj.dir/__/__/__/__/kda/chunk_kda_fwd_finalize/op_host/proto_stub.cpp.o
      [2026-08-05 16:25:32] [ 19%] Building CXX object fla/ops/ascendc/gdn/chunk_gdn_bwd/chunk_bwd_dqkwg/op_host/CMakeFiles/ophost_transformer_tiling_obj.dir/__/__/__/__/kda/chunk_kda_fwd_post_wu/op_host/chunk_kda_fwd_post_wu_tiling.cpp.o
      [2026-08-05 16:25:32] [ 19%] Building CXX object fla/ops/ascendc/gdn/chunk_gdn_bwd/chunk_bwd_dqkwg/op_host/CMakeFiles/ophost_transformer_infer_obj.dir/__/__/__/gdn_preprocess/causal_conv1d/op_host/causal_conv1d_infershape.cpp.o
      [2026-08-05 16:25:32] [ 20%] Building CXX object fla/ops/ascendc/gdn/chunk_gdn_bwd/chunk_bwd_dqkwg/op_host/CMakeFiles/ophost_transformer_infer_obj.dir/__/__/__/__/kda/chunk_kda_fwd_prepare/op_host/proto_stub.cpp.o
      [2026-08-05 16:25:32] [ 20%] Building CXX object fla/ops/ascendc/gdn/chunk_gdn_bwd/chunk_bwd_dqkwg/op_host/CMakeFiles/ophost_transformer_infer_obj.dir/__/__/__/__/kda/chunk_kda_fwd_post_wu/op_host/proto_stub.cpp.o
      [2026-08-05 16:25:32] [ 20%] Building CXX object fla/ops/ascendc/gdn/chunk_gdn_bwd/chunk_bwd_dqkwg/op_host/CMakeFiles/opbase_util_objs.dir/__/__/__/__/__/__/__/third_party/opbase/src/op_common/op_host/util/shape_util.cpp.o
      [2026-08-05 16:25:32] [ 20%] Building CXX object fla/ops/ascendc/gdn/chunk_gdn_bwd/chunk_bwd_dqkwg/op_host/CMakeFiles/ophost_transformer_tiling_obj.dir/__/__/chunk_bwd_dv_local/op_host/chunk_bwd_dv_local_tiling.cpp.o
      [2026-08-05 16:25:32] [ 20%] Building CXX object CMakeFiles/op_host_aclnnExc.dir/fla/ops/ascendc/gdn/chunk_gdn_bwd/chunk_gated_delta_rule_bwd_dhu/op_host/chunk_gated_delta_rule_bwd_dhu_def.cpp.o
      [2026-08-05 16:25:32] [ 20%] Building CXX object CMakeFiles/op_host_aclnnExc.dir/fla/ops/ascendc/gdn/chunk_gdn_fwd/chunk_fwd_o/op_host/chunk_fwd_o_def.cpp.o
      [2026-08-05 16:25:32] [ 21%] Generating binary/ascend910_93/bin/chunk_kda_bwd_intra
      [2026-08-05 16:25:32] [ 22%] Building CXX object common/stub/op_tiling/CMakeFiles/optiling.dir/runtime_kb_api.cpp.o
      [2026-08-05 16:25:32] [ 22%] Building CXX object fla/ops/ascendc/gdn/chunk_gdn_bwd/chunk_bwd_dqkwg/op_host/CMakeFiles/ophost_transformer_tiling_obj.dir/__/__/__/gdn_preprocess/causal_conv1d/op_host/causal_conv1d_tiling.cpp.o
      [2026-08-05 16:25:32] [ 22%] Building CXX object fla/ops/ascendc/gdn/chunk_gdn_bwd/chunk_bwd_dqkwg/op_host/CMakeFiles/ophost_transformer_infer_obj.dir/__/__/__/recurrent_gdn/recurrent_gated_delta_rule/op_host/recurrent_gated_delta_rule_infershape.cpp.o
      [2026-08-05 16:25:32] [ 22%] Building CXX object CMakeFiles/op_host_aclnnExc.dir/fla/ops/ascendc/gdn/recurrent_gdn/recurrent_gated_delta_rule/op_host/recurrent_gated_delta_rule_def.cpp.o
      [2026-08-05 16:25:32] [ 22%] Building CXX object fla/ops/ascendc/gdn/chunk_gdn_bwd/chunk_bwd_dqkwg/op_host/CMakeFiles/opbase_util_objs.dir/__/__/__/__/__/__/__/third_party/opbase/src/op_common/op_host/util/fp16.cpp.o
      [2026-08-05 16:25:32] [ 22%] Building CXX object common/CMakeFiles/common_transformer_obj.dir/src/tiling_base/tiling_util.cpp.o
      [2026-08-05 16:25:32] [ 22%] Building CXX object fla/ops/ascendc/gdn/chunk_gdn_bwd/chunk_bwd_dqkwg/op_host/CMakeFiles/opbase_tiling_objs.dir/__/__/__/__/__/__/__/third_party/opbase/src/op_common/atvoss/broadcast/broadcast_tiling_noncontiguous.cpp.o
      [2026-08-05 16:25:32] [ 22%] Building CXX object fla/ops/ascendc/gdn/chunk_gdn_bwd/chunk_bwd_dqkwg/op_host/CMakeFiles/opbase_tiling_objs.dir/__/__/__/__/__/__/__/third_party/opbase/src/op_common/atvoss/elewise/elewise_tiling.cpp.o
      [2026-08-05 16:25:32] [ 22%] Building CXX object CMakeFiles/op_host_aclnnExc.dir/fla/ops/ascendc/gdn/chunk_gdn_fwd/chunk_gated_delta_rule_fwd_h/op_host/chunk_gated_delta_rule_fwd_h_def.cpp.o
      [2026-08-05 16:25:32] [ 22%] Generating binary/ascend910_93/src/causal_conv1d_bwd/CausalConv1dBwd.py
      [2026-08-05 16:25:32] [ 22%] Generating binary/ascend910_93/src/chunk_bwd_dqkwg/ChunkBwdDqkwg.py
      [2026-08-05 16:25:32] [ 22%] Building CXX object fla/ops/ascendc/gdn/chunk_gdn_bwd/chunk_bwd_dqkwg/op_host/CMakeFiles/ophost_transformer_tiling_obj.dir/__/__/__/__/kda/kda_gate_cumsum/op_host/kda_gate_cumsum_tiling.cpp.o
      [2026-08-05 16:25:32] [ 22%] Building CXX object fla/ops/ascendc/gdn/chunk_gdn_bwd/chunk_bwd_dqkwg/op_host/CMakeFiles/ophost_transformer_tiling_obj.dir/__/__/__/__/kda/chunk_kda_fwd_prepare/op_host/chunk_kda_fwd_prepare_tiling.cpp.o
      [2026-08-05 16:25:32] [ 23%] Generating binary/ascend910_93/src/chunk_kda_fwd_finalize/ChunkKdaFwdFinalize.py
      [2026-08-05 16:25:32] [ 23%] Generating binary/ascend910_93/src/solve_tri/SolveTri.py
      [2026-08-05 16:25:32] [ 23%] Building CXX object CMakeFiles/op_host_aclnnInner.dir/op_host_aclnn_inner_stub.cpp.o
      [2026-08-05 16:25:32] [ 24%] Building CXX object fla/ops/ascendc/gdn/chunk_gdn_bwd/chunk_bwd_dqkwg/op_host/CMakeFiles/ophost_transformer_tiling_obj.dir/__/__/prepare_wy_repr_bwd_full/op_host/op_tiling/arch35/prepare_wy_repr_bwd_full_tiling_a5.cpp.o
      [2026-08-05 16:25:32] [ 24%] Building CXX object fla/ops/ascendc/gdn/chunk_gdn_bwd/chunk_bwd_dqkwg/op_host/CMakeFiles/ophost_transformer_tiling_obj.dir/__/__/prepare_wy_repr_bwd_full/op_host/op_tiling/prepare_wy_repr_bwd_full_tiling.cpp.o
      [2026-08-05 16:25:32] [ 25%] Generating binary/ascend910_93/bin/chunk_gated_delta_rule_bwd_dhu
      [2026-08-05 16:25:32] [ 25%] Building CXX object CMakeFiles/op_host_aclnnExc.dir/fla/ops/ascendc/kda/chunk_kda_bwd_intra/op_host/chunk_kda_bwd_intra_def.cpp.o
      [2026-08-05 16:25:32] [ 25%] Building CXX object CMakeFiles/op_host_aclnnExc.dir/fla/ops/ascendc/gdn/chunk_gdn_fwd/solve_tri/op_host/solve_tri_def.cpp.o
      [2026-08-05 16:25:32] [ 25%] Generating binary/ascend910_93/src/chunk_fwd_o/ChunkFwdO.py
      [2026-08-05 16:25:32] [ 24%] Generating binary/ascend910_93/bin/chunk_kda_fwd_post_wu
      [2026-08-05 16:25:32] [ 26%] Building CXX object fla/ops/ascendc/gdn/chunk_gdn_bwd/chunk_bwd_dqkwg/op_host/CMakeFiles/ophost_transformer_tiling_obj.dir/__/__/prepare_wy_repr_bwd_da/op_host/op_tiling/prepare_wy_repr_bwd_da_tiling.cpp.o
      [2026-08-05 16:25:32] [ 26%] Building CXX object common/CMakeFiles/common_transformer_obj.dir/src/fallback_comm.cpp.o
      [2026-08-05 16:25:32] [ 27%] Generating binary/ascend910_93/bin/causal_conv1d
      [2026-08-05 16:25:32] [ 27%] Generating binary/ascend910_93/src/causal_conv1d/CausalConv1d.py
      [2026-08-05 16:25:32] [ 27%] Generating binary/ascend910_93/bin/chunk_kda_fwd_prepare
      [2026-08-05 16:25:32] [ 27%] Generating binary/ascend910_93/src/chunk_gated_delta_rule_bwd_dhu/ChunkGatedDeltaRuleBwdDhu.py
      [2026-08-05 16:25:32] [ 27%] Building CXX object fla/ops/ascendc/gdn/chunk_gdn_bwd/chunk_bwd_dqkwg/op_host/CMakeFiles/ophost_transformer_tiling_obj.dir/__/__/__/chunk_gdn_fwd/chunk_local_cumsum/op_host/chunk_local_cumsum_tiling.cpp.o
      [2026-08-05 16:25:32] [ 27%] Building CXX object fla/ops/ascendc/gdn/chunk_gdn_bwd/chunk_bwd_dqkwg/op_host/CMakeFiles/ophost_transformer_infer_obj.dir/__/__/__/__/kda/chunk_kda_fwd/op_host/proto_stub.cpp.o
      [2026-08-05 16:25:32] [ 27%] Building CXX object fla/ops/ascendc/gdn/chunk_gdn_bwd/chunk_bwd_dqkwg/op_host/CMakeFiles/ophost_transformer_infer_obj.dir/__/__/__/__/kda/chunk_kda_bwd_intra/op_host/proto_stub.cpp.o
      [2026-08-05 16:25:32] [ 27%] Building CXX object CMakeFiles/op_host_aclnnExc.dir/fla/ops/ascendc/gdn/chunk_gdn_bwd/prepare_wy_repr_bwd_da/op_host/prepare_wy_repr_bwd_da_def.cpp.o
      [2026-08-05 16:25:32] [ 28%] Generating binary/ascend910_93/src/chunk_kda_bwd_intra/ChunkKdaBwdIntra.py
      [2026-08-05 16:25:32] [ 28%] Generating binary/ascend910_93/bin/chunk_fwd_o
      [2026-08-05 16:25:32] [ 28%] Generating binary/ascend910_93/src/chunk_kda_fwd_post_wu/ChunkKdaFwdPostWu.py
      [2026-08-05 16:25:32] [ 28%] Generating binary/ascend910_93/bin/chunk_gated_delta_rule_fwd_h
      [2026-08-05 16:25:32] [ 28%] Generating binary/ascend910_93/src/chunk_gated_delta_rule_fwd_h/ChunkGatedDeltaRuleFwdH.py
      [2026-08-05 16:25:32] [ 29%] Generating binary/ascend910_93/bin/chunk_local_cumsum
      [2026-08-05 16:25:32] [ 29%] Generating binary/ascend910_93/bin/chunk_kda_fwd_finalize
      [2026-08-05 16:25:32] [ 29%] Generating binary/ascend910_93/src/chunk_kda_fwd_prepare/ChunkKdaFwdPrepare.py
      [2026-08-05 16:25:32] [ 29%] Generating binary/ascend910_93/bin/chunk_scaled_dot_kkt
      [2026-08-05 16:25:32] [ 29%] Generating binary/ascend910_93/src/chunk_local_cumsum/ChunkLocalCumsum.py
      [2026-08-05 16:25:32] [ 29%] Generating binary/ascend910_93/bin/chunk_bwd_dv_local
      [2026-08-05 16:25:32] [ 29%] Generating binary/ascend910_93/bin/kda_gate_cumsum
      [2026-08-05 16:25:32] [ 29%] Generating binary/ascend910_93/src/chunk_bwd_dv_local/ChunkBwdDvLocal.py
      [2026-08-05 16:25:32] [ 29%] Generating binary/ascend910_93/bin/prepare_wy_repr_bwd_da
      [2026-08-05 16:25:32] [ 29%] Built target solve_tri_ascend910_93_mkdir
      [2026-08-05 16:25:32] [ 29%] Generating binary/ascend910_93/src/chunk_scaled_dot_kkt/ChunkScaledDotKkt.py
      [2026-08-05 16:25:32] [ 29%] Built target causal_conv1d_bwd_ascend910_93_mkdir
      [2026-08-05 16:25:32] [ 29%] Generating binary/ascend910_93/src/kda_gate_cumsum/KdaGateCumsum.py
      [2026-08-05 16:25:32] [ 29%] Built target causal_conv1d_bwd_ascend910_93_py_copy
      [2026-08-05 16:25:32] [ 29%] Generating binary/ascend910_93/src/prepare_wy_repr_bwd_full/PrepareWyReprBwdFull.py
      [2026-08-05 16:25:32] [ 29%] Built target chunk_bwd_dqkwg_ascend910_93_py_copy
      [2026-08-05 16:25:32] [ 29%] Generating binary/ascend910_93/bin/prepare_wy_repr_bwd_full
      [2026-08-05 16:25:32] [ 29%] Generating binary/ascend910_93/bin/recompute_w_u_fwd
      [2026-08-05 16:25:32] [ 29%] Built target chunk_bwd_dqkwg_ascend910_93_mkdir
      [2026-08-05 16:25:32] [ 29%] Built target chunk_gated_delta_rule_bwd_dhu_ascend910_93_mkdir
      [2026-08-05 16:25:32] [ 29%] Built target chunk_fwd_o_ascend910_93_py_copy
      [2026-08-05 16:25:32] [ 29%] Built target causal_conv1d_ascend910_93_py_copy
      [2026-08-05 16:25:32] [ 29%] Built target chunk_kda_bwd_intra_ascend910_93_mkdir
      [2026-08-05 16:25:32] [ 29%] Built target chunk_gated_delta_rule_bwd_dhu_ascend910_93_py_copy
      [2026-08-05 16:25:32] [ 30%] Generating binary/ascend910_93/src/recompute_w_u_fwd/RecomputeWUFwd.py
      [2026-08-05 16:25:32] [ 30%] Built target chunk_fwd_o_ascend910_93_mkdir
      [2026-08-05 16:25:32] [ 30%] Built target chunk_gated_delta_rule_fwd_h_ascend910_93_py_copy
      [2026-08-05 16:25:32] [ 30%] Built target chunk_kda_bwd_intra_ascend910_93_py_copy
      [2026-08-05 16:25:32] [ 30%] Built target solve_tri_ascend910_93_py_copy
      [2026-08-05 16:25:32] [ 30%] Built target chunk_gated_delta_rule_fwd_h_ascend910_93_mkdir
      [2026-08-05 16:25:32] [ 30%] Built target chunk_local_cumsum_ascend910_93_mkdir
      [2026-08-05 16:25:32] [ 30%] Built target chunk_kda_fwd_post_wu_ascend910_93_mkdir
      [2026-08-05 16:25:32] [ 30%] Built target causal_conv1d_ascend910_93_mkdir
      [2026-08-05 16:25:32] [ 30%] Built target chunk_kda_fwd_prepare_ascend910_93_mkdir
      [2026-08-05 16:25:32] [ 30%] Built target kda_gate_cumsum_ascend910_93_mkdir
      [2026-08-05 16:25:32] [ 30%] Built target chunk_kda_fwd_post_wu_ascend910_93_py_copy
      [2026-08-05 16:25:32] [ 30%] Built target chunk_kda_fwd_finalize_ascend910_93_mkdir
      [2026-08-05 16:25:32] [ 30%] Built target chunk_kda_fwd_prepare_ascend910_93_py_copy
      [2026-08-05 16:25:32] [ 30%] Generating binary/ascend910_93/src/prepare_wy_repr_bwd_da/PrepareWyReprBwdDa.py
      [2026-08-05 16:25:32] [ 30%] Built target chunk_kda_fwd_finalize_ascend910_93_py_copy
      [2026-08-05 16:25:32] [ 30%] Generating binary/ascend910_93/bin/recurrent_gated_delta_rule
      [2026-08-05 16:25:32] [ 30%] Generating binary/ascend910_93/src/recurrent_gated_delta_rule/RecurrentGatedDeltaRule.py
      [2026-08-05 16:25:32] [ 30%] Built target chunk_bwd_dv_local_ascend910_93_mkdir
      [2026-08-05 16:25:32] [ 30%] Built target chunk_scaled_dot_kkt_ascend910_93_mkdir
      [2026-08-05 16:25:32] [ 30%] Built target chunk_bwd_dv_local_ascend910_93_py_copy
      [2026-08-05 16:25:32] [ 30%] Built target chunk_local_cumsum_ascend910_93_py_copy
      [2026-08-05 16:25:32] [ 30%] Built target chunk_scaled_dot_kkt_ascend910_93_py_copy
      [2026-08-05 16:25:32] [ 30%] Generating version.info
      [2026-08-05 16:25:32] [ 30%] Built target prepare_wy_repr_bwd_da_ascend910_93_mkdir
      [2026-08-05 16:25:32] [ 30%] Generating scripts/install.sh, scripts/upgrade.sh
      [2026-08-05 16:25:32] [ 31%] Creating directories for 'tiling_sink_task'
      [2026-08-05 16:25:32] [ 31%] Built target kda_gate_cumsum_ascend910_93_py_copy
      [2026-08-05 16:25:32] [ 31%] Built target recompute_w_u_fwd_ascend910_93_mkdir
      [2026-08-05 16:25:32] [ 31%] Built target prepare_wy_repr_bwd_full_ascend910_93_mkdir
      [2026-08-05 16:25:32] [ 31%] Creating directories for 'abseil_build_transformer'
      [2026-08-05 16:25:32] [ 32%] Building CXX object fla/ops/ascendc/gdn/chunk_gdn_bwd/chunk_bwd_dqkwg/op_host/CMakeFiles/opbase_infer_objs.dir/__/__/__/__/__/__/__/third_party/opbase/src/op_common/op_host/infershape_broadcast_util.cpp.o
      [2026-08-05 16:25:32] [ 32%] Built target version_ops-transformer_info
      [2026-08-05 16:25:32] [ 32%] Building CXX object fla/ops/ascendc/gdn/chunk_gdn_bwd/chunk_bwd_dqkwg/op_host/CMakeFiles/opbase_infer_objs.dir/__/__/__/__/__/__/__/third_party/opbase/src/op_common/op_host/infershape_reduce_util.cpp.o
      [2026-08-05 16:25:32] [ 32%] Built target prepare_wy_repr_bwd_full_ascend910_93_py_copy
      [2026-08-05 16:25:32] [ 32%] Building CXX object fla/ops/ascendc/gdn/chunk_gdn_bwd/chunk_bwd_dqkwg/op_host/CMakeFiles/opbase_infer_objs.dir/__/__/__/__/__/__/__/third_party/opbase/src/op_common/op_host/infershape_elewise_util.cpp.o
      [2026-08-05 16:25:32] [ 32%] Built target recompute_w_u_fwd_ascend910_93_py_copy
      [2026-08-05 16:25:32] [ 32%] Built target ops_utils_inc_kernel_ascend910_93
      [2026-08-05 16:25:32] [ 32%] Linking CXX shared library libop_host_aclnnInner.so
      [2026-08-05 16:25:32] [ 32%] Built target prepare_wy_repr_bwd_da_ascend910_93_py_copy
      [2026-08-05 16:25:32] [ 32%] Built target recurrent_gated_delta_rule_ascend910_93_mkdir
      [2026-08-05 16:25:32] [ 32%] Built target recurrent_gated_delta_rule_ascend910_93_py_copy
      [2026-08-05 16:25:32] [ 32%] Built target gen_version_info
      [2026-08-05 16:25:32] [ 32%] Built target modify_vendor
      [2026-08-05 16:25:32] [ 32%] Generating binary/ascend910_93/src/solve_tri/solve_tri_ascend910_93_src_copy.done
      [2026-08-05 16:25:32] [ 32%] Generating binary/ascend910_93/src/causal_conv1d/causal_conv1d_ascend910_93_src_copy.done
      [2026-08-05 16:25:32] [ 34%] Generating binary/ascend910_93/src/chunk_bwd_dqkwg/chunk_bwd_dqkwg_ascend910_93_src_copy.done
      [2026-08-05 16:25:32] [ 34%] Generating binary/ascend910_93/src/causal_conv1d_bwd/causal_conv1d_bwd_ascend910_93_src_copy.done
      [2026-08-05 16:25:32] [ 34%] Generating binary/ascend910_93/src/chunk_kda_fwd_finalize/chunk_kda_fwd_finalize_ascend910_93_src_copy.done
      [2026-08-05 16:25:32] [ 35%] Generating binary/ascend910_93/src/chunk_fwd_o/chunk_fwd_o_ascend910_93_src_copy.done
      [2026-08-05 16:25:32] [ 37%] Generating binary/ascend910_93/src/chunk_kda_bwd_intra/chunk_kda_bwd_intra_ascend910_93_src_copy.done
      [2026-08-05 16:25:32] [ 37%] Generating binary/ascend910_93/src/chunk_bwd_dv_local/chunk_bwd_dv_local_ascend910_93_src_copy.done
      [2026-08-05 16:25:32] [ 37%] Generating binary/ascend910_93/src/chunk_gated_delta_rule_fwd_h/chunk_gated_delta_rule_fwd_h_ascend910_93_src_copy.done
      [2026-08-05 16:25:32] [ 38%] Generating binary/ascend910_93/src/chunk_kda_fwd_prepare/chunk_kda_fwd_prepare_ascend910_93_src_copy.done
      [2026-08-05 16:25:32] [ 40%] Generating binary/ascend910_93/src/kda_gate_cumsum/kda_gate_cumsum_ascend910_93_src_copy.done
      [2026-08-05 16:25:32] [ 40%] Generating binary/ascend910_93/src/chunk_scaled_dot_kkt/chunk_scaled_dot_kkt_ascend910_93_src_copy.done
      [2026-08-05 16:25:32] [ 40%] Generating binary/ascend910_93/src/chunk_kda_fwd_post_wu/chunk_kda_fwd_post_wu_ascend910_93_src_copy.done
      [2026-08-05 16:25:32] [ 40%] Generating binary/ascend910_93/src/chunk_local_cumsum/chunk_local_cumsum_ascend910_93_src_copy.done
      [2026-08-05 16:25:32] [ 40%] Generating binary/ascend910_93/src/recompute_w_u_fwd/recompute_w_u_fwd_ascend910_93_src_copy.done
      [2026-08-05 16:25:32] [ 41%] Generating binary/ascend910_93/src/prepare_wy_repr_bwd_full/prepare_wy_repr_bwd_full_ascend910_93_src_copy.done
      [2026-08-05 16:25:32] [ 42%] Generating binary/ascend910_93/src/prepare_wy_repr_bwd_da/prepare_wy_repr_bwd_da_ascend910_93_src_copy.done
      [2026-08-05 16:25:32] [ 42%] Generating binary/ascend910_93/src/chunk_gated_delta_rule_bwd_dhu/chunk_gated_delta_rule_bwd_dhu_ascend910_93_src_copy.done
      [2026-08-05 16:25:32] [ 42%] Generating binary/ascend910_93/src/recurrent_gated_delta_rule/recurrent_gated_delta_rule_ascend910_93_src_copy.done
      [2026-08-05 16:25:32] [ 42%] Built target solve_tri_ascend910_93_src_copy
      [2026-08-05 16:25:32] [ 42%] Built target op_host_aclnnInner
      [2026-08-05 16:25:32] [ 42%] Built target prepare_wy_repr_bwd_da_ascend910_93_src_copy
      [2026-08-05 16:25:32] [ 42%] Built target causal_conv1d_ascend910_93_src_copy
      [2026-08-05 16:25:32] [ 42%] Built target chunk_bwd_dqkwg_ascend910_93_src_copy
      [2026-08-05 16:25:32] [ 42%] Built target chunk_kda_fwd_finalize_ascend910_93_src_copy
      [2026-08-05 16:25:32] [ 42%] Built target causal_conv1d_bwd_ascend910_93_src_copy
      [2026-08-05 16:25:32] [ 42%] Built target chunk_local_cumsum_ascend910_93_src_copy
      [2026-08-05 16:25:32] [ 42%] Built target chunk_gated_delta_rule_fwd_h_ascend910_93_src_copy
      [2026-08-05 16:25:32] [ 42%] Built target kda_gate_cumsum_ascend910_93_src_copy
      [2026-08-05 16:25:32] [ 42%] Built target chunk_kda_fwd_post_wu_asCMake Warning at /home/liz23/flash-linear-attention-npu/build/abseil_build_transformer-prefix/src/abseil_build_transformer-stamp/verify-abseil_build_transformer.cmake:15 (message):
        File will not be verified since no URL_HASH specified
      
      
      In file included from /home/w00929470/check0801/ascend/cann-9.2.0/include/op_common/log/log.h:25,
                       from /home/liz23/flash-linear-attention-npu/third_party/opbase/src/op_common/op_host/util/shape_util.cpp:15:
      /home/w00929470/check0801/ascend/cann-9.2.0/include/graph/ge_error_codes.h:15:122: note: ‘#pragma message: Warning: ge_error_codes.h is deprecated and will be removed after 2027-06. Include "graph/error_codes.h" instead.’
         15 |     "Warning: ge_error_codes.h is deprecated and will be removed after 2027-06. Include \"graph/error_codes.h\" instead.")
            |                                                                                                                          ^
      In file included from /home/w00929470/check0801/ascend/cann-9.2.0/include/op_common/log/log.h:25,
                       from /home/liz23/flash-linear-attention-npu/third_party/opbase/src/op_common/op_host/infershape_broadcast_util.cpp:17:
      /home/w00929470/check0801/ascend/cann-9.2.0/include/graph/ge_error_codes.h:15:122: note: ‘#pragma message: Warning: ge_error_codes.h is deprecated and will be removed after 2027-06. Include "graph/error_codes.h" instead.’
         15 |     "Warning: ge_error_codes.h is deprecated and will be removed after 2027-06. Include \"graph/error_codes.h\" instead.")
            |                                                                                                                          ^
      In file included from /home/w00929470/check0801/ascend/cann-9.2.0/include/op_common/log/log.h:25,
                       from /home/liz23/flash-linear-attention-npu/third_party/opbase/src/op_common/log/log.cpp:18:
      /home/w00929470/check0801/ascend/cann-9.2.0/include/graph/ge_error_codes.h:15:122: note: ‘#pragma message: Warning: ge_error_codes.h is deprecated and will be removed after 2027-06. Include "graph/error_codes.h" instead.’
         15 |     "Warning: ge_error_codes.h is deprecated and will be removed after 2027-06. Include \"graph/error_codes.h\" instead.")
            |                                                                                                                          ^
      In file included from /home/w00929470/check0801/ascend/cann-9.2.0/include/op_common/log/log.h:25,
                       from /home/liz23/flash-linear-attention-npu/third_party/opbase/src/op_common/op_host/infershape_reduce_util.cpp:16:
      /home/w00929470/check0801/ascend/cann-9.2.0/include/graph/ge_error_codes.h:15:122: note: ‘#pragma message: Warning: ge_error_codes.h is deprecated and will be removed after 2027-06. Include "graph/error_codes.h" instead.’
         15 |     "Warning: ge_error_codes.h is deprecated and will be removed after 2027-06. Include \"graph/error_codes.h\" instead.")
            |                                                                                                                          ^
      In file included from /home/w00929470/check0801/ascend/cann-9.2.0/include/op_common/log/log.h:25,
                       from /home/liz23/flash-linear-attention-npu/third_party/opbase/src/op_common/op_host/infershape_elewise_util.cpp:16:
      /home/w00929470/check0801/ascend/cann-9.2.0/include/graph/ge_error_codes.h:15:122: note: ‘#pragma message: Warning: ge_error_codes.h is deprecated and will be removed after 2027-06. Include "graph/error_codes.h" instead.’
         15 |     "Warning: ge_error_codes.h is deprecated and will be removed after 2027-06. Include \"graph/error_codes.h\" instead.")
            |                                                                                                                          ^
      In file included from /home/w00929470/check0801/ascend/cann-9.2.0/include/external/ge_common/api_error_codes.h:16,
                       from /home/w00929470/check0801/ascend/cann-9.2.0/include/exe_graph/runtime/continuous_vector.h:20,
                       from /home/w00929470/check0801/ascend/cann-9.2.0/include/exe_graph/runtime/runtime_attrs.h:16,
                       from /home/w00929470/check0801/ascend/cann-9.2.0/include/exe_graph/runtime/op_execute_context.h:16,
                       from /home/liz23/flash-linear-attention-npu/common/include/fallback/fallback_comm.h:21,
                       from /home/liz23/flash-linear-attention-npu/common/src/fallback_comm.cpp:17:
      /home/w00929470/check0801/ascend/cann-9.2.0/include/external/ge_common/ge_error_codes.h:15:122: note: ‘#pragma message: Warning: ge_error_codes.h is deprecated and will be removed after 2027-06. Include "graph/error_codes.h" instead.’
         15 |     "Warning: ge_error_codes.h is deprecated and will be removed after 2027-06. Include \"graph/error_codes.h\" instead.")
            |                                                                                                                          ^
      In file included from /home/w00929470/check0801/ascend/cann-9.2.0/include/external/ge_common/api_error_codes.h:17,
                       from /home/w00929470/check0801/ascend/cann-9.2.0/include/exe_graph/runtime/continuous_vector.h:20,
                       from /home/w00929470/check0801/ascend/cann-9.2.0/include/exe_graph/runtime/runtime_attrs.h:16,
                       from /home/w00929470/check0801/ascend/cann-9.2.0/include/exe_graph/runtime/op_execute_context.h:16,
                       from /home/liz23/flash-linear-attention-npu/common/include/fallback/fallback_comm.h:21,
                       from /home/liz23/flash-linear-attention-npu/common/src/fallback_comm.cpp:17:
      /home/w00929470/check0801/ascend/cann-9.2.0/include/external/ge_common/ge_api_types.h:15:122: note: ‘#pragma message: Warning: ge_api_types.h is deprecated and will be removed after 2027-06. Include "ge_common_api_types.h" instead.’
         15 |     "Warning: ge_api_types.h is deprecated and will be removed after 2027-06. Include \"ge_common_api_types.h\" instead.")
            |                                                                                                                          ^
      In file included from /home/w00929470/check0801/ascend/cann-9.2.0/include/external/ge_common/api_error_codes.h:16,
                       from /home/w00929470/check0801/ascend/cann-9.2.0/include/exe_graph/runtime/continuous_vector.h:20,
                       from /home/w00929470/check0801/ascend/cann-9.2.0/include/exe_graph/runtime/runtime_attrs.h:16,
                       from /home/w00929470/check0801/ascend/cann-9.2.0/include/exe_graph/runtime/infer_shape_context.h:16,
                       from /home/w00929470/check0801/ascend/cann-9.2.0/include/op_common/op_host/infershape_broadcast_util.h:19,
                       from /home/liz23/flash-linear-attention-npu/third_party/opbase/src/op_common/op_host/infershape_broadcast_util.cpp:18:
      /home/w00929470/check0801/ascend/cann-9.2.0/include/external/ge_common/ge_error_codes.h:15:122: note: ‘#pragma message: Warning: ge_error_codes.h is deprecated and will be removed after 2027-06. Include "graph/error_codes.h" instead.’
         15 |     "Warning: ge_error_codes.h is deprecated and will be removed after 2027-06. Include \"graph/error_codes.h\" instead.")
            |                                                                                                                          ^
      In file included from /home/w00929470/check0801/ascend/cann-9.2.0/include/external/ge_common/api_error_codes.h:17,
                       from /home/w00929470/check0801/ascend/cann-9.2.0/include/exe_graph/runtime/continuous_vector.h:20,
                       from /home/w00929470/check0801/ascend/cann-9.2.0/include/exe_graph/runtime/runtime_attrs.h:16,
                       from /home/w00929470/check0801/ascend/cann-9.2.0/include/exe_graph/runtime/infer_shape_context.h:16,
                       from /home/w00929470/check0801/ascend/cann-9.2.0/include/op_common/op_host/infershape_broadcast_util.h:19,
                       from /home/liz23/flash-linear-attention-npu/third_party/opbase/src/op_common/op_host/infershape_broadcast_util.cpp:18:
      /home/w00929470/check0801/ascend/cann-9.2.0/include/external/ge_common/ge_api_types.h:15:122: note: ‘#pragma message: Warning: ge_api_types.h is deprecated and will be removed after 2027-06. Include "ge_common_api_types.h" instead.’
         15 |     "Warning: ge_api_types.h is deprecated and will be removed after 2027-06. Include \"ge_common_api_types.h\" instead.")
            |                                                                                                                          ^
      In file included from /home/w00929470/check0801/ascend/cann-9.2.0/include/external/ge_common/api_error_codes.h:16,
                       from /home/w00929470/check0801/ascend/cann-9.2.0/include/exe_graph/runtime/continuous_vector.h:20,
                       from /home/w00929470/check0801/ascend/cann-9.2.0/include/exe_graph/runtime/runtime_attrs.h:16,
                       from /home/w00929470/check0801/ascend/cann-9.2.0/include/exe_graph/runtime/infer_shape_context.h:16,
                       from /home/w00929470/check0801/ascend/cann-9.2.0/include/register/op_impl_registry.h:19,
                       from /home/liz23/flash-linear-attention-npu/common/include/tiling_base/tiling_util.h:19,
                       from /home/liz23/flash-linear-attention-npu/common/src/tiling_base/tiling_util.cpp:16:
      /home/w00929470/check0801/ascend/cann-9.2.0/include/external/ge_common/ge_error_codes.h:15:122: note: ‘#pragma message: Warning: ge_error_codes.h is deprecated and will be removed after 2027-06. Include "graph/error_codes.h" instead.’
         15 |     "Warning: ge_error_codes.h is deprecated and will be removed after 2027-06. Include \"graph/error_codes.h\" instead.")
            |                                                                                                                          ^
      In file included from /home/w00929470/check0801/ascend/cann-9.2.0/include/external/ge_common/api_error_codes.h:17,
                       from /home/w00929470/check0801/ascend/cann-9.2.0/include/exe_graph/runtime/continuous_vector.h:20,
                       from /home/w00929470/check0801/ascend/cann-9.2.0/include/exe_graph/runtime/runtime_attrs.h:16,
                       from /home/w00929470/check0801/ascend/cann-9.2.0/include/exe_graph/runtime/infer_shape_context.h:16,
                       from /home/w00929470/check0801/ascend/cann-9.2.0/include/register/op_impl_registry.h:19,
                       from /home/liz23/flash-linear-attention-npu/common/include/tiling_base/tiling_util.h:19,
                       from /home/liz23/flash-linear-attention-npu/common/src/tiling_base/tiling_util.cpp:16:
      /home/w00929470/check0801/ascend/cann-9.2.0/include/external/ge_common/ge_api_types.h:15:122: note: ‘#pragma message: Warning: ge_api_types.h is deprecated and will be removed after 2027-06. Include "ge_common_api_types.h" instead.’
         15 |     "Warning: ge_api_types.h is deprecated and will be removed after 2027-06. Include \"ge_common_api_types.h\" instead.")
            |                                                                                                                          ^
      In file included from /home/w00929470/check0801/ascend/cann-9.2.0/include/external/ge_common/api_error_codes.h:16,
                       from /home/w00929470/check0801/ascend/cann-9.2.0/include/exe_graph/runtime/continuous_vector.h:20,
                       from /home/w00929470/check0801/ascend/cann-9.2.0/include/exe_graph/runtime/runtime_attrs.h:16,
                       from /home/w00929470/check0801/ascend/cann-9.2.0/include/exe_graph/runtime/op_execute_context.h:16,
                       from /home/liz23/flash-linear-attention-npu/common/include/fallback/fallback_comm_2stages.h:17,
                       from /home/liz23/flash-linear-attention-npu/common/src/fallback_comm_2stages.cpp:16:
      /home/w00929470/check0801/ascend/cann-9.2.0/include/external/ge_common/ge_error_codes.h:15:122: note: ‘#pragma message: Warning: ge_error_codes.h is deprecated and will be removed after 2027-06. Include "graph/error_codes.h" instead.’
         15 |     "Warning: ge_error_codes.h is deprecated and will be removed after 2027-06. Include \"graph/error_codes.h\" instead.")
            |                                                                                                                          ^
      In file included from /home/w00929470/check0801/ascend/cann-9.2.0/include/external/ge_common/api_error_codes.h:17,
                       from /home/w00929470/check0801/ascend/cann-9.2.0/include/exe_graph/runtime/continuous_vector.h:20,
                       from /home/w00929470/check0801/ascend/cann-9.2.0/include/exe_graph/runtime/runtime_attrs.h:16,
                       from /home/w00929470/check0801/ascend/cann-9.2.0/include/exe_graph/runtime/op_execute_context.h:16,
                       from /home/liz23/flash-linear-attention-npu/common/include/fallback/fallback_comm_2stages.h:17,
                       from /home/liz23/flash-linear-attention-npu/common/src/fallback_comm_2stages.cpp:16:
      /home/w00929470/check0801/ascend/cann-9.2.0/include/external/ge_common/ge_api_types.h:15:122: note: ‘#pragma message: Warning: ge_api_types.h is deprecated and will be removed after 2027-06. Include "ge_common_api_types.h" instead.’
         15 |     "Warning: ge_api_types.h is deprecated and will be removed after 2027-06. Include \"ge_common_api_types.h\" instead.")
            |                                                                                                                          ^
      In file included from /home/w00929470/check0801/ascend/cann-9.2.0/include/external/ge_common/api_error_codes.h:16,
                       from /home/w00929470/check0801/ascend/cann-9.2.0/include/exe_graph/runtime/continuous_vector.h:20,
                       from /home/w00929470/check0801/ascend/cann-9.2.0/include/exe_graph/runtime/runtime_attrs.h:16,
                       from /home/w00929470/check0801/ascend/cann-9.2.0/include/exe_graph/runtime/infer_shape_context.h:16,
                       from /home/w00929470/check0801/ascend/cann-9.2.0/include/op_common/op_host/infershape_reduce_util.h:18,
                       from /home/liz23/flash-linear-attention-npu/third_party/opbase/src/op_common/op_host/infershape_reduce_util.cpp:17:
      /home/w00929470/check0801/ascend/cann-9.2.0/include/external/ge_common/ge_error_codes.h:15:122: note: ‘#pragma message: Warning: ge_error_codes.h is deprecated and will be removed after 2027-06. Include "graph/error_codes.h" instead.’
         15 |     "Warning: ge_error_codes.h is deprecated and will be removed after 2027-06. Include \"graph/error_codes.h\" instead.")
            |                                                                                                                          ^
      In file included from /home/w00929470/check0801/ascend/cann-9.2.0/include/external/ge_common/api_error_codes.h:17,
                       from /home/w00929470/check0801/ascend/cann-9.2.0/include/exe_graph/runtime/continuous_vector.h:20,
                       from /home/w00929470/check0801/ascend/cann-9.2.0/include/exe_graph/runtime/runtime_attrs.h:16,
                       from /home/w00929470/check0801/ascend/cann-9.2.0/include/exe_graph/runtime/infer_shape_context.h:16,
                       from /home/w00929470/check0801/ascend/cann-9.2.0/include/op_common/op_host/infershape_reduce_util.h:18,
                       from /home/liz23/flash-linear-attention-npu/third_party/opbase/src/op_common/op_host/infershape_reduce_util.cpp:17:
      /home/w00929470/check0801/ascend/cann-9.2.0/include/external/ge_common/ge_api_types.h:15:122: note: ‘#pragma message: Warning: ge_api_types.h is deprecated and will be removed after 2027-06. Include "ge_common_api_types.h" instead.’
         15 |     "Warning: ge_api_types.h is deprecated and will be removed after 2027-06. Include \"ge_common_api_types.h\" instead.")
            |                                                                                                                          ^
      In file included from /home/w00929470/check0801/ascend/cann-9.2.0/include/external/ge_common/api_error_codes.h:16,
                       from /home/w00929470/check0801/ascend/cann-9.2.0/include/exe_graph/runtime/continuous_vector.h:20,
                       from /home/w00929470/check0801/ascend/cann-9.2.0/include/exe_graph/runtime/tiling_context.h:15,
                       from /home/liz23/flash-linear-attention-npu/common/stub/op_tiling/tbe_tiling_api.h:20,
                       from /home/liz23/flash-linear-attention-npu/common/stub/op_tiling/tbe_tiling_api.cpp:11:
      /home/w00929470/check0801/ascend/cann-9.2.0/include/external/ge_common/ge_error_codes.h:15:122: note: ‘#pragma message: Warning: ge_error_codes.h is deprecated and will be removed after 2027-06. Include "graph/error_codes.h" instead.’
         15 |     "Warning: ge_error_codes.h is deprecated and will be removed after 2027-06. Include \"graph/error_codes.h\" instead.")
            |                                                                                                                          ^
      In file included from /home/w00929470/check0801/ascend/cann-9.2.0/include/external/ge_common/api_error_codes.h:16,
                       from /home/w00929470/check0801/ascend/cann-9.2.0/include/exe_graph/runtime/continuous_vector.h:20,
                       from /home/w00929470/check0801/ascend/cann-9.2.0/include/exe_graph/runtime/tiling_context.h:15,
                       from /home/w00929470/check0801/ascend/cann-9.2.0/aarch64-linux/pkg_inc/op_common/atvoss/reduce/reduce_tiling.h:20,
                       from /home/liz23/flash-linear-attention-npu/third_party/opbase/src/op_common/atvoss/reduce/reduce_tiling.cpp:16:
      /home/w00929470/check0801/ascend/cann-9.2.0/include/external/ge_common/ge_error_codes.h:15:122: note: ‘#pragma message: Warning: ge_error_codes.h is deprecated and will be removed after 2027-06. Include "graph/error_codes.h" instead.’
         15 |     "Warning: ge_error_codes.h is deprecated and will be removed after 2027-06. Include \"graph/error_codes.h\" instead.")
            |                                                                                                                          ^
      In file included from /home/w00929470/check0801/ascend/cann-9.2.0/include/external/ge_common/api_error_codes.h:17,
                       from /home/w00929470/check0801/ascend/cann-9.2.0/include/exe_graph/runtime/continuous_vector.h:20,
                       from /home/w00929470/check0801/ascend/cann-9.2.0/include/exe_graph/runtime/tiling_context.h:15,
                       from /home/liz23/flash-linear-attention-npu/common/stub/op_tiling/tbe_tiling_api.h:20,
                       from /home/liz23/flash-linear-attention-npu/common/stub/op_tiling/tbe_tiling_api.cpp:11:
      /home/w00929470/check0801/ascend/cann-9.2.0/include/external/ge_common/ge_api_types.h:15:122: note: ‘#pragma message: Warning: ge_api_types.h is deprecated and will be removed after 2027-06. Include "ge_common_api_types.h" instead.’
         15 |     "Warning: ge_api_types.h is deprecated and will be removed after 2027-06. Include \"ge_common_api_types.h\" instead.")
            |                                                                                                                          ^
      In file included from /home/w00929470/check0801/ascend/cann-9.2.0/include/external/ge_common/api_error_codes.h:17,
                       from /home/w00929470/check0801/ascend/cann-9.2.0/include/exe_graph/runtime/continuous_vector.h:20,
                       from /home/w00929470/check0801/ascend/cann-9.2.0/include/exe_graph/runtime/tiling_context.h:15,
                       from /home/w00929470/check0801/ascend/cann-9.2.0/aarch64-linux/pkg_inc/op_common/atvoss/reduce/reduce_tiling.h:20,
                       from /home/liz23/flash-linear-attention-npu/third_party/opbase/src/op_common/atvoss/reduce/reduce_tiling.cpp:16:
      /home/w00929470/check0801/ascend/cann-9.2.0/include/external/ge_common/ge_api_types.h:15:122: note: ‘#pragma message: Warning: ge_api_types.h is deprecated and will be removed after 2027-06. Include "ge_common_api_types.h" instead.’
         15 |     "Warning: ge_api_types.h is deprecated and will be removed after 2027-06. Include \"ge_common_api_types.h\" instead.")
            |                                                                                                                          ^
      In file included from /home/w00929470/check0801/ascend/cann-9.2.0/include/external/ge_common/api_error_codes.h:16,
                       from /home/w00929470/check0801/ascend/cann-9.2.0/include/exe_graph/runtime/continuous_vector.h:20,
                       from /home/w00929470/check0801/ascend/cann-9.2.0/include/exe_graph/runtime/runtime_attrs.h:16,
                       from /home/w00929470/check0801/ascend/cann-9.2.0/include/exe_graph/runtime/infer_shape_context.h:16,
                       from /home/w00929470/check0801/ascend/cann-9.2.0/include/op_common/op_host/infershape_elewise_util.h:18,
                       from /home/liz23/flash-linear-attention-npu/third_party/opbase/src/op_common/op_host/infershape_elewise_util.cpp:17:
      /home/w00929470/check0801/ascend/cann-9.2.0/include/external/ge_common/ge_error_codes.h:15:122: note: ‘#pragma message: Warning: ge_error_codes.h is deprecated and will be removed after 2027-06. Include "graph/error_codes.h" instead.’
         15 |     "Warning: ge_error_codes.h is deprecated and will be removed after 2027-06. Include \"graph/error_codes.h\" instead.")
            |                                                                                                                          ^
      In file included from /home/w00929470/check0801/ascend/cann-9.2.0/include/external/ge_common/api_error_codes.h:17,
                       from /home/w00929470/check0801/ascend/cann-9.2.0/include/exe_graph/runtime/continuous_vector.h:20,
                       from /home/w00929470/check0801/ascend/cann-9.2.0/include/exe_graph/runtime/runtime_attrs.h:16,
                       from /home/w00929470/check0801/ascend/cann-9.2.0/include/exe_graph/runtime/infer_shape_context.h:16,
                       from /home/w00929470/check0801/ascend/cann-9.2.0/include/op_common/op_host/infershape_elewise_util.h:18,
                       from /home/liz23/flash-linear-attention-npu/third_party/opbase/src/op_common/op_host/infershape_elewise_util.cpp:17:
      /home/w00929470/check0801/ascend/cann-9.2.0/include/external/ge_common/ge_api_types.h:15:122: note: ‘#pragma message: Warning: ge_api_types.h is deprecated and will be removed after 2027-06. Include "ge_common_api_types.h" instead.’
         15 |     "Warning: ge_api_types.h is deprecated and will be removed after 2027-06. Include \"ge_common_api_types.h\" instead.")
            |                                                                                                                          ^
      In file included from /home/w00929470/check0801/ascend/cann-9.2.0/aarch64-linux/include/aclnn/opdev/common_types.h:21,
                       from /home/w00929470/check0801/ascend/cann-9.2.0/aarch64-linux/include/aclnn/opdev/op_executor.h:20,
                       from /home/liz23/flash-linear-attention-npu/common/stub/op_api/opapi_stub.cpp:17:
      /home/w00929470/check0801/ascend/cann-9.2.0/include/exe_graph/runtime/tensor.h:14:111: note: ‘#pragma message: Warning: tensor.h is deprecated and will be removed after 2027-06. Include "runtime_tensor.h" instead.’
         14 |     "Warning: tensor.h is deprecated and will be removed after 2027-06. Include \"runtime_tensor.h\" instead.")
            |                                                                                                               ^
      In file included from /home/w00929470/check0801/ascend/cann-9.2.0/include/op_common/log/log.h:25,
                       from /home/w00929470/check0801/ascend/cann-9.2.0/aarch64-linux/pkg_inc/op_common/atvoss/broadcast/broadcast_tiling_base.h:20,
                       from /home/liz23/flash-linear-attention-npu/third_party/opbase/src/op_common/atvoss/broadcast/broadcast_tiling_base.cpp:15:
      /home/w00929470/check0801/ascend/cann-9.2.0/include/graph/ge_error_codes.h:15:122: note: ‘#pragma message: Warning: ge_error_codes.h is deprecated and will be removed after 2027-06. Include "graph/error_codes.h" instead.’
         15 |     "Warning: ge_error_codes.h is deprecated and will be removed after 2027-06. Include \"graph/error_codes.h\" instead.")
            |                                                                                                                          ^
      In file included from /home/w00929470/check0801/ascend/cann-9.2.0/include/external/ge_common/api_error_codes.h:16,
                       from /home/w00929470/check0801/ascend/cann-9.2.0/include/exe_graph/runtime/continuous_vector.h:20,
                       from /home/w00929470/check0801/ascend/cann-9.2.0/include/exe_graph/runtime/tiling_context.h:15,
                       from /home/liz23/flash-linear-attention-npu/common/stub/op_tiling/runtime_kb_api.h:16,
                       from /home/liz23/flash-linear-attention-npu/common/stub/op_tiling/runtime_kb_api.cpp:12:
      /home/w00929470/check0801/ascend/cann-9.2.0/include/external/ge_common/ge_error_codes.h:15:122: note: ‘#pragma message: Warning: ge_error_codes.h is deprecated and will be removed after 2027-06. Include "graph/error_codes.h" instead.’
         15 |     "Warning: ge_error_codes.h is deprecated and will be removed after 2027-06. Include \"graph/error_codes.h\" instead.")
            |                                                                                                                          ^
      In file included from /home/w00929470/check0801/ascend/cann-9.2.0/include/external/ge_common/api_error_codes.h:16,
                       from /home/w00929470/check0801/ascend/cann-9.2.0/include/exe_graph/runtime/continuous_vector.h:20,
                       from /home/w00929470/check0801/ascend/cann-9.2.0/include/exe_graph/runtime/runtime_attrs.h:16,
                       from /home/w00929470/check0801/ascend/cann-9.2.0/include/exe_graph/runtime/infer_shape_context.h:16,
                       from /home/w00929470/check0801/ascend/cann-9.2.0/include/register/op_impl_registry.h:19,
                       from /home/w00929470/check0801/ascend/cann-9.2.0/include/register/op_def.h:19,
                       from /home/w00929470/check0801/ascend/cann-9.2.0/include/register/op_def_registry.h:14,
                       from /home/liz23/flash-linear-attention-npu/fla/ops/ascendc/gdn/gdn_preprocess/causal_conv1d_bwd/op_host/causal_conv1d_bwd_def.cpp:15:
      /home/w00929470/check0801/ascend/cann-9.2.0/include/external/ge_common/ge_error_codes.h:15:122: note: ‘#pragma message: Warning: ge_error_codes.h is deprecated and will be removed after 2027-06. Include "graph/error_codes.h" instead.’
         15 |     "Warning: ge_error_codes.h is deprecated and will be removed after 2027-06. Include \"graph/error_codes.h\" instead.")
            |                                                                                                                          ^
      In file included from /home/w00929470/check0801/ascend/cann-9.2.0/include/external/ge_common/api_error_codes.h:17,
                       from /home/w00929470/check0801/ascend/cann-9.2.0/include/exe_graph/runtime/continuous_vector.h:20,
                       from /home/w00929470/check0801/ascend/cann-9.2.0/include/exe_graph/runtime/tiling_context.h:15,
                       from /home/liz23/flash-linear-attention-npu/common/stub/op_tiling/runtime_kb_api.h:16,
                       from /home/liz23/flash-linear-attention-npu/common/stub/op_tiling/runtime_kb_api.cpp:12:
      /home/w00929470/check0801/ascend/cann-9.2.0/include/external/ge_common/ge_api_types.h:15:122: note: ‘#pragma message: Warning: ge_api_types.h is deprecated and will be removed after 2027-06. Include "ge_common_api_types.h" instead.’
         15 |     "Warning: ge_api_types.h is deprecated and will be removed after 2027-06. Include \"ge_common_api_types.h\" instead.")
            |                                                                                                                          ^
      In file included from /home/w00929470/check0801/ascend/cann-9.2.0/include/external/ge_common/api_error_codes.h:17,
                       from /home/w00929470/check0801/ascend/cann-9.2.0/include/exe_graph/runtime/continuous_vector.h:20,
                       from /home/w00929470/check0801/ascend/cann-9.2.0/include/exe_graph/runtime/runtime_attrs.h:16,
                       from /home/w00929470/check0801/ascend/cann-9.2.0/include/exe_graph/runtime/infer_shape_context.h:16,
                       from /home/w00929470/check0801/ascend/cann-9.2.0/include/register/op_impl_registry.h:19,
                       from /home/w00929470/check0801/ascend/cann-9.2.0/include/register/op_def.h:19,
                       from /home/w00929470/check0801/ascend/cann-9.2.0/include/register/op_def_registry.h:14,
                       from /home/liz23/flash-linear-attention-npu/fla/ops/ascendc/gdn/gdn_preprocess/causal_conv1d_bwd/op_host/causal_conv1d_bwd_def.cpp:15:
      /home/w00929470/check0801/ascend/cann-9.2.0/include/external/ge_common/ge_api_types.h:15:122: note: ‘#pragma message: Warning: ge_api_types.h is deprecated and will be removed after 2027-06. Include "ge_common_api_types.h" instead.’
         15 |     "Warning: ge_api_types.h is deprecated and will be removed after 2027-06. Include \"ge_common_api_types.h\" instead.")
            |                                                                                                                          ^
      In file included from /home/w00929470/check0801/ascend/cann-9.2.0/include/op_common/log/log.h:25,
                       from /home/w00929470/check0801/ascend/cann-9.2.0/aarch64-linux/pkg_inc/op_common/atvoss/broadcast/broadcast_tiling_base.h:20,
                       from /home/w00929470/check0801/ascend/cann-9.2.0/aarch64-linux/pkg_inc/op_common/atvoss/broadcast/broadcast_tiling.h:18,
                       from /home/liz23/flash-linear-attention-npu/third_party/opbase/src/op_common/atvoss/broadcast/broadcast_tiling.cpp:17:
      /home/w00929470/check0801/ascend/cann-9.2.0/include/graph/ge_error_codes.h:15:122: note: ‘#pragma message: Warning: ge_error_codes.h is deprecated and will be removed after 2027-06. Include "graph/error_codes.h" instead.’
         15 |     "Warning: ge_error_codes.h is deprecated and will be removed after 2027-06. Include \"graph/error_codes.h\" instead.")
            |                                                                                                                          ^
      In file included from /home/w00929470/check0801/ascend/cann-9.2.0/include/external/ge_common/api_error_codes.h:16,
                       from /home/w00929470/check0801/ascend/cann-9.2.0/include/exe_graph/runtime/continuous_vector.h:20,
                       from /home/w00929470/check0801/ascend/cann-9.2.0/include/exe_graph/runtime/runtime_attrs.h:16,
                       from /home/w00929470/check0801/ascend/cann-9.2.0/include/exe_graph/runtime/infer_shape_context.h:16,
                       from /home/w00929470/check0801/ascend/cann-9.2.0/include/register/op_impl_registry.h:19,
                       from /home/w00929470/check0801/ascend/cann-9.2.0/include/register/op_def.h:19,
                       from /home/w00929470/check0801/ascend/cann-9.2.0/include/register/op_def_registry.h:14,
                       from /home/liz23/flash-linear-attention-npu/fla/ops/ascendc/gdn/gdn_preprocess/causal_conv1d/op_host/causal_conv1d_def.cpp:14:
      /home/w00929470/check0801/ascend/cann-9.2.0/include/external/ge_common/ge_error_codes.h:15:122: note: ‘#pragma message: Warning: ge_error_codes.h is deprecated and will be removed after 2027-06. Include "graph/error_codes.h" instead.’
         15 |     "Warning: ge_error_codes.h is deprecated and will be removed after 2027-06. Include \"graph/error_codes.h\" instead.")
            |                                                                                                                          ^
      In file included from /home/w00929470/check0801/ascend/cann-9.2.0/include/external/ge_common/api_error_codes.h:17,
                       from /home/w00929470/check0801/ascend/cann-9.2.0/include/exe_graph/runtime/continuous_vector.h:20,
                       from /home/w00929470/check0801/ascend/cann-9.2.0/include/exe_graph/runtime/runtime_attrs.h:16,
                       from /home/w00929470/check0801/ascend/cann-9.2.0/include/exe_graph/runtime/infer_shape_context.h:16,
                       from /home/w00929470/check0801/ascend/cann-9.2.0/include/register/op_impl_registry.h:19,
                       from /home/w00929470/check0801/ascend/cann-9.2.0/include/register/op_def.h:19,
                       from /home/w00929470/check0801/ascend/cann-9.2.0/include/register/op_def_registry.h:14,
                       from /home/liz23/flash-linear-attention-npu/fla/ops/ascendc/gdn/gdn_preprocess/causal_conv1d/op_host/causal_conv1d_def.cpp:14:
      /home/w00929470/check0801/ascend/cann-9.2.0/include/external/ge_common/ge_api_types.h:15:122: note: ‘#pragma message: Warning: ge_api_types.h is deprecated and will be removed after 2027-06. Include "ge_common_api_types.h" instead.’
         15 |     "Warning: ge_api_types.h is deprecated and will be removed after 2027-06. Include \"ge_common_api_types.h\" instead.")
            |                                                                                                                          ^
      In file included from /home/w00929470/check0801/ascend/cann-9.2.0/include/external/ge_common/api_error_codes.h:16,
                       from /home/w00929470/check0801/ascend/cann-9.2.0/include/exe_graph/runtime/continuous_vector.h:20,
                       from /home/w00929470/check0801/ascend/cann-9.2.0/include/exe_graph/runtime/runtime_attrs.h:16,
                       from /home/w00929470/check0801/ascend/cann-9.2.0/include/exe_graph/runtime/infer_shape_context.h:16,
                       from /home/w00929470/check0801/ascend/cann-9.2.0/include/register/op_impl_registry.h:19,
                       from /home/w00929470/check0801/ascend/cann-9.2.0/include/register/op_def.h:19,
                       from /home/w00929470/check0801/ascend/cann-9.2.0/include/register/op_def_registry.h:14,
                       from /home/liz23/flash-linear-attention-npu/fla/ops/ascendc/gdn/chunk_gdn_fwd/recompute_w_u_fwd/op_host/recompute_wu_fwd_def.cpp:15:
      /home/w00929470/check0801/ascend/cann-9.2.0/include/external/ge_common/ge_error_codes.h:15:122: note: ‘#pragma message: Warning: ge_error_codes.h is deprecated and will be removed after 2027-06. Include "graph/error_codes.h" instead.’
         15 |     "Warning: ge_error_codes.h is deprecated and will be removed after 2027-06. Include \"graph/error_codes.h\" instead.")
            |                                                                                                                          ^
      In file included from /home/w00929470/check0801/ascend/cann-9.2.0/include/external/ge_common/api_error_codes.h:17,
                       from /home/w00929470/check0801/ascend/cann-9.2.0/include/exe_graph/runtime/continuous_vector.h:20,
                       from /home/w00929470/check0801/ascend/cann-9.2.0/include/exe_graph/runtime/runtime_attrs.h:16,
                       from /home/w00929470/check0801/ascend/cann-9.2.0/include/exe_graph/runtime/infer_shape_context.h:16,
                       from /home/w00929470/check0801/ascend/cann-9.2.0/include/register/op_impl_registry.h:19,
                       from /home/w00929470/check0801/ascend/cann-9.2.0/include/register/op_def.h:19,
                       from /home/w00929470/check0801/ascend/cann-9.2.0/include/register/op_def_registry.h:14,
                       from /home/liz23/flash-linear-attention-npu/fla/ops/ascendc/gdn/chunk_gdn_fwd/recompute_w_u_fwd/op_host/recompute_wu_fwd_def.cpp:15:
      /home/w00929470/check0801/ascend/cann-9.2.0/include/external/ge_common/ge_api_types.h:15:122: note: ‘#pragma message: Warning: ge_api_types.h is deprecated and will be removed after 2027-06. Include "ge_common_api_types.h" instead.’
         15 |     "Warning: ge_api_types.h is deprecated and will be removed after 2027-06. Include \"ge_common_api_types.h\" instead.")
            |                                                                                                                          ^
      In file included from /home/w00929470/check0801/ascend/cann-9.2.0/include/op_common/log/log.h:25,
                       from /home/w00929470/check0801/ascend/cann-9.2.0/aarch64-linux/pkg_inc/op_common/atvoss/broadcast/broadcast_tiling_base.h:20,
                       from /home/w00929470/check0801/ascend/cann-9.2.0/aarch64-linux/pkg_inc/op_common/atvoss/broadcast/broadcast_tiling_noncontiguous.h:18,
                       from /home/liz23/flash-linear-attention-npu/third_party/opbase/src/op_common/atvoss/broadcast/broadcast_tiling_noncontiguous.cpp:15:
      /home/w00929470/check0801/ascend/cann-9.2.0/include/graph/ge_error_codes.h:15:122: note: ‘#pragma message: Warning: ge_error_codes.h is deprecated and will be removed after 2027-06. Include "graph/error_codes.h" instead.’
         15 |     "Warning: ge_error_codes.h is deprecated and will be removed after 2027-06. Include \"graph/error_codes.h\" instead.")
            |                                                                                                                          ^
      In file included from /home/w00929470/check0801/ascend/cann-9.2.0/include/external/ge_common/api_error_codes.h:16,
                       from /home/w00929470/check0801/ascend/cann-9.2.0/include/exe_graph/runtime/continuous_vector.h:20,
                       from /home/w00929470/check0801/ascend/cann-9.2.0/include/exe_graph/runtime/runtime_attrs.h:16,
                       from /home/w00929470/check0801/ascend/cann-9.2.0/include/exe_graph/runtime/infer_shape_context.h:16,
                       from /home/w00929470/check0801/ascend/cann-9.2.0/include/register/op_impl_registry.h:19,
                       from /home/w00929470/check0801/ascend/cann-9.2.0/include/register/op_def.h:19,
                       from /home/w00929470/check0801/ascend/cann-9.2.0/include/register/op_def_registry.h:14,
                       from /home/liz23/flash-linear-attention-npu/fla/ops/ascendc/gdn/chunk_gdn_fwd/chunk_scaled_dot_kkt/op_host/chunk_scaled_dot_kkt_def.cpp:1:
      /home/w00929470/check0801/ascend/cann-9.2.0/include/external/ge_common/ge_error_codes.h:15:122: note: ‘#pragma message: Warning: ge_error_codes.h is deprecated and will be removed after 2027-06. Include "graph/error_codes.h" instead.’
         15 |     "Warning: ge_error_codes.h is deprecated and will be removed after 2027-06. Include \"graph/error_codes.h\" instead.")
            |                                                                                                                          ^
      In file included from /home/w00929470/check0801/ascend/cann-9.2.0/include/external/ge_common/api_error_codes.h:17,
                       from /home/w00929470/check0801/ascend/cann-9.2.0/include/exe_graph/runtime/continuous_vector.h:20,
                       from /home/w00929470/check0801/ascend/cann-9.2.0/include/exe_graph/runtime/runtime_attrs.h:16,
                       from /home/w00929470/check0801/ascend/cann-9.2.0/include/exe_graph/runtime/infer_shape_context.h:16,
                       from /home/w00929470/check0801/ascend/cann-9.2.0/include/register/op_impl_registry.h:19,
                       from /home/w00929470/check0801/ascend/cann-9.2.0/include/register/op_def.h:19,
                       from /home/w00929470/check0801/ascend/cann-9.2.0/include/register/op_def_registry.h:14,
                       from /home/liz23/flash-linear-attention-npu/fla/ops/ascendc/gdn/chunk_gdn_fwd/chunk_scaled_dot_kkt/op_host/chunk_scaled_dot_kkt_def.cpp:1:
      /home/w00929470/check0801/ascend/cann-9.2.0/include/external/ge_common/ge_api_types.h:15:122: note: ‘#pragma message: Warning: ge_api_types.h is deprecated and will be removed after 2027-06. Include "ge_common_api_types.h" instead.’
         15 |     "Warning: ge_api_types.h is deprecated and will be removed after 2027-06. Include \"ge_common_api_types.h\" instead.")
            |                                                                                                                          ^
      In file included from /home/w00929470/check0801/ascend/cann-9.2.0/include/external/ge_common/api_error_codes.h:16,
                       from /home/w00929470/check0801/ascend/cann-9.2.0/include/exe_graph/runtime/continuous_vector.h:20,
                       from /home/w00929470/check0801/ascend/cann-9.2.0/include/exe_graph/runtime/tiling_context.h:15,
                       from /home/liz23/flash-linear-attention-npu/fla/ops/ascendc/gdn/chunk_gdn_bwd/prepare_wy_repr_bwd_da/op_host/op_tiling/prepare_wy_repr_bwd_da_tiling.h:17,
                       from /home/liz23/flash-linear-attention-npu/fla/ops/ascendc/gdn/chunk_gdn_bwd/prepare_wy_repr_bwd_da/op_host/op_tiling/prepare_wy_repr_bwd_da_tiling.cpp:15:
      /home/w00929470/check0801/ascend/cann-9.2.0/include/external/ge_common/ge_error_codes.h:15:122: note: ‘#pragma message: Warning: ge_error_codes.h is deprecated and will be removed after 2027-06. Include "graph/error_codes.h" instead.’
         15 |     "Warning: ge_error_codes.h is deprecated and will be removed after 2027-06. Include \"graph/error_codes.h\" instead.")
            |                                                                                                                          ^
      In file included from /home/w00929470/check0801/ascend/cann-9.2.0/include/external/ge_common/api_error_codes.h:17,
                       from /home/w00929470/check0801/ascend/cann-9.2.0/include/exe_graph/runtime/continuous_vector.h:20,
                       from /home/w00929470/check0801/ascend/cann-9.2.0/include/exe_graph/runtime/tiling_context.h:15,
                       from /home/liz23/flash-linear-attention-npu/fla/ops/ascendc/gdn/chunk_gdn_bwd/prepare_wy_repr_bwd_da/op_host/op_tiling/prepare_wy_repr_bwd_da_tiling.h:17,
                       from /home/liz23/flash-linear-attention-npu/fla/ops/ascendc/gdn/chunk_gdn_bwd/prepare_wy_repr_bwd_da/op_host/op_tiling/prepare_wy_repr_bwd_da_tiling.cpp:15:
      /home/w00929470/check0801/ascend/cann-9.2.0/include/external/ge_common/ge_api_types.h:15:122: note: ‘#pragma message: Warning: ge_api_types.h is deprecated and will be removed after 2027-06. Include "ge_common_api_types.h" instead.’
         15 |     "Warning: ge_api_types.h is deprecated and will be removed after 2027-06. Include \"ge_common_api_types.h\" instead.")
            |                                                                                                                          ^
      In file included from /home/w00929470/check0801/ascend/cann-9.2.0/include/external/ge_common/api_error_codes.h:16,
                       from /home/w00929470/check0801/ascend/cann-9.2.0/include/exe_graph/runtime/continuous_vector.h:20,
                       from /home/w00929470/check0801/ascend/cann-9.2.0/include/exe_graph/runtime/runtime_attrs.h:16,
                       from /home/w00929470/check0801/ascend/cann-9.2.0/include/exe_graph/runtime/infer_shape_context.h:16,
                       from /home/w00929470/check0801/ascend/cann-9.2.0/include/register/op_impl_registry.h:19,
                       from /home/liz23/flash-linear-attention-npu/fla/ops/ascendc/gdn/chunk_gdn_fwd/chunk_scaled_dot_kkt/op_host/chunk_scaled_dot_kkt_infershape.cpp:1:
      /home/w00929470/check0801/ascend/cann-9.2.0/include/external/ge_common/ge_error_codes.h:15:122: note: ‘#pragma message: Warning: ge_error_codes.h is deprecated and will be removed after 2027-06. Include "graph/error_codes.h" instead.’
         15 |     "Warning: ge_error_codes.h is deprecated and will be removed after 2027-06. Include \"graph/error_codes.h\" instead.")
            |                                                                                                                          ^
      In file included from /home/w00929470/check0801/ascend/cann-9.2.0/include/external/ge_common/api_error_codes.h:17,
                       from /home/w00929470/check0801/ascend/cann-9.2.0/include/exe_graph/runtime/continuous_vector.h:20,
                       from /home/w00929470/check0801/ascend/cann-9.2.0/include/exe_graph/runtime/runtime_attrs.h:16,
                       from /home/w00929470/check0801/ascend/cann-9.2.0/include/exe_graph/runtime/infer_shape_context.h:16,
                       from /home/w00929470/check0801/ascend/cann-9.2.0/include/register/op_impl_registry.h:19,
                       from /home/liz23/flash-linear-attention-npu/fla/ops/ascendc/gdn/chunk_gdn_fwd/chunk_scaled_dot_kkt/op_host/chunk_scaled_dot_kkt_infershape.cpp:1:
      /home/w00929470/check0801/ascend/cann-9.2.0/include/external/ge_common/ge_api_types.h:15:122: note: ‘#pragma message: Warning: ge_api_types.h is deprecated and will be removed after 2027-06. Include "ge_common_api_types.h" instead.’
         15 |     "Warning: ge_api_types.h is deprecated and will be removed after 2027-06. Include \"ge_common_api_types.h\" instead.")
            |                                                                                                                          ^
      In file included from /home/w00929470/check0801/ascend/cann-9.2.0/include/external/ge_common/api_error_codes.h:16,
                       from /home/w00929470/check0801/ascend/cann-9.2.0/include/exe_graph/runtime/continuous_vector.h:20,
                       from /home/w00929470/check0801/ascend/cann-9.2.0/include/exe_graph/runtime/runtime_attrs.h:16,
                       from /home/w00929470/check0801/ascend/cann-9.2.0/include/exe_graph/runtime/infer_shape_context.h:16,
                       from /home/liz23/flash-linear-attention-npu/fla/ops/ascendc/gdn/recurrent_gdn/recurrent_gated_delta_rule/op_host/recurrent_gated_delta_rule_infershape.cpp:19:
      /home/w00929470/check0801/ascend/cann-9.2.0/include/external/ge_common/ge_error_codes.h:15:122: note: ‘#pragma message: Warning: ge_error_codes.h is deprecated and will be removed after 2027-06. Include "graph/error_codes.h" instead.’
         15 |     "Warning: ge_error_codes.h is deprecated and will be removed after 2027-06. Include \"graph/error_codes.h\" instead.")
            |                                                                                                                          ^
      In file included from /home/w00929470/check0801/ascend/cann-9.2.0/include/external/ge_common/api_error_codes.h:17,
                       from /home/w00929470/check0801/ascend/cann-9.2.0/include/exe_graph/runtime/continuous_vector.h:20,
                       from /home/w00929470/check0801/ascend/cann-9.2.0/include/exe_graph/runtime/runtime_attrs.h:16,
                       from /home/w00929470/check0801/ascend/cann-9.2.0/include/exe_graph/runtime/infer_shape_context.h:16,
                       from /home/liz23/flash-linear-attention-npu/fla/ops/ascendc/gdn/recurrent_gdn/recurrent_gated_delta_rule/op_host/recurrent_gated_delta_rule_infershape.cpp:19:
      /home/w00929470/check0801/ascend/cann-9.2.0/include/external/ge_common/ge_api_types.h:15:122: note: ‘#pragma message: Warning: ge_api_types.h is deprecated and will be removed after 2027-06. Include "ge_common_api_types.h" instead.’
         15 |     "Warning: ge_api_types.h is deprecated and will be removed after 2027-06. Include \"ge_common_api_types.h\" instead.")
            |                                                                                                                          ^
      CMake Warning at /home/liz23/flash-linear-attention-npu/build/ascend_protobuf_build_transformer-prefix/src/ascend_protobuf_build_transformer-stamp/verify-ascend_protobuf_build_transformer.cmake:15 (message):
        File will not be verified since no URL_HASH specified
      
      
      In file included from /home/w00929470/check0801/ascend/cann-9.2.0/include/external/ge_common/api_error_codes.h:16,
                       from /home/w00929470/check0801/ascend/cann-9.2.0/include/exe_graph/runtime/continuous_vector.h:20,
                       from /home/w00929470/check0801/ascend/cann-9.2.0/include/exe_graph/runtime/runtime_attrs.h:16,
                       from /home/w00929470/check0801/ascend/cann-9.2.0/include/exe_graph/runtime/infer_shape_context.h:16,
                       from /home/w00929470/check0801/ascend/cann-9.2.0/include/register/op_impl_registry.h:19,
                       from /home/w00929470/check0801/ascend/cann-9.2.0/include/register/op_def.h:19,
                       from /home/w00929470/check0801/ascend/cann-9.2.0/include/register/op_def_registry.h:14,
                       from /home/liz23/flash-linear-attention-npu/fla/ops/ascendc/gdn/chunk_gdn_fwd/chunk_fwd_o/op_host/chunk_fwd_o_def.cpp:15:
      /home/w00929470/check0801/ascend/cann-9.2.0/include/external/ge_common/ge_error_codes.h:15:122: note: ‘#pragma message: Warning: ge_error_codes.h is deprecated and will be removed after 2027-06. Include "graph/error_codes.h" instead.’
         15 |     "Warning: ge_error_codes.h is deprecated and will be removed after 2027-06. Include \"graph/error_codes.h\" instead.")
            |                                                                                                                          ^
      In file included from /home/w00929470/check0801/ascend/cann-9.2.0/include/external/ge_common/api_error_codes.h:16,
                       from /home/w00929470/check0801/ascend/cann-9.2.0/include/exe_graph/runtime/continuous_vector.h:20,
                       from /home/w00929470/check0801/ascend/cann-9.2.0/include/exe_graph/runtime/runtime_attrs.h:16,
                       from /home/w00929470/check0801/ascend/cann-9.2.0/include/exe_graph/runtime/infer_shape_context.h:16,
                       from /home/w00929470/check0801/ascend/cann-9.2.0/include/register/op_impl_registry.h:19,
                       from /home/w00929470/check0801/ascend/cann-9.2.0/include/register/op_def.h:19,
                       from /home/w00929470/check0801/ascend/cann-9.2.0/include/register/op_def_registry.h:14,
                       from /home/liz23/flash-linear-attention-npu/fla/ops/ascendc/gdn/chunk_gdn_fwd/solve_tri/op_host/solve_tri_def.cpp:5:
      /home/w00929470/check0801/ascend/cann-9.2.0/include/external/ge_common/ge_error_codes.h:15:122: note: ‘#pragma message: Warning: ge_error_codes.h is deprecated and will be removed after 2027-06. Include "graph/error_codes.h" instead.’
         15 |     "Warning: ge_error_codes.h is deprecated and will be removed after 2027-06. Include \"graph/error_codes.h\" instead.")
            |                                                                                                                          ^
      In file included from /home/w00929470/check0801/ascend/cann-9.2.0/include/external/ge_common/api_error_codes.h:17,
                       from /home/w00929470/check0801/ascend/cann-9.2.0/include/exe_graph/runtime/continuous_vector.h:20,
                       from /home/w00929470/check0801/ascend/cann-9.2.0/include/exe_graph/runtime/runtime_attrs.h:16,
                       from /home/w00929470/check0801/ascend/cann-9.2.0/include/exe_graph/runtime/infer_shape_context.h:16,
                       from /home/w00929470/check0801/ascend/cann-9.2.0/include/register/op_impl_registry.h:19,
                       from /home/w00929470/check0801/ascend/cann-9.2.0/include/register/op_def.h:19,
                       from /home/w00929470/check0801/ascend/cann-9.2.0/include/register/op_def_registry.h:14,
                       from /home/liz23/flash-linear-attention-npu/fla/ops/ascendc/gdn/chunk_gdn_fwd/solve_tri/op_host/solve_tri_def.cpp:5:
      /home/w00929470/check0801/ascend/cann-9.2.0/include/external/ge_common/ge_api_types.h:15:122: note: ‘#pragma message: Warning: ge_api_types.h is deprecated and will be removed after 2027-06. Include "ge_common_api_types.h" instead.’
         15 |     "Warning: ge_api_types.h is deprecated and will be removed after 2027-06. Include \"ge_common_api_types.h\" instead.")
            |                                                                                                                          ^
      In file included from /home/w00929470/check0801/ascend/cann-9.2.0/include/external/ge_common/api_error_codes.h:17,
                       from /home/w00929470/check0801/ascend/cann-9.2.0/include/exe_graph/runtime/continuous_vector.h:20,
                       from /home/w00929470/check0801/ascend/cann-9.2.0/include/exe_graph/runtime/runtime_attrs.h:16,
                       from /home/w00929470/check0801/ascend/cann-9.2.0/include/exe_graph/runtime/infer_shape_context.h:16,
                       from /home/w00929470/check0801/ascend/cann-9.2.0/include/register/op_impl_registry.h:19,
                       from /home/w00929470/check0801/ascend/cann-9.2.0/include/register/op_def.h:19,
                       from /home/w00929470/check0801/ascend/cann-9.2.0/include/register/op_def_registry.h:14,
                       from /home/liz23/flash-linear-attention-npu/fla/ops/ascendc/gdn/chunk_gdn_fwd/chunk_fwd_o/op_host/chunk_fwd_o_def.cpp:15:
      /home/w00929470/check0801/ascend/cann-9.2.0/include/external/ge_common/ge_api_types.h:15:122: note: ‘#pragma message: Warning: ge_api_types.h is deprecated and will be removed after 2027-06. Include "ge_common_api_types.h" instead.’
         15 |     "Warning: ge_api_types.h is deprecated and will be removed after 2027-06. Include \"ge_common_api_types.h\" instead.")
            |                                                                                                                          ^
      In file included from /home/w00929470/check0801/ascend/cann-9.2.0/include/external/ge_common/api_error_codes.h:16,
                       from /home/w00929470/check0801/ascend/cann-9.2.0/include/exe_graph/runtime/continuous_vector.h:20,
                       from /home/w00929470/check0801/ascend/cann-9.2.0/include/exe_graph/runtime/tiling_context.h:15,
                       from /home/liz23/flash-linear-attention-npu/fla/ops/ascendc/gdn/chunk_gdn_bwd/prepare_wy_repr_bwd_full/op_host/op_tiling/prepare_wy_repr_bwd_full_tiling.h:18,
                       from /home/liz23/flash-linear-attention-npu/fla/ops/ascendc/gdn/chunk_gdn_bwd/prepare_wy_repr_bwd_full/op_host/op_tiling/prepare_wy_repr_bwd_full_tiling.cpp:15:
      /home/w00929470/check0801/ascend/cann-9.2.0/include/external/ge_common/ge_error_codes.h:15:122: note: ‘#pragma message: Warning: ge_error_codes.h is deprecated and will be removed after 2027-06. Include "graph/error_codes.h" instead.’
         15 |     "Warning: ge_error_codes.h is deprecated and will be removed after 2027-06. Include \"graph/error_codes.h\" instead.")
            |                                                                                                                          ^
      In file included from /home/w00929470/check0801/ascend/cann-9.2.0/include/external/ge_common/api_error_codes.h:17,
                       from /home/w00929470/check0801/ascend/cann-9.2.0/include/exe_graph/runtime/continuous_vector.h:20,
                       from /home/w00929470/check0801/ascend/cann-9.2.0/include/exe_graph/runtime/tiling_context.h:15,
                       from /home/liz23/flash-linear-attention-npu/fla/ops/ascendc/gdn/chunk_gdn_bwd/prepare_wy_repr_bwd_full/op_host/op_tiling/prepare_wy_repr_bwd_full_tiling.h:18,
                       from /home/liz23/flash-linear-attention-npu/fla/ops/ascendc/gdn/chunk_gdn_bwd/prepare_wy_repr_bwd_full/op_host/op_tiling/prepare_wy_repr_bwd_full_tiling.cpp:15:
      /home/w00929470/check0801/ascend/cann-9.2.0/include/external/ge_common/ge_api_types.h:15:122: note: ‘#pragma message: Warning: ge_api_types.h is deprecated and will be removed after 2027-06. Include "ge_common_api_types.h" instead.’
         15 |     "Warning: ge_api_types.h is deprecated and will be removed after 2027-06. Include \"ge_common_api_types.h\" instead.")
            |                                                                                                                          ^
      In file included from /home/w00929470/check0801/ascend/cann-9.2.0/include/external/ge_common/api_error_codes.h:16,
                       from /home/w00929470/check0801/ascend/cann-9.2.0/include/exe_graph/runtime/continuous_vector.h:20,
                       from /home/w00929470/check0801/ascend/cann-9.2.0/include/exe_graph/runtime/tiling_context.h:15,
                       from /home/liz23/flash-linear-attention-npu/fla/ops/ascendc/gdn/chunk_gdn_bwd/prepare_wy_repr_bwd_da/op_host/op_tiling/arch35/../prepare_wy_repr_bwd_da_tiling.h:17,
                       from /home/liz23/flash-linear-attention-npu/fla/ops/ascendc/gdn/chunk_gdn_bwd/prepare_wy_repr_bwd_da/op_host/op_tiling/arch35/prepare_wy_repr_bwd_da_tiling_a5.h:17,
                       from /home/liz23/flash-linear-attention-npu/fla/ops/ascendc/gdn/chunk_gdn_bwd/prepare_wy_repr_bwd_da/op_host/op_tiling/arch35/prepare_wy_repr_bwd_da_tiling_a5.cpp:15:
      /home/w00929470/check0801/ascend/cann-9.2.0/include/external/ge_common/ge_error_codes.h:15:122: note: ‘#pragma message: Warning: ge_error_codes.h is deprecated and will be removed after 2027-06. Include "graph/error_codes.h" instead.’
         15 |     "Warning: ge_error_codes.h is deprecated and will be removed after 2027-06. Include \"graph/error_codes.h\" instead.")
            |                                                                                                                          ^
      In file included from /home/w00929470/check0801/ascend/cann-9.2.0/include/external/ge_common/api_error_codes.h:17,
                       from /home/w00929470/check0801/ascend/cann-9.2.0/include/exe_graph/runtime/continuous_vector.h:20,
                       from /home/w00929470/check0801/ascend/cann-9.2.0/include/exe_graph/runtime/tiling_context.h:15,
                       from /home/liz23/flash-linear-attention-npu/fla/ops/ascendc/gdn/chunk_gdn_bwd/prepare_wy_repr_bwd_da/op_host/op_tiling/arch35/../prepare_wy_repr_bwd_da_tiling.h:17,
                       from /home/liz23/flash-linear-attention-npu/fla/ops/ascendc/gdn/chunk_gdn_bwd/prepare_wy_repr_bwd_da/op_host/op_tiling/arch35/prepare_wy_repr_bwd_da_tiling_a5.h:17,
                       from /home/liz23/flash-linear-attention-npu/fla/ops/ascendc/gdn/chunk_gdn_bwd/prepare_wy_repr_bwd_da/op_host/op_tiling/arch35/prepare_wy_repr_bwd_da_tiling_a5.cpp:15:
      /home/w00929470/check0801/ascend/cann-9.2.0/include/external/ge_common/ge_api_types.h:15:122: note: ‘#pragma message: Warning: ge_api_types.h is deprecated and will be removed after 2027-06. Include "ge_common_api_types.h" instead.’
         15 |     "Warning: ge_api_types.h is deprecated and will be removed after 2027-06. Include \"ge_common_api_types.h\" instead.")
            |                                                                                                                          ^
      CMake Warning at CMakeLists.txt:52 (message):
        File not found:
        /home/liz23/flash-linear-attention-npu/common/src/tiling_sink/../../../attention/common/op_host/fia_tiling_info.cpp
      
      
      cend910_93_src_copy
      [2026-08-05 16:25:32] [ 42%] Built target chunk_kda_bwd_intra_ascend910_93_src_copy
      [2026-08-05 16:25:32] [ 42%] Built target chunk_fwd_o_ascend910_93_src_copy
      [2026-08-05 16:25:32] [ 42%] Built target chunk_kda_fwd_prepare_ascend910_93_src_copy
      [2026-08-05 16:25:32] [ 42%] Built target chunk_gated_delta_rule_bwd_dhu_ascend910_93_src_copy
      [2026-08-05 16:25:32] [ 42%] Built target chunk_scaled_dot_kkt_ascend910_93_src_copy
      [2026-08-05 16:25:32] [ 42%] Built target recurrent_gated_delta_rule_ascend910_93_src_copy
      [2026-08-05 16:25:32] [ 42%] Built target prepare_wy_repr_bwd_full_ascend910_93_src_copy
      [2026-08-05 16:25:32] [ 42%] Built target chunk_bwd_dv_local_ascend910_93_src_copy
      [2026-08-05 16:25:32] [ 42%] Built target recompute_w_u_fwd_ascend910_93_src_copy
      [2026-08-05 16:25:32] [ 43%] Performing download step (verify and extract) for 'abseil_build_transformer'
      [2026-08-05 16:25:32] [ 43%] Built target opbuild_gen_inner
      [2026-08-05 16:25:32] -- extracting...
      [2026-08-05 16:25:32]      src='/home/liz23/flash-linear-attention-npu/third_party/pkg/abseil-cpp-20230802.1.tar.gz'
      [2026-08-05 16:25:32]      dst='/home/liz23/flash-linear-attention-npu/third_party/abseil-cpp'
      [2026-08-05 16:25:32] -- extracting... [tar xfz]
      [2026-08-05 16:25:32] [ 43%] No download step for 'tiling_sink_task'
      [2026-08-05 16:25:32] [ 43%] No update step for 'tiling_sink_task'
      [2026-08-05 16:25:32] [ 43%] No patch step for 'tiling_sink_task'
      [2026-08-05 16:25:32] -- extracting... [analysis]
      [2026-08-05 16:25:32] -- extracting... [rename]
      [2026-08-05 16:25:32] [ 44%] Performing configure step for 'tiling_sink_task'
      [2026-08-05 16:25:32] -- extracting... [clean up]
      [2026-08-05 16:25:32] -- extracting... done
      [2026-08-05 16:25:32] [ 44%] No update step for 'abseil_build_transformer'
      [2026-08-05 16:25:32] -- The C compiler identification is GNU 7.3.0
      [2026-08-05 16:25:32] [ 45%] Performing patch step for 'abseil_build_transformer'
      [2026-08-05 16:25:32] (Stripping trailing CRs from patch; use --binary to disable.)
      [2026-08-05 16:25:32] patching file CMakeLists.txt
      [2026-08-05 16:25:32] (Stripping trailing CRs from patch; use --binary to disable.)
      [2026-08-05 16:25:32] patching file absl/base/options.h
      [2026-08-05 16:25:32] (Stripping trailing CRs from patch; use --binary to disable.)
      [2026-08-05 16:25:32] patching file absl/hash/internal/hash.cc
      [2026-08-05 16:25:32] (Stripping trailing CRs from patch; use --binary to disable.)
      [2026-08-05 16:25:32] patching file absl/hash/internal/hash.h
      [2026-08-05 16:25:32] patch unexpectedly ends in middle of line
      [2026-08-05 16:25:32] Hunk #1 succeeded at 1159 with fuzz 1.
      [2026-08-05 16:25:32] [ 45%] No configure step for 'abseil_build_transformer'
      [2026-08-05 16:25:32] -- The CXX compiler identification is GNU 7.3.0
      [2026-08-05 16:25:32] -- Detecting C compiler ABI info
      [2026-08-05 16:25:32] [ 45%] No build step for 'abseil_build_transformer'
      [2026-08-05 16:25:32] [ 45%] No install step for 'abseil_build_transformer'
      [2026-08-05 16:25:32] [ 45%] Completed 'abseil_build_transformer'
      [2026-08-05 16:25:32] -- Detecting C compiler ABI info - done
      [2026-08-05 16:25:32] -- Check for working C compiler: /home/w00929470/check0801/ascend/cann-9.2.0/toolkit/toolchain/hcc/bin/aarch64-target-linux-gnu-gcc - skipped
      [2026-08-05 16:25:32] -- Detecting C compile features
      [2026-08-05 16:25:32] -- Detecting C compile features - done
      [2026-08-05 16:25:32] -- Detecting CXX compiler ABI info
      [2026-08-05 16:25:32] [ 45%] Built target abseil_build_transformer
      [2026-08-05 16:25:32] [ 46%] Creating directories for 'ascend_protobuf_build_transformer'
      [2026-08-05 16:25:33] [ 46%] Performing download step (verify and extract) for 'ascend_protobuf_build_transformer'
      [2026-08-05 16:25:33] -- Detecting CXX compiler ABI info - done
      [2026-08-05 16:25:33] -- Check for working CXX compiler: /home/w00929470/check0801/ascend/cann-9.2.0/toolkit/toolchain/hcc/bin/aarch64-target-linux-gnu-g++ - skipped
      [2026-08-05 16:25:33] -- Detecting CXX compile features
      [2026-08-05 16:25:33] -- Detecting CXX compile features - done
      [2026-08-05In file included from /home/w00929470/check0801/ascend/cann-9.2.0/include/external/ge_common/api_error_codes.h:16,
                       from /home/w00929470/check0801/ascend/cann-9.2.0/include/exe_graph/runtime/continuous_vector.h:20,
                       from /home/w00929470/check0801/ascend/cann-9.2.0/include/exe_graph/runtime/tiling_context.h:15,
                       from /home/liz23/flash-linear-attention-npu/common/include/tiling_base/tiling_templates_registry.h:22,
                       from /home/liz23/flash-linear-attention-npu/fla/ops/ascendc/gdn/gdn_preprocess/causal_conv1d/op_host/causal_conv1d_tiling.cpp:15:
      /home/w00929470/check0801/ascend/cann-9.2.0/include/external/ge_common/ge_error_codes.h:15:122: note: ‘#pragma message: Warning: ge_error_codes.h is deprecated and will be removed after 2027-06. Include "graph/error_codes.h" instead.’
         15 |     "Warning: ge_error_codes.h is deprecated and will be removed after 2027-06. Include \"graph/error_codes.h\" instead.")
            |                                                                                                                          ^
      In file included from /home/w00929470/check0801/ascend/cann-9.2.0/include/external/ge_common/api_error_codes.h:17,
                       from /home/w00929470/check0801/ascend/cann-9.2.0/include/exe_graph/runtime/continuous_vector.h:20,
                       from /home/w00929470/check0801/ascend/cann-9.2.0/include/exe_graph/runtime/tiling_context.h:15,
                       from /home/liz23/flash-linear-attention-npu/common/include/tiling_base/tiling_templates_registry.h:22,
                       from /home/liz23/flash-linear-attention-npu/fla/ops/ascendc/gdn/gdn_preprocess/causal_conv1d/op_host/causal_conv1d_tiling.cpp:15:
      /home/w00929470/check0801/ascend/cann-9.2.0/include/external/ge_common/ge_api_types.h:15:122: note: ‘#pragma message: Warning: ge_api_types.h is deprecated and will be removed after 2027-06. Include "ge_common_api_types.h" instead.’
         15 |     "Warning: ge_api_types.h is deprecated and will be removed after 2027-06. Include \"ge_common_api_types.h\" instead.")
            |                                                                                                                          ^
      CMake Warning:
        Manually-specified variables were not used by the project:
      
          ENABLE_BUILT_IN
          SYS_VERSION
      
      
      In file included from /home/w00929470/check0801/ascend/cann-9.2.0/include/external/ge_common/api_error_codes.h:16,
                       from /home/w00929470/check0801/ascend/cann-9.2.0/include/exe_graph/runtime/continuous_vector.h:20,
                       from /home/w00929470/check0801/ascend/cann-9.2.0/include/exe_graph/runtime/runtime_attrs.h:16,
                       from /home/w00929470/check0801/ascend/cann-9.2.0/include/exe_graph/runtime/infer_shape_context.h:16,
                       from /home/w00929470/check0801/ascend/cann-9.2.0/include/register/op_impl_registry.h:19,
                       from /home/w00929470/check0801/ascend/cann-9.2.0/include/register/op_def.h:19,
                       from /home/w00929470/check0801/ascend/cann-9.2.0/include/register/op_def_registry.h:14,
                       from /home/liz23/flash-linear-attention-npu/fla/ops/ascendc/kda/chunk_kda_fwd_finalize/op_host/chunk_kda_fwd_finalize_def.cpp:10:
      /home/w00929470/check0801/ascend/cann-9.2.0/include/external/ge_common/ge_error_codes.h:15:122: note: ‘#pragma message: Warning: ge_error_codes.h is deprecated and will be removed after 2027-06. Include "graph/error_codes.h" instead.’
         15 |     "Warning: ge_error_codes.h is deprecated and will be removed after 2027-06. Include \"graph/error_codes.h\" instead.")
            |                                                                                                                          ^
      In file included from /home/w00929470/check0801/ascend/cann-9.2.0/include/external/ge_common/api_error_codes.h:17,
                       from /home/w00929470/check0801/ascend/cann-9.2.0/include/exe_graph/runtime/continuous_vector.h:20,
                       from /home/w00929470/check0801/ascend/cann-9.2.0/include/exe_graph/runtime/runtime_attrs.h:16,
                       from /home/w00929470/check0801/ascend/cann-9.2.0/include/exe_graph/runtime/infer_shape_context.h:16,
                       from /home/w00929470/check0801/ascend/cann-9.2.0/include/register/op_impl_registry.h:19,
                       from /home/w00929470/check0801/ascend/cann-9.2.0/include/register/op_def.h:19,
                       from /home/w00929470/check0801/ascend/cann-9.2.0/include/register/op_def_registry.h:14,
                       from /home/liz23/flash-linear-attention-npu/fla/ops/ascendc/kda/chunk_kda_fwd_finalize/op_host/chunk_kda_fwd_finalize_def.cpp:10:
      /home/w00929470/check0801/ascend/cann-9.2.0/include/external/ge_common/ge_api_types.h:15:122: note: ‘#pragma message: Warning: ge_api_types.h is deprecated and will be removed after 2027-06. Include "ge_common_api_types.h" instead.’
         15 |     "Warning: ge_api_types.h is deprecated and will be removed after 2027-06. Include \"ge_common_api_types.h\" instead.")
            |                                                                                                                          ^
      In file included from /home/w00929470/check0801/ascend/cann-9.2.0/include/external/ge_common/api_error_codes.h:16,
                       from /home/w00929470/check0801/ascend/cann-9.2.0/include/exe_graph/runtime/continuous_vector.h:20,
                       from /home/w00929470/check0801/ascend/cann-9.2.0/include/exe_graph/runtime/runtime_attrs.h:16,
                       from /home/w00929470/check0801/ascend/cann-9.2.0/include/exe_graph/runtime/infer_shape_context.h:16,
                       from /home/w00929470/check0801/ascend/cann-9.2.0/include/register/op_impl_registry.h:19,
                       from /home/w00929470/check0801/ascend/cann-9.2.0/include/register/op_def.h:19,
                       from /home/w00929470/check0801/ascend/cann-9.2.0/include/register/op_def_registry.h:14,
                       from /home/liz23/flash-linear-attention-npu/fla/ops/ascendc/gdn/chunk_gdn_bwd/chunk_bwd_dv_local/op_host/chunk_bwd_dv_local_def.cpp:15:
      /home/w00929470/check0801/ascend/cann-9.2.0/include/external/ge_common/ge_error_codes.h:15:122: note: ‘#pragma message: Warning: ge_error_codes.h is deprecated and will be removed after 2027-06. Include "graph/error_codes.h" instead.’
         15 |     "Warning: ge_error_codes.h is deprecated and will be removed after 2027-06. Include \"graph/error_codes.h\" instead.")
            |                                                                                                                          ^
      In file included from /home/w00929470/check0801/ascend/cann-9.2.0/include/external/ge_common/api_error_codes.h:17,
                       from /home/w00929470/check0801/ascend/cann-9.2.0/include/exe_graph/runtime/continuous_vector.h:20,
                       from /home/w00929470/check0801/ascend/cann-9.2.0/include/exe_graph/runtime/runtime_attrs.h:16,
                       from /home/w00929470/check0801/ascend/cann-9.2.0/include/exe_graph/runtime/infer_shape_context.h:16,
                       from /home/w00929470/check0801/ascend/cann-9.2.0/include/register/op_impl_registry.h:19,
                       from /home/w00929470/check0801/ascend/cann-9.2.0/include/register/op_def.h:19,
                       from /home/w00929470/check0801/ascend/cann-9.2.0/include/register/op_def_registry.h:14,
                       from /home/liz23/flash-linear-attention-npu/fla/ops/ascendc/gdn/chunk_gdn_bwd/chunk_bwd_dv_local/op_host/chunk_bwd_dv_local_def.cpp:15:
      /home/w00929470/check0801/ascend/cann-9.2.0/include/external/ge_common/ge_api_types.h:15:122: note: ‘#pragma message: Warning: ge_api_types.h is deprecated and will be removed after 2027-06. Include "ge_common_api_types.h" instead.’
         15 |     "Warning: ge_api_types.h is deprecated and will be removed after 2027-06. Include \"ge_common_api_types.h\" instead.")
            |                                                                                                                          ^
      In file included from /home/w00929470/check0801/ascend/cann-9.2.0/include/external/ge_common/api_error_codes.h:16,
                       from /home/w00929470/check0801/ascend/cann-9.2.0/include/exe_graph/runtime/continuous_vector.h:20,
                       from /home/w00929470/check0801/ascend/cann-9.2.0/include/exe_graph/runtime/runtime_attrs.h:16,
                       from /home/w00929470/check0801/ascend/cann-9.2.0/include/exe_graph/runtime/infer_shape_context.h:16,
                       from /home/w00929470/check0801/ascend/cann-9.2.0/include/register/op_impl_registry.h:19,
                       from /home/w00929470/check0801/ascend/cann-9.2.0/include/register/op_def.h:19,
                       from /home/w00929470/check0801/ascend/cann-9.2.0/include/register/op_def_registry.h:14,
                       from /home/liz23/flash-linear-attention-npu/fla/ops/ascendc/kda/chunk_kda_bwd_intra/op_host/chunk_kda_bwd_intra_def.cpp:5:
      /home/w00929470/check0801/ascend/cann-9.2.0/include/external/ge_common/ge_error_codes.h:15:122: note: ‘#pragma message: Warning: ge_error_codes.h is deprecated and will be removed after 2027-06. Include "graph/error_codes.h" instead.’
         15 |     "Warning: ge_error_codes.h is deprecated and will be removed after 2027-06. Include \"graph/error_codes.h\" instead.")
            |                                                                                                                          ^
      In file included from /home/w00929470/check0801/ascend/cann-9.2.0/include/external/ge_common/api_error_codes.h:17,
                       from /home/w00929470/check0801/ascend/cann-9.2.0/include/exe_graph/runtime/continuous_vector.h:20,
                       from /home/w00929470/check0801/ascend/cann-9.2.0/include/exe_graph/runtime/runtime_attrs.h:16,
                       from /home/w00929470/check0801/ascend/cann-9.2.0/include/exe_graph/runtime/infer_shape_context.h:16,
                       from /home/w00929470/check0801/ascend/cann-9.2.0/include/register/op_impl_registry.h:19,
                       from /home/w00929470/check0801/ascend/cann-9.2.0/include/register/op_def.h:19,
                       from /home/w00929470/check0801/ascend/cann-9.2.0/include/register/op_def_registry.h:14,
                       from /home/liz23/flash-linear-attention-npu/fla/ops/ascendc/kda/chunk_kda_bwd_intra/op_host/chunk_kda_bwd_intra_def.cpp:5:
      /home/w00929470/check0801/ascend/cann-9.2.0/include/external/ge_common/ge_api_types.h:15:122: note: ‘#pragma message: Warning: ge_api_types.h is deprecated and will be removed after 2027-06. Include "ge_common_api_types.h" instead.’
         15 |     "Warning: ge_api_types.h is deprecated and will be removed after 2027-06. Include \"ge_common_api_types.h\" instead.")
            |                                                                                                                          ^
      In file included from /home/w00929470/check0801/ascend/cann-9.2.0/include/external/ge_common/api_error_codes.h:16,
                       from /home/w00929470/check0801/ascend/cann-9.2.0/include/exe_graph/runtime/continuous_vector.h:20,
                       from /home/w00929470/check0801/ascend/cann-9.2.0/include/exe_graph/runtime/runtime_attrs.h:16,
                       from /home/w00929470/check0801/ascend/cann-9.2.0/include/exe_graph/runtime/infer_shape_context.h:16,
                       from /home/w00929470/check0801/ascend/cann-9.2.0/include/register/op_impl_registry.h:19,
                       from /home/w00929470/check0801/ascend/cann-9.2.0/include/register/op_def.h:19,
                       from /home/w00929470/check0801/ascend/cann-9.2.0/include/register/op_def_registry.h:14,
                       from /home/liz23/flash-linear-attention-npu/fla/ops/ascendc/gdn/chunk_gdn_bwd/chunk_gated_delta_rule_bwd_dhu/op_host/chunk_gated_delta_rule_bwd_dhu_def.cpp:15:
      /home/w00929470/check0801/ascend/cann-9.2.0/include/external/ge_common/ge_error_codes.h:15:122: note: ‘#pragma message: Warning: ge_error_codes.h is deprecated and will be removed after 2027-06. Include "graph/error_codes.h" instead.’
         15 |     "Warning: ge_error_codes.h is deprecated and will be removed after 2027-06. Include \"graph/error_codes.h\" instead.")
            |                                                                                                                          ^
      In file included from /home/w00929470/check0801/ascend/cann-9.2.0/include/external/ge_common/api_error_codes.h:17,
                       from /home/w00929470/check0801/ascend/cann-9.2.0/include/exe_graph/runtime/continuous_vector.h:20,
                       from /home/w00929470/check0801/ascend/cann-9.2.0/include/exe_graph/runtime/runtime_attrs.h:16,
                       from /home/w00929470/check0801/ascend/cann-9.2.0/include/exe_graph/runtime/infer_shape_context.h:16,
                       from /home/w00929470/check0801/ascend/cann-9.2.0/include/register/op_impl_registry.h:19,
                       from /home/w00929470/check0801/ascend/cann-9.2.0/include/register/op_def.h:19,
                       from /home/w00929470/check0801/ascend/cann-9.2.0/include/register/op_def_registry.h:14,
                       from /home/liz23/flash-linear-attention-npu/fla/ops/ascendc/gdn/chunk_gdn_bwd/chunk_gated_delta_rule_bwd_dhu/op_host/chunk_gated_delta_rule_bwd_dhu_def.cpp:15:
      /home/w00929470/check0801/ascend/cann-9.2.0/include/external/ge_common/ge_api_types.h:15:122: note: ‘#pragma message: Warning: ge_api_types.h is deprecated and will be removed after 2027-06. Include "ge_common_api_types.h" instead.’
         15 |     "Warning: ge_api_types.h is deprecated and will be removed after 2027-06. Include \"ge_common_api_types.h\" instead.")
            |                                                                                                                          ^
      In file included from /home/liz23/flash-linear-attention-npu/common/include/fallback/fallback_comm.h:22,
                       from /home/liz23/flash-linear-attention-npu/common/src/fallback_comm.cpp:17:
      /home/w00929470/check0801/ascend/cann-9.2.0/include/exe_graph/runtime/tensor.h:14:111: note: ‘#pragma message: Warning: tensor.h is deprecated and will be removed after 2027-06. Include "runtime_tensor.h" instead.’
         14 |     "Warning: tensor.h is deprecated and will be removed after 2027-06. Include \"runtime_tensor.h\" instead.")
            |                                                                                                               ^
      In file included from /home/w00929470/check0801/ascend/cann-9.2.0/include/external/ge_common/api_error_codes.h:16,
                       from /home/w00929470/check0801/ascend/cann-9.2.0/include/exe_graph/runtime/continuous_vector.h:20,
                       from /home/w00929470/check0801/ascend/cann-9.2.0/include/exe_graph/runtime/runtime_attrs.h:16,
                       from /home/w00929470/check0801/ascend/cann-9.2.0/include/exe_graph/runtime/infer_shape_context.h:16,
                       from /home/w00929470/check0801/ascend/cann-9.2.0/include/register/op_impl_registry.h:19,
                       from /home/w00929470/check0801/ascend/cann-9.2.0/include/register/op_def.h:19,
                       from /home/w00929470/check0801/ascend/cann-9.2.0/include/register/op_def_registry.h:14,
                       from /home/liz23/flash-linear-attention-npu/fla/ops/ascendc/gdn/chunk_gdn_fwd/chunk_gated_delta_rule_fwd_h/op_host/chunk_gated_delta_rule_fwd_h_def.cpp:15:
      /home/w00929470/check0801/ascend/cann-9.2.0/include/external/ge_common/ge_error_codes.h:15:122: note: ‘#pragma message: Warning: ge_error_codes.h is deprecated and will be removed after 2027-06. Include "graph/error_codes.h" instead.’
         15 |     "Warning: ge_error_codes.h is deprecated and will be removed after 2027-06. Include \"graph/error_codes.h\" instead.")
            |                                                                                                                          ^
      In file included from /home/w00929470/check0801/ascend/cann-9.2.0/include/external/ge_common/api_error_codes.h:17,
                       from /home/w00929470/check0801/ascend/cann-9.2.0/include/exe_graph/runtime/continuous_vector.h:20,
                       from /home/w00929470/check0801/ascend/cann-9.2.0/include/exe_graph/runtime/runtime_attrs.h:16,
                       from /home/w00929470/check0801/ascend/cann-9.2.0/include/exe_graph/runtime/infer_shape_context.h:16,
                       from /home/w00929470/check0801/ascend/cann-9.2.0/include/register/op_impl_registry.h:19,
                       from /home/w00929470/check0801/ascend/cann-9.2.0/include/register/op_def.h:19,
                       from /home/w00929470/check0801/ascend/cann-9.2.0/include/register/op_def_registry.h:14,
                       from /home/liz23/flash-linear-attention-npu/fla/ops/ascendc/gdn/chunk_gdn_fwd/chunk_gated_delta_rule_fwd_h/op_host/chunk_gated_delta_rule_fwd_h_def.cpp:15:
      /home/w00929470/check0801/ascend/cann-9.2.0/include/external/ge_common/ge_api_types.h:15:122: note: ‘#pragma message: Warning: ge_api_types.h is deprecated and will be removed after 2027-06. Include "ge_common_api_types.h" instead.’
         15 |     "Warning: ge_api_types.h is deprecated and will be removed after 2027-06. Include \"ge_common_api_types.h\" instead.")
            |                                                                                                                          ^
      In file included from /home/w00929470/check0801/ascend/cann-9.2.0/include/external/ge_common/api_error_codes.h:16,
                       from /home/w00929470/check0801/ascend/cann-9.2.0/include/exe_graph/runtime/continuous_vector.h:20,
                       from /home/w00929470/check0801/ascend/cann-9.2.0/include/exe_graph/runtime/runtime_attrs.h:16,
                       from /home/w00929470/check0801/ascend/cann-9.2.0/include/exe_graph/runtime/infer_shape_context.h:16,
                       from /home/w00929470/check0801/ascend/cann-9.2.0/include/register/op_impl_registry.h:19,
                       from /home/w00929470/check0801/ascend/cann-9.2.0/include/register/op_def.h:19,
                       from /home/w00929470/check0801/ascend/cann-9.2.0/include/register/op_def_registry.h:14,
                       from /home/liz23/flash-linear-attention-npu/fla/ops/ascendc/kda/chunk_kda_fwd_prepare/op_host/chunk_kda_fwd_prepare_def.cpp:10:
      /home/w00929470/check0801/ascend/cann-9.2.0/include/external/ge_common/ge_error_codes.h:15:122: note: ‘#pragma message: Warning: ge_error_codes.h is deprecated and will be removed after 2027-06. Include "graph/error_codes.h" instead.’
         15 |     "Warning: ge_error_codes.h is deprecated and will be removed after 2027-06. Include \"graph/error_codes.h\" instead.")
            |                                                                                                                          ^
      In file included from /home/w00929470/check0801/ascend/cann-9.2.0/include/external/ge_common/api_error_codes.h:17,
                       from /home/w00929470/check0801/ascend/cann-9.2.0/include/exe_graph/runtime/continuous_vector.h:20,
                       from /home/w00929470/check0801/ascend/cann-9.2.0/include/exe_graph/runtime/runtime_attrs.h:16,
                       from /home/w00929470/check0801/ascend/cann-9.2.0/include/exe_graph/runtime/infer_shape_context.h:16,
                       from /home/w00929470/check0801/ascend/cann-9.2.0/include/register/op_impl_registry.h:19,
                       from /home/w00929470/check0801/ascend/cann-9.2.0/include/register/op_def.h:19,
                       from /home/w00929470/check0801/ascend/cann-9.2.0/include/register/op_def_registry.h:14,
                       from /home/liz23/flash-linear-attention-npu/fla/ops/ascendc/kda/chunk_kda_fwd_prepare/op_host/chunk_kda_fwd_prepare_def.cpp:10:
      /home/w00929470/check0801/ascend/cann-9.2.0/include/external/ge_common/ge_api_types.h:15:122: note: ‘#pragma message: Warning: ge_api_types.h is deprecated and will be removed after 2027-06. Include "ge_common_api_types.h" instead.’
         15 |     "Warning: ge_api_types.h is deprecated and will be removed after 2027-06. Include \"ge_common_api_types.h\" instead.")
            |                                                                                                                          ^
      In file included from /home/w00929470/check0801/ascend/cann-9.2.0/include/external/ge_common/api_error_codes.h:16,
                       from /home/w00929470/check0801/ascend/cann-9.2.0/include/exe_graph/runtime/continuous_vector.h:20,
                       from /home/w00929470/check0801/ascend/cann-9.2.0/include/exe_graph/runtime/tiling_context.h:15,
                       from /home/liz23/flash-linear-attention-npu/fla/ops/ascendc/gdn/chunk_gdn_bwd/prepare_wy_repr_bwd_full/op_host/op_tiling/arch35/../prepare_wy_repr_bwd_full_tiling.h:18,
                       from /home/liz23/flash-linear-attention-npu/fla/ops/ascendc/gdn/chunk_gdn_bwd/prepare_wy_repr_bwd_full/op_host/op_tiling/arch35/prepare_wy_repr_bwd_full_tiling_a5.h:23,
                       from /home/liz23/flash-linear-attention-npu/fla/ops/ascendc/gdn/chunk_gdn_bwd/prepare_wy_repr_bwd_full/op_host/op_tiling/arch35/prepare_wy_repr_bwd_full_tiling_a5.cpp:15:
      /home/w00929470/check0801/ascend/cann-9.2.0/include/external/ge_common/ge_error_codes.h:15:122: note: ‘#pragma message: Warning: ge_error_codes.h is deprecated and will be removed after 2027-06. Include "graph/error_codes.h" instead.’
         15 |     "Warning: ge_error_codes.h is deprecated and will be removed after 2027-06. Include \"graph/error_codes.h\" instead.")
            |                                                                                                                          ^
      In file included from /home/w00929470/check0801/ascend/cann-9.2.0/include/external/ge_common/api_error_codes.h:17,
                       from /home/w00929470/check0801/ascend/cann-9.2.0/include/exe_graph/runtime/continuous_vector.h:20,
                       from /home/w00929470/check0801/ascend/cann-9.2.0/include/exe_graph/runtime/tiling_context.h:15,
                       from /home/liz23/flash-linear-attention-npu/fla/ops/ascendc/gdn/chunk_gdn_bwd/prepare_wy_repr_bwd_full/op_host/op_tiling/arch35/../prepare_wy_repr_bwd_full_tiling.h:18,
                       from /home/liz23/flash-linear-attention-npu/fla/ops/ascendc/gdn/chunk_gdn_bwd/prepare_wy_repr_bwd_full/op_host/op_tiling/arch35/prepare_wy_repr_bwd_full_tiling_a5.h:23,
                       from /home/liz23/flash-linear-attention-npu/fla/ops/ascendc/gdn/chunk_gdn_bwd/prepare_wy_repr_bwd_full/op_host/op_tiling/arch35/prepare_wy_repr_bwd_full_tiling_a5.cpp:15:
      /home/w00929470/check0801/ascend/cann-9.2.0/include/external/ge_common/ge_api_types.h:15:122: note: ‘#pragma message: Warning: ge_api_types.h is deprecated and will be removed after 2027-06. Include "ge_common_api_types.h" instead.’
         15 |     "Warning: ge_api_types.h is deprecated and will be removed after 2027-06. Include \"ge_common_api_types.h\" instead.")
            |                                                                                                                          ^
      In file included from /home/w00929470/check0801/ascend/cann-9.2.0/include/external/ge_common/api_error_codes.h:16,
                       from /home/w00929470/check0801/ascend/cann-9.2.0/include/exe_graph/runtime/continuous_vector.h:20,
                       from /home/w00929470/check0801/ascend/cann-9.2.0/include/exe_graph/runtime/tiling_context.h:15,
                       from /home/w00929470/check0801/ascend/cann-9.2.0/aarch64-linux/pkg_inc/op_common/atvoss/broadcast/broadcast_tiling_base.h:21,
                       from /home/liz23/flash-linear-attention-npu/third_party/opbase/src/op_common/atvoss/broadcast/broadcast_tiling_base.cpp:15:
      /home/w00929470/check0801/ascend/cann-9.2.0/include/external/ge_common/ge_error_codes.h:15:122: note: ‘#pragma message: Warning: ge_error_codes.h is deprecated and will be removed after 2027-06. Include "graph/error_codes.h" instead.’
         15 |     "Warning: ge_error_codes.h is deprecated and will be removed after 2027-06. Include \"graph/error_codes.h\" instead.")
            |                                                                                                                          ^
      In file included from /home/w00929470/check0801/ascend/cann-9.2.0/include/external/ge_common/api_error_codes.h:17,
                       from /home/w00929470/check0801/ascend/cann-9.2.0/include/exe_graph/runtime/continuous_vector.h:20,
                       from /home/w00929470/check0801/ascend/cann-9.2.0/include/exe_graph/runtime/tiling_context.h:15,
                       from /home/w00929470/check0801/ascend/cann-9.2.0/aarch64-linux/pkg_inc/op_common/atvoss/broadcast/broadcast_tiling_base.h:21,
                       from /home/liz23/flash-linear-attention-npu/third_party/opbase/src/op_common/atvoss/broadcast/broadcast_tiling_base.cpp:15:
      /home/w00929470/check0801/ascend/cann-9.2.0/include/external/ge_common/ge_api_types.h:15:122: note: ‘#pragma message: Warning: ge_api_types.h is deprecated and will be removed after 2027-06. Include "ge_common_api_types.h" instead.’
         15 |     "Warning: ge_api_types.h is deprecated and will be removed after 2027-06. Include \"ge_common_api_types.h\" instead.")
            |                                                                                                                          ^
      In file included from /home/w00929470/check0801/ascend/cann-9.2.0/include/external/ge_common/api_error_codes.h:16,
                       from /home/w00929470/check0801/ascend/cann-9.2.0/include/exe_graph/runtime/continuous_vector.h:20,
                       from /home/w00929470/check0801/ascend/cann-9.2.0/include/exe_graph/runtime/runtime_attrs.h:16,
                       from /home/w00929470/check0801/ascend/cann-9.2.0/include/exe_graph/runtime/infer_shape_context.h:16,
                       from /home/w00929470/check0801/ascend/cann-9.2.0/include/register/op_impl_registry.h:19,
                       from /home/w00929470/check0801/ascend/cann-9.2.0/include/register/op_def.h:19,
                       from /home/w00929470/check0801/ascend/cann-9.2.0/include/register/op_def_registry.h:14,
                       from /home/liz23/flash-linear-attention-npu/fla/ops/ascendc/gdn/recurrent_gdn/recurrent_gated_delta_rule/op_host/recurrent_gated_delta_rule_def.cpp:14:
      /home/w00929470/check0801/ascend/cann-9.2.0/include/external/ge_common/ge_error_codes.h:15:122: note: ‘#pragma message: Warning: ge_error_codes.h is deprecated and will be removed after 2027-06. Include "graph/error_codes.h" instead.’
         15 |     "Warning: ge_error_codes.h is deprecated and will be removed after 2027-06. Include \"graph/error_codes.h\" instead.")
            |                                                                                                                          ^
      In file included from /home/w00929470/check0801/ascend/cann-9.2.0/include/external/ge_common/api_error_codes.h:17,
                       from /home/w00929470/check0801/ascend/cann-9.2.0/include/exe_graph/runtime/continuous_vector.h:20,
                       from /home/w00929470/check0801/ascend/cann-9.2.0/include/exe_graph/runtime/runtime_attrs.h:16,
                       from /home/w00929470/check0801/ascend/cann-9.2.0/include/exe_graph/runtime/infer_shape_context.h:16,
                       from /home/w00929470/check0801/ascend/cann-9.2.0/include/register/op_impl_registry.h:19,
                       from /home/w00929470/check0801/ascend/cann-9.2.0/include/register/op_def.h:19,
                       from /home/w00929470/check0801/ascend/cann-9.2.0/include/register/op_def_registry.h:14,
                       from /home/liz23/flash-linear-attention-npu/fla/ops/ascendc/gdn/recurrent_gdn/recurrent_gated_delta_rule/op_host/recurrent_gated_delta_rule_def.cpp:14:
      /home/w00929470/check0801/ascend/cann-9.2.0/include/external/ge_common/ge_api_types.h:15:122: note: ‘#pragma message: Warning: ge_api_types.h is deprecated and will be removed after 2027-06. Include "ge_common_api_types.h" instead.’
         15 |     "Warning: ge_api_types.h is deprecated and will be removed after 2027-06. Include \"ge_common_api_types.h\" instead.")
            |                                                                                                                          ^
      In file included from /home/w00929470/check0801/ascend/cann-9.2.0/include/external/ge_common/api_error_codes.h:16,
                       from /home/w00929470/check0801/ascend/cann-9.2.0/include/exe_graph/runtime/continuous_vector.h:20,
                       from /home/w00929470/check0801/ascend/cann-9.2.0/include/exe_graph/runtime/tiling_context.h:15,
                       from /home/liz23/flash-linear-attention-npu/fla/ops/ascendc/kda/chunk_kda_bwd_intra/op_host/op_tiling/chunk_kda_bwd_intra_tiling.h:4,
                       from /home/liz23/flash-linear-attention-npu/fla/ops/ascendc/kda/chunk_kda_bwd_intra/op_host/op_tiling/chunk_kda_bwd_intra_tiling.cpp:1:
      /home/w00929470/check0801/ascend/cann-9.2.0/include/external/ge_common/ge_error_codes.h:15:122: note: ‘#pragma message: Warning: ge_error_codes.h is deprecated and will be removed after 2027-06. Include "graph/error_codes.h" instead.’
         15 |     "Warning: ge_error_codes.h is deprecated and will be removed after 2027-06. Include \"graph/error_codes.h\" instead.")
            |                                                                                                                          ^
      In file included from /home/w00929470/check0801/ascend/cann-9.2.0/include/external/ge_common/api_error_codes.h:17,
                       from /home/w00929470/check0801/ascend/cann-9.2.0/include/exe_graph/runtime/continuous_vector.h:20,
                       from /home/w00929470/check0801/ascend/cann-9.2.0/include/exe_graph/runtime/tiling_context.h:15,
                       from /home/liz23/flash-linear-attention-npu/fla/ops/ascendc/kda/chunk_kda_bwd_intra/op_host/op_tiling/chunk_kda_bwd_intra_tiling.h:4,
                       from /home/liz23/flash-linear-attention-npu/fla/ops/ascendc/kda/chunk_kda_bwd_intra/op_host/op_tiling/chunk_kda_bwd_intra_tiling.cpp:1:
      /home/w00929470/check0801/ascend/cann-9.2.0/include/external/ge_common/ge_api_types.h:15:122: note: ‘#pragma message: Warning: ge_api_types.h is deprecated and will be removed after 2027-06. Include "ge_common_api_types.h" instead.’
         15 |     "Warning: ge_api_types.h is deprecated and will be removed after 2027-06. Include \"ge_common_api_types.h\" instead.")
            |                                                                                                                          ^
      In file included from /home/w00929470/check0801/ascend/cann-9.2.0/include/external/ge_common/api_error_codes.h:16,
                       from /home/w00929470/check0801/ascend/cann-9.2.0/include/exe_graph/runtime/continuous_vector.h:20,
                       from /home/w00929470/check0801/ascend/cann-9.2.0/include/exe_graph/runtime/runtime_attrs.h:16,
                       from /home/w00929470/check0801/ascend/cann-9.2.0/include/exe_graph/runtime/infer_shape_context.h:16,
                       from /home/w00929470/check0801/ascend/cann-9.2.0/include/register/op_impl_registry.h:19,
                       from /home/w00929470/check0801/ascend/cann-9.2.0/include/register/op_def.h:19,
                       from /home/w00929470/check0801/ascend/cann-9.2.0/include/register/op_def_registry.h:14,
                       from /home/liz23/flash-linear-attention-npu/fla/ops/ascendc/kda/chunk_kda_fwd_post_wu/op_host/chunk_kda_fwd_post_wu_def.cpp:10:
      /home/w00929470/check0801/ascend/cann-9.2.0/include/external/ge_common/ge_error_codes.h:15:122: note: ‘#pragma message: Warning: ge_error_codes.h is deprecated and will be removed after 2027-06. Include "graph/error_codes.h" instead.’
         15 |     "Warning: ge_error_codes.h is deprecated and will be removed after 2027-06. Include \"graph/error_codes.h\" instead.")
            |                                                                                                                          ^
      In file included from /home/w00929470/check0801/ascend/cann-9.2.0/include/external/ge_common/api_error_codes.h:17,
                       from /home/w00929470/check0801/ascend/cann-9.2.0/include/exe_graph/runtime/continuous_vector.h:20,
                       from /home/w00929470/check0801/ascend/cann-9.2.0/include/exe_graph/runtime/runtime_attrs.h:16,
                       from /home/w00929470/check0801/ascend/cann-9.2.0/include/exe_graph/runtime/infer_shape_context.h:16,
                       from /home/w00929470/check0801/ascend/cann-9.2.0/include/register/op_impl_registry.h:19,
                       from /home/w00929470/check0801/ascend/cann-9.2.0/include/register/op_def.h:19,
                       from /home/w00929470/check0801/ascend/cann-9.2.0/include/register/op_def_registry.h:14,
                       from /home/liz23/flash-linear-attention-npu/fla/ops/ascendc/kda/chunk_kda_fwd_post_wu/op_host/chunk_kda_fwd_post_wu_def.cpp:10:
      /home/w00929470/check0801/ascend/cann-9.2.0/include/external/ge_common/ge_api_types.h:15:122: note: ‘#pragma message: Warning: ge_api_types.h is deprecated and will be removed after 2027-06. Include "ge_common_api_types.h" instead.’
         15 |     "Warning: ge_api_types.h is deprecated and will be removed after 2027-06. Include \"ge_common_api_types.h\" instead.")
            |                                                                                                                          ^
      In file included from /home/w00929470/check0801/ascend/cann-9.2.0/include/external/ge_common/api_error_codes.h:16,
                       from /home/w00929470/check0801/ascend/cann-9.2.0/include/exe_graph/runtime/continuous_vector.h:20,
                       from /home/w00929470/check0801/ascend/cann-9.2.0/include/exe_graph/runtime/runtime_attrs.h:16,
                       from /home/w00929470/check0801/ascend/cann-9.2.0/include/exe_graph/runtime/infer_shape_context.h:16,
                       from /home/w00929470/check0801/ascend/cann-9.2.0/include/register/op_impl_registry.h:19,
                       from /home/w00929470/check0801/ascend/cann-9.2.0/include/register/op_def.h:19,
                       from /home/w00929470/check0801/ascend/cann-9.2.0/include/register/op_def_registry.h:14,
                       from /home/liz23/flash-linear-attention-npu/fla/ops/ascendc/gdn/chunk_gdn_bwd/prepare_wy_repr_bwd_da/op_host/prepare_wy_repr_bwd_da_def.cpp:15:
      /home/w00929470/check0801/ascend/cann-9.2.0/include/external/ge_common/ge_error_codes.h:15:122: note: ‘#pragma message: Warning: ge_error_codes.h is deprecated and will be removed after 2027-06. Include "graph/error_codes.h" instead.’
         15 |     "Warning: ge_error_codes.h is deprecated and will be removed after 2027-06. Include \"graph/error_codes.h\" instead.")
            |                                                                                                                          ^
      In file included from /home/w00929470/check0801/ascend/cann-9.2.0/include/external/ge_common/api_error_codes.h:16,
                       from /home/w00929470/check0801/ascend/cann-9.2.0/include/exe_graph/runtime/continuous_vector.h:20,
                       from /home/w00929470/check0801/ascend/cann-9.2.0/include/exe_graph/runtime/tiling_context.h:15,
                       from /home/liz23/flash-linear-attention-npu/fla/ops/ascendc/gdn/chunk_gdn_bwd/chunk_bwd_dqkwg/op_host/op_tiling/chunk_bwd_dqkwg_tiling.h:18,
                       from /home/liz23/flash-linear-attention-npu/fla/ops/ascendc/gdn/chunk_gdn_bwd/chunk_bwd_dqkwg/op_host/op_tiling/chunk_bwd_dqkwg_tiling.cpp:15:
      /home/w00929470/check0801/ascend/cann-9.2.0/include/external/ge_common/ge_error_codes.h:15:122: note: ‘#pragma message: Warning: ge_error_codes.h is deprecated and will be removed after 2027-06. Include "graph/error_codes.h" instead.’
         15 |     "Warning: ge_error_codes.h is deprecated and will be removed after 2027-06. Include \"graph/error_codes.h\" instead.")
            |                                                                                                                          ^
      In file included from /home/w00929470/check0801/ascend/cann-9.2.0/include/external/ge_common/api_error_codes.h:17,
                       from /home/w00929470/check0801/ascend/cann-9.2.0/include/exe_graph/runtime/continuous_vector.h:20,
                       from /home/w00929470/check0801/ascend/cann-9.2.0/include/exe_graph/runtime/runtime_attrs.h:16,
                       from /home/w00929470/check0801/ascend/cann-9.2.0/include/exe_graph/runtime/infer_shape_context.h:16,
                       from /home/w00929470/check0801/ascend/cann-9.2.0/include/register/op_impl_registry.h:19,
                       from /home/w00929470/check0801/ascend/cann-9.2.0/include/register/op_def.h:19,
                       from /home/w00929470/check0801/ascend/cann-9.2.0/include/register/op_def_registry.h:14,
                       from /home/liz23/flash-linear-attention-npu/fla/ops/ascendc/gdn/chunk_gdn_bwd/prepare_wy_repr_bwd_da/op_host/prepare_wy_repr_bwd_da_def.cpp:15:
      /home/w00929470/check0801/ascend/cann-9.2.0/include/external/ge_common/ge_api_types.h:15:122: note: ‘#pragma message: Warning: ge_api_types.h is deprecated and will be removed after 2027-06. Include "ge_common_api_types.h" instead.’
         15 |     "Warning: ge_api_types.h is deprecated and will be removed after 2027-06. Include \"ge_common_api_types.h\" instead.")
            |                                                                                                                          ^
      In file included from /home/w00929470/check0801/ascend/cann-9.2.0/include/external/ge_common/api_error_codes.h:17,
                       from /home/w00929470/check0801/ascend/cann-9.2.0/include/exe_graph/runtime/continuous_vector.h:20,
                       from /home/w00929470/check0801/ascend/cann-9.2.0/include/exe_graph/runtime/tiling_context.h:15,
                       from /home/liz23/flash-linear-attention-npu/fla/ops/ascendc/gdn/chunk_gdn_bwd/chunk_bwd_dqkwg/op_host/op_tiling/chunk_bwd_dqkwg_tiling.h:18,
                       from /home/liz23/flash-linear-attention-npu/fla/ops/ascendc/gdn/chunk_gdn_bwd/chunk_bwd_dqkwg/op_host/op_tiling/chunk_bwd_dqkwg_tiling.cpp:15:
      /home/w00929470/check0801/ascend/cann-9.2.0/include/external/ge_common/ge_api_types.h:15:122: note: ‘#pragma message: Warning: ge_api_types.h is deprecated and will be removed after 2027-06. Include "ge_common_api_types.h" instead.’
         15 |     "Warning: ge_api_types.h is deprecated and will be removed after 2027-06. Include \"ge_common_api_types.h\" instead.")
            |                                                                                                                          ^
      In file included from /home/w00929470/check0801/ascend/cann-9.2.0/include/external/ge_common/api_error_codes.h:16,
                       from /home/w00929470/check0801/ascend/cann-9.2.0/include/exe_graph/runtime/continuous_vector.h:20,
                       from /home/w00929470/check0801/ascend/cann-9.2.0/include/exe_graph/runtime/runtime_attrs.h:16,
                       from /home/w00929470/check0801/ascend/cann-9.2.0/include/exe_graph/runtime/infer_shape_context.h:16,
                       from /home/w00929470/check0801/ascend/cann-9.2.0/include/register/op_impl_registry.h:19,
                       from /home/w00929470/check0801/ascend/cann-9.2.0/include/register/op_def.h:19,
                       from /home/w00929470/check0801/ascend/cann-9.2.0/include/register/op_def_registry.h:14,
                       from /home/liz23/flash-linear-attention-npu/fla/ops/ascendc/gdn/chunk_gdn_bwd/chunk_bwd_dqkwg/op_host/chunk_bwd_dqkwg_def.cpp:22:
      /home/w00929470/check0801/ascend/cann-9.2.0/include/external/ge_common/ge_error_codes.h:15:122: note: ‘#pragma message: Warning: ge_error_codes.h is deprecated and will be removed after 2027-06. Include "graph/error_codes.h" instead.’
         15 |     "Warning: ge_error_codes.h is deprecated and will be removed after 2027-06. Include \"graph/error_codes.h\" instead.")
            |                                                                                                                          ^
      In file included from /home/w00929470/check0801/ascend/cann-9.2.0/include/external/ge_common/api_error_codes.h:17,
                       from /home/w00929470/check0801/ascend/cann-9.2.0/include/exe_graph/runtime/continuous_vector.h:20,
                       from /home/w00929470/check0801/ascend/cann-9.2.0/include/exe_graph/runtime/runtime_attrs.h:16,
                       from /home/w00929470/check0801/ascend/cann-9.2.0/include/exe_graph/runtime/infer_shape_context.h:16,
                       from /home/w00929470/check0801/ascend/cann-9.2.0/include/register/op_impl_registry.h:19,
                       from /home/w00929470/check0801/ascend/cann-9.2.0/include/register/op_def.h:19,
                       from /home/w00929470/check0801/ascend/cann-9.2.0/include/register/op_def_registry.h:14,
                       from /home/liz23/flash-linear-attention-npu/fla/ops/ascendc/gdn/chunk_gdn_bwd/chunk_bwd_dqkwg/op_host/chunk_bwd_dqkwg_def.cpp:22:
      /home/w00929470/check0801/ascend/cann-9.2.0/include/external/ge_common/ge_api_types.h:15:122: note: ‘#pragma message: Warning: ge_api_types.h is deprecated and will be removed after 2027-06. Include "ge_common_api_types.h" instead.’
         15 |     "Warning: ge_api_types.h is deprecated and will be removed after 2027-06. Include \"ge_common_api_types.h\" instead.")
            |                                                                                                                          ^
      In file included from /home/w00929470/check0801/ascend/cann-9.2.0/include/external/ge_common/api_error_codes.h:16,
                       from /home/w00929470/check0801/ascend/cann-9.2.0/include/exe_graph/runtime/continuous_vector.h:20,
                       from /home/w00929470/check0801/ascend/cann-9.2.0/include/exe_graph/runtime/runtime_attrs.h:16,
                       from /home/w00929470/check0801/ascend/cann-9.2.0/include/exe_graph/runtime/infer_shape_context.h:16,
                       from /home/w00929470/check0801/ascend/cann-9.2.0/include/register/op_impl_registry.h:19,
                       from /home/w00929470/check0801/ascend/cann-9.2.0/include/register/op_def.h:19,
                       from /home/w00929470/check0801/ascend/cann-9.2.0/include/register/op_def_registry.h:14,
                       from /home/liz23/flash-linear-attention-npu/fla/ops/ascendc/kda/chunk_kda_fwd/op_host/chunk_kda_fwd_def.cpp:10:
      /home/w00929470/check0801/ascend/cann-9.2.0/include/external/ge_common/ge_error_codes.h:15:122: note: ‘#pragma message: Warning: ge_error_codes.h is deprecated and will be removed after 2027-06. Include "graph/error_codes.h" instead.’
         15 |     "Warning: ge_error_codes.h is deprecated and will be removed after 2027-06. Include \"graph/error_codes.h\" instead.")
            |                                                                                                                          ^
      In file included from /home/w00929470/check0801/ascend/cann-9.2.0/include/external/ge_common/api_error_codes.h:17,
                       from /home/w00929470/check0801/ascend/cann-9.2.0/include/exe_graph/runtime/continuous_vector.h:20,
                       from /home/w00929470/check0801/ascend/cann-9.2.0/include/exe_graph/runtime/runtime_attrs.h:16,
                       from /home/w00929470/check0801/ascend/cann-9.2.0/include/exe_graph/runtime/infer_shape_context.h:16,
                       from /home/w00929470/check0801/ascend/cann-9.2.0/include/register/op_impl_registry.h:19,
                       from /home/w00929470/check0801/ascend/cann-9.2.0/include/register/op_def.h:19,
                       from /home/w00929470/check0801/ascend/cann-9.2.0/include/register/op_def_registry.h:14,
                       from /home/liz23/flash-linear-attention-npu/fla/ops/ascendc/kda/chunk_kda_fwd/op_host/chunk_kda_fwd_def.cpp:10:
      /home/w00929470/check0801/ascend/cann-9.2.0/include/external/ge_common/ge_api_types.h:15:122: note: ‘#pragma message: Warning: ge_api_types.h is deprecated and will be removed after 2027-06. Include "ge_common_api_types.h" instead.’
         15 |     "Warning: ge_api_types.h is deprecated and will be removed after 2027-06. Include \"ge_common_api_types.h\" instead.")
            |                                                                                                                          ^
      In file included from /home/w00929470/check0801/ascend/cann-9.2.0/include/external/ge_common/api_error_codes.h:16,
                       from /home/w00929470/check0801/ascend/cann-9.2.0/include/exe_graph/runtime/continuous_vector.h:20,
                       from /home/w00929470/check0801/ascend/cann-9.2.0/include/exe_graph/runtime/runtime_attrs.h:16,
                       from /home/w00929470/check0801/ascend/cann-9.2.0/include/exe_graph/runtime/infer_shape_context.h:16,
                       from /home/w00929470/check0801/ascend/cann-9.2.0/include/register/op_impl_registry.h:19,
                       from /home/w00929470/check0801/ascend/cann-9.2.0/include/register/op_def.h:19,
                       from /home/w00929470/check0801/ascend/cann-9.2.0/include/register/op_def_registry.h:14,
                       from /home/liz23/flash-linear-attention-npu/fla/ops/ascendc/gdn/chunk_gdn_fwd/chunk_local_cumsum/op_host/chunk_local_cumsum_def.cpp:16:
      /home/w00929470/check0801/ascend/cann-9.2.0/include/external/ge_common/ge_error_codes.h:15:122: note: ‘#pragma message: Warning: ge_error_codes.h is deprecated and will be removed after 2027-06. Include "graph/error_codes.h" instead.’
         15 |     "Warning: ge_error_codes.h is deprecated and will be removed after 2027-06. Include \"graph/error_codes.h\" instead.")
            |                                                                                                                          ^
      In file included from /home/w00929470/check0801/ascend/cann-9.2.0/include/external/ge_common/api_error_codes.h:17,
                       from /home/w00929470/check0801/ascend/cann-9.2.0/include/exe_graph/runtime/continuous_vector.h:20,
                       from /home/w00929470/check0801/ascend/cann-9.2.0/include/exe_graph/runtime/runtime_attrs.h:16,
                       from /home/w00929470/check0801/ascend/cann-9.2.0/include/exe_graph/runtime/infer_shape_context.h:16,
                       from /home/w00929470/check0801/ascend/cann-9.2.0/include/register/op_impl_registry.h:19,
                       from /home/w00929470/check0801/ascend/cann-9.2.0/include/register/op_def.h:19,
                       from /home/w00929470/check0801/ascend/cann-9.2.0/include/register/op_def_registry.h:14,
                       from /home/liz23/flash-linear-attention-npu/fla/ops/ascendc/gdn/chunk_gdn_fwd/chunk_local_cumsum/op_host/chunk_local_cumsum_def.cpp:16:
      /home/w00929470/check0801/ascend/cann-9.2.0/include/external/ge_common/ge_api_types.h:15:122: note: ‘#pragma message: Warning: ge_api_types.h is deprecated and will be removed after 2027-06. Include "ge_common_api_types.h" instead.’
         15 |     "Warning: ge_api_types.h is deprecated and will be removed after 2027-06. Include \"ge_common_api_types.h\" instead.")
            |                                                                                                                          ^
      In file included from /home/w00929470/check0801/ascend/cann-9.2.0/include/external/ge_common/api_error_codes.h:16,
                       from /home/w00929470/check0801/ascend/cann-9.2.0/include/exe_graph/runtime/continuous_vector.h:20,
                       from /home/w00929470/check0801/ascend/cann-9.2.0/include/exe_graph/runtime/runtime_attrs.h:16,
                       from /home/w00929470/check0801/ascend/cann-9.2.0/include/exe_graph/runtime/infer_shape_context.h:16,
                       from /home/w00929470/check0801/ascend/cann-9.2.0/include/register/op_impl_registry.h:19,
                       from /home/liz23/flash-linear-attention-npu/fla/ops/ascendc/gdn/gdn_preprocess/causal_conv1d/op_host/causal_conv1d_infershape.cpp:14:
      /home/w00929470/check0801/ascend/cann-9.2.0/include/external/ge_common/ge_error_codes.h:15:122: note: ‘#pragma message: Warning: ge_error_codes.h is deprecated and will be removed after 2027-06. Include "graph/error_codes.h" instead.’
         15 |     "Warning: ge_error_codes.h is deprecated and will be removed after 2027-06. Include \"graph/error_codes.h\" instead.")
            |                                                                                                                          ^
      In file included from /home/w00929470/check0801/ascend/cann-9.2.0/include/external/ge_common/api_error_codes.h:17,
                       from /home/w00929470/check0801/ascend/cann-9.2.0/include/exe_graph/runtime/continuous_vector.h:20,
                       from /home/w00929470/check0801/ascend/cann-9.2.0/include/exe_graph/runtime/runtime_attrs.h:16,
                       from /home/w00929470/check0801/ascend/cann-9.2.0/include/exe_graph/runtime/infer_shape_context.h:16,
                       from /home/w00929470/check0801/ascend/cann-9.2.0/include/register/op_impl_registry.h:19,
                       from /home/liz23/flash-linear-attention-npu/fla/ops/ascendc/gdn/gdn_preprocess/causal_conv1d/op_host/causal_conv1d_infershape.cpp:14:
      /home/w00929470/check0801/ascend/cann-9.2.0/include/external/ge_common/ge_api_types.h:15:122: note: ‘#pragma message: Warning: ge_api_types.h is deprecated and will be removed after 2027-06. Include "ge_common_api_types.h" instead.’
         15 |     "Warning: ge_api_types.h is deprecated and will be removed after 2027-06. Include \"ge_common_api_types.h\" instead.")
            |                                                                                                                          ^
      In file included from /home/w00929470/check0801/ascend/cann-9.2.0/include/external/ge_common/api_error_codes.h:16,
                       from /home/w00929470/check0801/ascend/cann-9.2.0/include/exe_graph/runtime/continuous_vector.h:20,
                       from /home/w00929470/check0801/ascend/cann-9.2.0/include/exe_graph/runtime/tiling_context.h:15,
                       from /home/w00929470/check0801/ascend/cann-9.2.0/aarch64-linux/pkg_inc/op_common/atvoss/broadcast/broadcast_tiling_base.h:21,
                       from /home/w00929470/check0801/ascend/cann-9.2.0/aarch64-linux/pkg_inc/op_common/atvoss/broadcast/broadcast_tiling.h:18,
                       from /home/liz23/flash-linear-attention-npu/third_party/opbase/src/op_common/atvoss/broadcast/broadcast_tiling.cpp:17:
      /home/w00929470/check0801/ascend/cann-9.2.0/include/external/ge_common/ge_error_codes.h:15:122: note: ‘#pragma message: Warning: ge_error_codes.h is deprecated and will be removed after 2027-06. Include "graph/error_codes.h" instead.’
         15 |     "Warning: ge_error_codes.h is deprecated and will be removed after 2027-06. Include \"graph/error_codes.h\" instead.")
            |                                                                                                                          ^
      In file included from /home/w00929470/check0801/ascend/cann-9.2.0/include/external/ge_common/api_error_codes.h:17,
                       from /home/w00929470/check0801/ascend/cann-9.2.0/include/exe_graph/runtime/continuous_vector.h:20,
                       from /home/w00929470/check0801/ascend/cann-9.2.0/include/exe_graph/runtime/tiling_context.h:15,
                       from /home/w00929470/check0801/ascend/cann-9.2.0/aarch64-linux/pkg_inc/op_common/atvoss/broadcast/broadcast_tiling_base.h:21,
                       from /home/w00929470/check0801/ascend/cann-9.2.0/aarch64-linux/pkg_inc/op_common/atvoss/broadcast/broadcast_tiling.h:18,
                       from /home/liz23/flash-linear-attention-npu/third_party/opbase/src/op_common/atvoss/broadcast/broadcast_tiling.cpp:17:
      /home/w00929470/check0801/ascend/cann-9.2.0/include/external/ge_common/ge_api_types.h:15:122: note: ‘#pragma message: Warning: ge_api_types.h is deprecated and will be removed after 2027-06. Include "ge_common_api_types.h" instead.’
         15 |     "Warning: ge_api_types.h is deprecated and will be removed after 2027-06. Include \"ge_common_api_types.h\" instead.")
            |                                                                                                                          ^
      In file included from /home/w00929470/check0801/ascend/cann-9.2.0/include/external/ge_common/api_error_codes.h:16,
                       from /home/w00929470/check0801/ascend/cann-9.2.0/include/exe_graph/runtime/continuous_vector.h:20,
                       from /home/w00929470/check0801/ascend/cann-9.2.0/include/exe_graph/runtime/runtime_attrs.h:16,
                       from /home/w00929470/check0801/ascend/cann-9.2.0/include/exe_graph/runtime/infer_shape_context.h:16,
                       from /home/w00929470/check0801/ascend/cann-9.2.0/include/register/op_impl_registry.h:19,
                       from /home/w00929470/check0801/ascend/cann-9.2.0/include/register/op_def.h:19,
                       from /home/w00929470/check0801/ascend/cann-9.2.0/include/register/op_def_registry.h:14,
                       from /home/liz23/flash-linear-attention-npu/fla/ops/ascendc/gdn/chunk_gdn_bwd/prepare_wy_repr_bwd_full/op_host/prepare_wy_repr_bwd_full_def.cpp:15:
      /home/w00929470/check0801/ascend/cann-9.2.0/include/external/ge_common/ge_error_codes.h:15:122: note: ‘#pragma message: Warning: ge_error_codes.h is deprecated and will be removed after 2027-06. Include "graph/error_codes.h" instead.’
         15 |     "Warning: ge_error_codes.h is deprecated and will be removed after 2027-06. Include \"graph/error_codes.h\" instead.")
            |                                                                                                                          ^
      In file included from /home/w00929470/check0801/ascend/cann-9.2.0/include/external/ge_common/api_error_codes.h:17,
                       from /home/w00929470/check0801/ascend/cann-9.2.0/include/exe_graph/runtime/continuous_vector.h:20,
                       from /home/w00929470/check0801/ascend/cann-9.2.0/include/exe_graph/runtime/runtime_attrs.h:16,
                       from /home/w00929470/check0801/ascend/cann-9.2.0/include/exe_graph/runtime/infer_shape_context.h:16,
                       from /home/w00929470/check0801/ascend/cann-9.2.0/include/register/op_impl_registry.h:19,
                       from /home/w00929470/check0801/ascend/cann-9.2.0/include/register/op_def.h:19,
                       from /home/w00929470/check0801/ascend/cann-9.2.0/include/register/op_def_registry.h:14,
                       from /home/liz23/flash-linear-attention-npu/fla/ops/ascendc/gdn/chunk_gdn_bwd/prepare_wy_repr_bwd_full/op_host/prepare_wy_repr_bwd_full_def.cpp:15:
      /home/w00929470/check0801/ascend/cann-9.2.0/include/external/ge_common/ge_api_types.h:15:122: note: ‘#pragma message: Warning: ge_api_types.h is deprecated and will be removed after 2027-06. Include "ge_common_api_types.h" instead.’
         15 |     "Warning: ge_api_types.h is deprecated and will be removed after 2027-06. Include \"ge_common_api_types.h\" instead.")
            |                                                                                                                          ^
      In file included from /home/w00929470/check0801/ascend/cann-9.2.0/include/external/ge_common/api_error_codes.h:16,
                       from /home/w00929470/check0801/ascend/cann-9.2.0/include/exe_graph/runtime/continuous_vector.h:20,
                       from /home/w00929470/check0801/ascend/cann-9.2.0/include/exe_graph/runtime/runtime_attrs.h:16,
                       from /home/w00929470/check0801/ascend/cann-9.2.0/include/exe_graph/runtime/infer_shape_context.h:16,
                       from /home/w00929470/check0801/ascend/cann-9.2.0/include/register/op_impl_registry.h:19,
                       from /home/liz23/flash-linear-attention-npu/fla/ops/ascendc/gdn/chunk_gdn_fwd/chunk_fwd_o/op_host/chunk_fwd_o_tiling_processor.h:21,
                       from /home/liz23/flash-linear-attention-npu/fla/ops/ascendc/gdn/chunk_gdn_fwd/chunk_fwd_o/op_host/chunk_fwd_o_tiling.cpp:16:
      /home/w00929470/check0801/ascend/cann-9.2.0/include/external/ge_common/ge_error_codes.h:15:122: note: ‘#pragma message: Warning: ge_error_codes.h is deprecated and will be removed after 2027-06. Include "graph/error_codes.h" instead.’
         15 |     "Warning: ge_error_codes.h is deprecated and will be removed after 2027-06. Include \"graph/error_codes.h\" instead.")
            |                                                                                                                          ^
      In file included from /home/w00929470/check0801/ascend/cann-9.2.0/include/external/ge_common/api_error_codes.h:17,
                       from /home/w00929470/check0801/ascend/cann-9.2.0/include/exe_graph/runtime/continuous_vector.h:20,
                       from /home/w00929470/check0801/ascend/cann-9.2.0/include/exe_graph/runtime/runtime_attrs.h:16,
                       from /home/w00929470/check0801/ascend/cann-9.2.0/include/exe_graph/runtime/infer_shape_context.h:16,
                       from /home/w00929470/check0801/ascend/cann-9.2.0/include/register/op_impl_registry.h:19,
                       from /home/liz23/flash-linear-attention-npu/fla/ops/ascendc/gdn/chunk_gdn_fwd/chunk_fwd_o/op_host/chunk_fwd_o_tiling_processor.h:21,
                       from /home/liz23/flash-linear-attention-npu/fla/ops/ascendc/gdn/chunk_gdn_fwd/chunk_fwd_o/op_host/chunk_fwd_o_tiling.cpp:16:
      /home/w00929470/check0801/ascend/cann-9.2.0/include/external/ge_common/ge_api_types.h:15:122: note: ‘#pragma message: Warning: ge_api_types.h is deprecated and will be removed after 2027-06. Include "ge_common_api_types.h" instead.’
         15 |     "Warning: ge_api_types.h is deprecated and will be removed after 2027-06. Include \"ge_common_api_types.h\" instead.")
            |                                                                                                                          ^
      In file included from /home/w00929470/check0801/ascend/cann-9.2.0/include/external/ge_common/api_error_codes.h:16,
                       from /home/w00929470/check0801/ascend/cann-9.2.0/include/exe_graph/runtime/continuous_vector.h:20,
                       from /home/w00929470/check0801/ascend/cann-9.2.0/include/exe_graph/runtime/tiling_context.h:15,
                       from /home/w00929470/check0801/ascend/cann-9.2.0/aarch64-linux/pkg_inc/op_common/atvoss/elewise/elewise_tiling.h:21,
                       from /home/liz23/flash-linear-attention-npu/third_party/opbase/src/op_common/atvoss/elewise/elewise_tiling.cpp:16:
      /home/w00929470/check0801/ascend/cann-9.2.0/include/external/ge_common/ge_error_codes.h:15:122: note: ‘#pragma message: Warning: ge_error_codes.h is deprecated and will be removed after 2027-06. Include "graph/error_codes.h" instead.’
         15 |     "Warning: ge_error_codes.h is deprecated and will be removed after 2027-06. Include \"graph/error_codes.h\" instead.")
            |                                                                                                                          ^
      In file included from /home/w00929470/check0801/ascend/cann-9.2.0/include/external/ge_common/api_error_codes.h:17,
                       from /home/w00929470/check0801/ascend/cann-9.2.0/include/exe_graph/runtime/continuous_vector.h:20,
                       from /home/w00929470/check0801/ascend/cann-9.2.0/include/exe_graph/runtime/tiling_context.h:15,
                       from /home/w00929470/check0801/ascend/cann-9.2.0/aarch64-linux/pkg_inc/op_common/atvoss/elewise/elewise_tiling.h:21,
                       from /home/liz23/flash-linear-attention-npu/third_party/opbase/src/op_common/atvoss/elewise/elewise_tiling.cpp:16:
      /home/w00929470/check0801/ascend/cann-9.2.0/include/external/ge_common/ge_api_types.h:15:122: note: ‘#pragma message: Warning: ge_api_types.h is deprecated and will be removed after 2027-06. Include "ge_common_api_types.h" instead.’
         15 |     "Warning: ge_api_types.h is deprecated and will be removed after 2027-06. Include \"ge_common_api_types.h\" instead.")
            |                                                                                                                          ^
      In file included from /home/w00929470/check0801/ascend/cann-9.2.0/include/external/ge_common/api_error_codes.h:16,
                       from /home/w00929470/check0801/ascend/cann-9.2.0/include/exe_graph/runtime/continuous_vector.h:20,
                       from /home/w00929470/check0801/ascend/cann-9.2.0/include/exe_graph/runtime/runtime_attrs.h:16,
                       from /home/w00929470/check0801/ascend/cann-9.2.0/include/exe_graph/runtime/infer_shape_context.h:16,
                       from /home/w00929470/check0801/ascend/cann-9.2.0/include/register/op_impl_registry.h:19,
                       from /home/liz23/flash-linear-attention-npu/fla/ops/ascendc/gdn/chunk_gdn_fwd/chunk_local_cumsum/op_host/chunk_local_cumsum_infershape.cpp:17:
      /home/w00929470/check0801/ascend/cann-9.2.0/include/external/ge_common/ge_error_codes.h:15:122: note: ‘#pragma message: Warning: ge_error_codes.h is deprecated and will be removed after 2027-06. Include "graph/error_codes.h" instead.’
         15 |     "Warning: ge_error_codes.h is deprecated and will be removed after 2027-06. Include \"graph/error_codes.h\" instead.")
            |                                                                                                                          ^
      In file included from /home/w00929470/check0801/ascend/cann-9.2.0/include/external/ge_common/api_error_codes.h:17,
                       from /home/w00929470/check0801/ascend/cann-9.2.0/include/exe_graph/runtime/continuous_vector.h:20,
                       from /home/w00929470/check0801/ascend/cann-9.2.0/include/exe_graph/runtime/runtime_attrs.h:16,
                       from /home/w00929470/check0801/ascend/cann-9.2.0/include/exe_graph/runtime/infer_shape_context.h:16,
                       from /home/w00929470/check0801/ascend/cann-9.2.0/include/register/op_impl_registry.h:19,
                       from /home/liz23/flash-linear-attention-npu/fla/ops/ascendc/gdn/chunk_gdn_fwd/chunk_local_cumsum/op_host/chunk_local_cumsum_infershape.cpp:17:
      /home/w00929470/check0801/ascend/cann-9.2.0/include/external/ge_common/ge_api_types.h:15:122: note: ‘#pragma message: Warning: ge_api_types.h is deprecated and will be removed after 2027-06. Include "ge_common_api_types.h" instead.’
         15 |     "Warning: ge_api_types.h is deprecated and will be removed after 2027-06. Include \"ge_common_api_types.h\" instead.")
            |                                                                                                                          ^
      In file included from /home/w00929470/check0801/ascend/cann-9.2.0/include/external/ge_common/api_error_codes.h:16,
                       from /home/w00929470/check0801/ascend/cann-9.2.0/include/exe_graph/runtime/continuous_vector.h:20,
                       from /home/w00929470/check0801/ascend/cann-9.2.0/include/exe_graph/runtime/runtime_attrs.h:16,
                       from /home/w00929470/check0801/ascend/cann-9.2.0/include/exe_graph/runtime/infer_shape_context.h:16,
                       from /home/w00929470/check0801/ascend/cann-9.2.0/include/register/op_impl_registry.h:19,
                       from /home/liz23/flash-linear-attention-npu/fla/ops/ascendc/gdn/chunk_gdn_fwd/recompute_w_u_fwd/op_host/op_tiling/recompute_w_u_fwd_tiling_processor.h:22,
                       from /home/liz23/flash-linear-attention-npu/fla/ops/ascendc/gdn/chunk_gdn_fwd/recompute_w_u_fwd/op_host/op_tiling/recompute_w_u_fwd_tiling.cpp:16:
      /home/w00929470/check0801/ascend/cann-9.2.0/include/external/ge_common/ge_error_codes.h:15:122: note: ‘#pragma message: Warning: ge_error_codes.h is deprecated and will be removed after 2027-06. Include "graph/error_codes.h" instead.’
         15 |     "Warning: ge_error_codes.h is deprecated and will be removed after 2027-06. Include \"graph/error_codes.h\" instead.")
            |                                                                                                                          ^
      In file included from /home/w00929470/check0801/ascend/cann-9.2.0/include/external/ge_common/api_error_codes.h:17,
                       from /home/w00929470/check0801/ascend/cann-9.2.0/include/exe_graph/runtime/continuous_vector.h:20,
                       from /home/w00929470/check0801/ascend/cann-9.2.0/include/exe_graph/runtime/runtime_attrs.h:16,
                       from /home/w00929470/check0801/ascend/cann-9.2.0/include/exe_graph/runtime/infer_shape_context.h:16,
                       from /home/w00929470/check0801/ascend/cann-9.2.0/include/register/op_impl_registry.h:19,
                       from /home/liz23/flash-linear-attention-npu/fla/ops/ascendc/gdn/chunk_gdn_fwd/recompute_w_u_fwd/op_host/op_tiling/recompute_w_u_fwd_tiling_processor.h:22,
                       from /home/liz23/flash-linear-attention-npu/fla/ops/ascendc/gdn/chunk_gdn_fwd/recompute_w_u_fwd/op_host/op_tiling/recompute_w_u_fwd_tiling.cpp:16:
      /home/w00929470/check0801/ascend/cann-9.2.0/include/external/ge_common/ge_api_types.h:15:122: note: ‘#pragma message: Warning: ge_api_types.h is deprecated and will be removed after 2027-06. Include "ge_common_api_types.h" instead.’
         15 |     "Warning: ge_api_types.h is deprecated and will be removed after 2027-06. Include \"ge_common_api_types.h\" instead.")
            |                                                                                                                          ^
      In file included from /home/w00929470/check0801/ascend/cann-9.2.0/include/external/ge_common/api_error_codes.h:16,
                       from /home/w00929470/check0801/ascend/cann-9.2.0/include/exe_graph/runtime/continuous_vector.h:20,
                       from /home/w00929470/check0801/ascend/cann-9.2.0/include/exe_graph/runtime/runtime_attrs.h:16,
                       from /home/w00929470/check0801/ascend/cann-9.2.0/include/exe_graph/runtime/infer_shape_context.h:16,
                       from /home/w00929470/check0801/ascend/cann-9.2.0/include/register/op_impl_registry.h:19,
                       from /home/w00929470/check0801/ascend/cann-9.2.0/include/register/op_def.h:19,
                       from /home/w00929470/check0801/ascend/cann-9.2.0/include/register/op_def_registry.h:14,
                       from /home/liz23/flash-linear-attention-npu/fla/ops/ascendc/kda/kda_gate_cumsum/op_host/kda_gate_cumsum_def.cpp:8:
      /home/w00929470/check0801/ascend/cann-9.2.0/include/external/ge_common/ge_error_codes.h:15:122: note: ‘#pragma message: Warning: ge_error_codes.h is deprecated and will be removed after 2027-06. Include "graph/error_codes.h" instead.’
         15 |     "Warning: ge_error_codes.h is deprecated and will be removed after 2027-06. Include \"graph/error_codes.h\" instead.")
            |                                                                                                                          ^
      In file included from /home/w00929470/check0801/ascend/cann-9.2.0/include/external/ge_common/api_error_codes.h:17,
                       from /home/w00929470/check0801/ascend/cann-9.2.0/include/exe_graph/runtime/continuous_vector.h:20,
                       from /home/w00929470/check0801/ascend/cann-9.2.0/include/exe_graph/runtime/runtime_attrs.h:16,
                       from /home/w00929470/check0801/ascend/cann-9.2.0/include/exe_graph/runtime/infer_shape_context.h:16,
                       from /home/w00929470/check0801/ascend/cann-9.2.0/include/register/op_impl_registry.h:19,
                       from /home/w00929470/check0801/ascend/cann-9.2.0/include/register/op_def.h:19,
                       from /home/w00929470/check0801/ascend/cann-9.2.0/include/register/op_def_registry.h:14,
                       from /home/liz23/flash-linear-attention-npu/fla/ops/ascendc/kda/kda_gate_cumsum/op_host/kda_gate_cumsum_def.cpp:8:
      /home/w00929470/check0801/ascend/cann-9.2.0/include/external/ge_common/ge_api_types.h:15:122: note: ‘#pragma message: Warning: ge_api_types.h is deprecated and will be removed after 2027-06. Include "ge_common_api_types.h" instead.’
         15 |     "Warning: ge_api_types.h is deprecated and will be removed after 2027-06. Include \"ge_common_api_types.h\" instead.")
            |                                                                                                                          ^
      In file included from /home/liz23/flash-linear-attention-npu/common/include/fallback/fallback_comm_2stages.h:20,
                       from /home/liz23/flash-linear-attention-npu/common/src/fallback_comm_2stages.cpp:16:
      /home/w00929470/check0801/ascend/cann-9.2.0/include/exe_graph/runtime/tensor.h:14:111: note: ‘#pragma message: Warning: tensor.h is deprecated and will be removed after 2027-06. Include "runtime_tensor.h" instead.’
         14 |     "Warning: tensor.h is deprecated and will be removed after 2027-06. Include \"runtime_tensor.h\" instead.")
            |                                                                                                               ^
      In file included from /home/w00929470/check0801/ascend/cann-9.2.0/include/external/ge_common/api_error_codes.h:16,
                       from /home/w00929470/check0801/ascend/cann-9.2.0/include/exe_graph/runtime/continuous_vector.h:20,
                       from /home/w00929470/check0801/ascend/cann-9.2.0/include/exe_graph/runtime/tiling_context.h:15,
                       from /home/w00929470/check0801/ascend/cann-9.2.0/aarch64-linux/pkg_inc/op_common/atvoss/broadcast/broadcast_tiling_base.h:21,
                       from /home/w00929470/check0801/ascend/cann-9.2.0/aarch64-linux/pkg_inc/op_common/atvoss/broadcast/broadcast_tiling_noncontiguous.h:18,
                       from /home/liz23/flash-linear-attention-npu/third_party/opbase/src/op_common/atvoss/broadcast/broadcast_tiling_noncontiguous.cpp:15:
      /home/w00929470/check0801/ascend/cann-9.2.0/include/external/ge_common/ge_error_codes.h:15:122: note: ‘#pragma message: Warning: ge_error_codes.h is deprecated and will be removed after 2027-06. Include "graph/error_codes.h" instead.’
         15 |     "Warning: ge_error_codes.h is deprecated and will be removed after 2027-06. Include \"graph/error_codes.h\" instead.")
            |                                                                                                                          ^
      In file included from /home/w00929470/check0801/ascend/cann-9.2.0/include/external/ge_common/api_error_codes.h:17,
                       from /home/w00929470/check0801/ascend/cann-9.2.0/include/exe_graph/runtime/continuous_vector.h:20,
                       from /home/w00929470/check0801/ascend/cann-9.2.0/include/exe_graph/runtime/tiling_context.h:15,
                       from /home/w00929470/check0801/ascend/cann-9.2.0/aarch64-linux/pkg_inc/op_common/atvoss/broadcast/broadcast_tiling_base.h:21,
                       from /home/w00929470/check0801/ascend/cann-9.2.0/aarch64-linux/pkg_inc/op_common/atvoss/broadcast/broadcast_tiling_noncontiguous.h:18,
                       from /home/liz23/flash-linear-attention-npu/third_party/opbase/src/op_common/atvoss/broadcast/broadcast_tiling_noncontiguous.cpp:15:
      /home/w00929470/check0801/ascend/cann-9.2.0/include/external/ge_common/ge_api_types.h:15:122: note: ‘#pragma message: Warning: ge_api_types.h is deprecated and will be removed after 2027-06. Include "ge_common_api_types.h" instead.’
         15 |     "Warning: ge_api_types.h is deprecated and will be removed after 2027-06. Include \"ge_common_api_types.h\" instead.")
            |                                                                                                                          ^
      In file included from /home/w00929470/check0801/ascend/cann-9.2.0/include/external/ge_common/api_error_codes.h:16,
                       from /home/w00929470/check0801/ascend/cann-9.2.0/include/exe_graph/runtime/continuous_vector.h:20,
                       from /home/w00929470/check0801/ascend/cann-9.2.0/include/exe_graph/runtime/runtime_attrs.h:16,
                       from /home/w00929470/check0801/ascend/cann-9.2.0/include/exe_graph/runtime/infer_shape_context.h:16,
                       from /home/w00929470/check0801/ascend/cann-9.2.0/include/register/op_impl_registry.h:19,
                       from /home/liz23/flash-linear-attention-npu/fla/ops/ascendc/gdn/chunk_gdn_bwd/chunk_bwd_dv_local/op_host/chunk_bwd_dv_local_tiling_processor.h:20,
                       from /home/liz23/flash-linear-attention-npu/fla/ops/ascendc/gdn/chunk_gdn_bwd/chunk_bwd_dv_local/op_host/chunk_bwd_dv_local_tiling.cpp:15:
      /home/w00929470/check0801/ascend/cann-9.2.0/include/external/ge_common/ge_error_codes.h:15:122: note: ‘#pragma message: Warning: ge_error_codes.h is deprecated and will be removed after 2027-06. Include "graph/error_codes.h" instead.’
         15 |     "Warning: ge_error_codes.h is deprecated and will be removed after 2027-06. Include \"graph/error_codes.h\" instead.")
            |                                                                                                                          ^
      In file included from /home/w00929470/check0801/ascend/cann-9.2.0/include/external/ge_common/api_error_codes.h:17,
                       from /home/w00929470/check0801/ascend/cann-9.2.0/include/exe_graph/runtime/continuous_vector.h:20,
                       from /home/w00929470/check0801/ascend/cann-9.2.0/include/exe_graph/runtime/runtime_attrs.h:16,
                       from /home/w00929470/check0801/ascend/cann-9.2.0/include/exe_graph/runtime/infer_shape_context.h:16,
                       from /home/w00929470/check0801/ascend/cann-9.2.0/include/register/op_impl_registry.h:19,
                       from /home/liz23/flash-linear-attention-npu/fla/ops/ascendc/gdn/chunk_gdn_bwd/chunk_bwd_dv_local/op_host/chunk_bwd_dv_local_tiling_processor.h:20,
                       from /home/liz23/flash-linear-attention-npu/fla/ops/ascendc/gdn/chunk_gdn_bwd/chunk_bwd_dv_local/op_host/chunk_bwd_dv_local_tiling.cpp:15:
      /home/w00929470/check0801/ascend/cann-9.2.0/include/external/ge_common/ge_api_types.h:15:122: note: ‘#pragma message: Warning: ge_api_types.h is deprecated and will be removed after 2027-06. Include "ge_common_api_types.h" instead.’
         15 |     "Warning: ge_api_types.h is deprecated and will be removed after 2027-06. Include \"ge_common_api_types.h\" instead.")
            |                                                                                                                          ^
      In file included from /home/w00929470/check0801/ascend/cann-9.2.0/include/external/ge_common/api_error_codes.h:16,
                       from /home/w00929470/check0801/ascend/cann-9.2.0/include/exe_graph/runtime/continuous_vector.h:20,
                       from /home/w00929470/check0801/ascend/cann-9.2.0/include/exe_graph/runtime/runtime_attrs.h:16,
                       from /home/w00929470/check0801/ascend/cann-9.2.0/include/exe_graph/runtime/infer_shape_context.h:16,
                       from /home/w00929470/check0801/ascend/cann-9.2.0/include/register/op_impl_registry.h:19,
                       from /home/liz23/flash-linear-attention-npu/fla/ops/ascendc/gdn/chunk_gdn_bwd/chunk_gated_delta_rule_bwd_dhu/op_host/op_tiling/chunk_gated_delta_rule_bwd_dhu_tiling_processor.h:22,
                       from /home/liz23/flash-linear-attention-npu/fla/ops/ascendc/gdn/chunk_gdn_bwd/chunk_gated_delta_rule_bwd_dhu/op_host/op_tiling/chunk_gated_delta_rule_bwd_dhu_tiling.cpp:15:
      /home/w00929470/check0801/ascend/cann-9.2.0/include/external/ge_common/ge_error_codes.h:15:122: note: ‘#pragma message: Warning: ge_error_codes.h is deprecated and will be removed after 2027-06. Include "graph/error_codes.h" instead.’
         15 |     "Warning: ge_error_codes.h is deprecated and will be removed after 2027-06. Include \"graph/error_codes.h\" instead.")
            |                                                                                                                          ^
      In file included from /home/w00929470/check0801/ascend/cann-9.2.0/include/external/ge_common/api_error_codes.h:17,
                       from /home/w00929470/check0801/ascend/cann-9.2.0/include/exe_graph/runtime/continuous_vector.h:20,
                       from /home/w00929470/check0801/ascend/cann-9.2.0/include/exe_graph/runtime/runtime_attrs.h:16,
                       from /home/w00929470/check0801/ascend/cann-9.2.0/include/exe_graph/runtime/infer_shape_context.h:16,
                       from /home/w00929470/check0801/ascend/cann-9.2.0/include/register/op_impl_registry.h:19,
                       from /home/liz23/flash-linear-attention-npu/fla/ops/ascendc/gdn/chunk_gdn_bwd/chunk_gated_delta_rule_bwd_dhu/op_host/op_tiling/chunk_gated_delta_rule_bwd_dhu_tiling_processor.h:22,
                       from /home/liz23/flash-linear-attention-npu/fla/ops/ascendc/gdn/chunk_gdn_bwd/chunk_gated_delta_rule_bwd_dhu/op_host/op_tiling/chunk_gated_delta_rule_bwd_dhu_tiling.cpp:15:
      /home/w00929470/check0801/ascend/cann-9.2.0/include/external/ge_common/ge_api_types.h:15:122: note: ‘#pragma message: Warning: ge_api_types.h is deprecated and will be removed after 2027-06. Include "ge_common_api_types.h" instead.’
         15 |     "Warning: ge_api_types.h is deprecated and will be removed after 2027-06. Include \"ge_common_api_types.h\" instead.")
            |                                                                                                                          ^
      In file included from /home/w00929470/check0801/ascend/cann-9.2.0/include/external/ge_common/api_error_codes.h:16,
                       from /home/w00929470/check0801/ascend/cann-9.2.0/include/exe_graph/runtime/continuous_vector.h:20,
                       from /home/w00929470/check0801/ascend/cann-9.2.0/include/exe_graph/runtime/runtime_attrs.h:16,
                       from /home/w00929470/check0801/ascend/cann-9.2.0/include/exe_graph/runtime/infer_shape_context.h:16,
                       from /home/w00929470/check0801/ascend/cann-9.2.0/include/register/op_impl_registry.h:19,
                       from /home/w00929470/check0801/ascend/cann-9.2.0/include/register/op_def.h:19,
                       from /home/w00929470/check0801/ascend/cann-9.2.0/include/register/op_def_registry.h:14,
                       from /home/liz23/flash-linear-attention-npu/fla/ops/ascendc/gdn/gdn_preprocess/causal_conv1d_bwd/op_host/causal_conv1d_bwd_tiling.cpp:18:
      /home/w00929470/check0801/ascend/cann-9.2.0/include/external/ge_common/ge_error_codes.h:15:122: note: ‘#pragma message: Warning: ge_error_codes.h is deprecated and will be removed after 2027-06. Include "graph/error_codes.h" instead.’
         15 |     "Warning: ge_error_codes.h is deprecated and will be removed after 2027-06. Include \"graph/error_codes.h\" instead.")
            |                                                                                                                          ^
      In file included from /home/w00929470/check0801/ascend/cann-9.2.0/include/external/ge_common/api_error_codes.h:17,
                       from /home/w00929470/check0801/ascend/cann-9.2.0/include/exe_graph/runtime/continuous_vector.h:20,
                       from /home/w00929470/check0801/ascend/cann-9.2.0/include/exe_graph/runtime/runtime_attrs.h:16,
                       from /home/w00929470/check0801/ascend/cann-9.2.0/include/exe_graph/runtime/infer_shape_context.h:16,
                       from /home/w00929470/check0801/ascend/cann-9.2.0/include/register/op_impl_registry.h:19,
                       from /home/w00929470/check0801/ascend/cann-9.2.0/include/register/op_def.h:19,
                       from /home/w00929470/check0801/ascend/cann-9.2.0/include/register/op_def_registry.h:14,
                       from /home/liz23/flash-linear-attention-npu/fla/ops/ascendc/gdn/gdn_preprocess/causal_conv1d_bwd/op_host/causal_conv1d_bwd_tiling.cpp:18:
      /home/w00929470/check0801/ascend/cann-9.2.0/include/external/ge_common/ge_api_types.h:15:122: note: ‘#pragma message: Warning: ge_api_types.h is deprecated and will be removed after 2027-06. Include "ge_common_api_types.h" instead.’
         15 |     "Warning: ge_api_types.h is deprecated and will be removed after 2027-06. Include \"ge_common_api_types.h\" instead.")
            |                                                                                                                          ^
      In file included from /home/w00929470/check0801/ascend/cann-9.2.0/include/op_common/log/log.h:25,
                       from /home/w00929470/check0801/ascend/cann-9.2.0/aarch64-linux/pkg_inc/op_common/atvoss/elewise/elewise_tiling.h:22,
                       from /home/liz23/flash-linear-attention-npu/third_party/opbase/src/op_common/atvoss/elewise/elewise_tiling.cpp:16:
      /home/w00929470/check0801/ascend/cann-9.2.0/include/graph/ge_error_codes.h:15:122: note: ‘#pragma message: Warning: ge_error_codes.h is deprecated and will be removed after 2027-06. Include "graph/error_codes.h" instead.’
         15 |     "Warning: ge_error_codes.h is deprecated and will be removed after 2027-06. Include \"graph/error_codes.h\" instead.")
            |                                                                                                                          ^
      In file included from /home/w00929470/check0801/ascend/cann-9.2.0/include/external/ge_common/api_error_codes.h:16,
                       from /home/w00929470/check0801/ascend/cann-9.2.0/include/exe_graph/runtime/continuous_vector.h:20,
                       from /home/w00929470/check0801/ascend/cann-9.2.0/include/exe_graph/runtime/runtime_attrs.h:16,
                       from /home/w00929470/check0801/ascend/cann-9.2.0/include/exe_graph/runtime/infer_shape_context.h:16,
                       from /home/w00929470/check0801/ascend/cann-9.2.0/include/register/op_impl_registry.h:19,
                       from /home/liz23/flash-linear-attention-npu/fla/ops/ascendc/gdn/chunk_gdn_fwd/chunk_local_cumsum/op_host/chunk_local_cumsum_tiling.cpp:19:
      /home/w00929470/check0801/ascend/cann-9.2.0/include/external/ge_common/ge_error_codes.h:15:122: note: ‘#pragma message: Warning: ge_error_codes.h is deprecated and will be removed after 2027-06. Include "graph/error_codes.h" instead.’
         15 |     "Warning: ge_error_codes.h is deprecated and will be removed after 2027-06. Include \"graph/error_codes.h\" instead.")
            |                                                                                                                          ^
      In file included from /home/w00929470/check0801/ascend/cann-9.2.0/include/external/ge_common/api_error_codes.h:17,
                       from /home/w00929470/check0801/ascend/cann-9.2.0/include/exe_graph/runtime/continuous_vector.h:20,
                       from /home/w00929470/check0801/ascend/cann-9.2.0/include/exe_graph/runtime/runtime_attrs.h:16,
                       from /home/w00929470/check0801/ascend/cann-9.2.0/include/exe_graph/runtime/infer_shape_context.h:16,
                       from /home/w00929470/check0801/ascend/cann-9.2.0/include/register/op_impl_registry.h:19,
                       from /home/liz23/flash-linear-attention-npu/fla/ops/ascendc/gdn/chunk_gdn_fwd/chunk_local_cumsum/op_host/chunk_local_cumsum_tiling.cpp:19:
      /home/w00929470/check0801/ascend/cann-9.2.0/include/external/ge_common/ge_api_types.h:15:122: note: ‘#pragma message: Warning: ge_api_types.h is deprecated and will be removed after 2027-06. Include "ge_common_api_types.h" instead.’
         15 |     "Warning: ge_api_types.h is deprecated and will be removed after 2027-06. Include \"ge_common_api_types.h\" instead.")
            |                                                                                                                          ^
      In file included from /home/w00929470/check0801/ascend/cann-9.2.0/include/external/ge_common/api_error_codes.h:16,
                       from /home/w00929470/check0801/ascend/cann-9.2.0/include/exe_graph/runtime/continuous_vector.h:20,
                       from /home/w00929470/check0801/ascend/cann-9.2.0/include/exe_graph/runtime/runtime_attrs.h:16,
                       from /home/w00929470/check0801/ascend/cann-9.2.0/include/exe_graph/runtime/infer_shape_context.h:16,
                       from /home/w00929470/check0801/ascend/cann-9.2.0/include/register/op_impl_registry.h:19,
                       from /home/w00929470/check0801/ascend/cann-9.2.0/include/register/op_def.h:19,
                       from /home/w00929470/check0801/ascend/cann-9.2.0/include/register/op_def_registry.h:14,
                       from /home/liz23/flash-linear-attention-npu/fla/ops/ascendc/gdn/chunk_gdn_fwd/chunk_scaled_dot_kkt/op_host/chunk_scaled_dot_kkt_tiling.h:4,
                       from /home/liz23/flash-linear-attention-npu/fla/ops/ascendc/gdn/chunk_gdn_fwd/chunk_scaled_dot_kkt/op_host/chunk_scaled_dot_kkt_tiling.cpp:1:
      /home/w00929470/check0801/ascend/cann-9.2.0/include/external/ge_common/ge_error_codes.h:15:122: note: ‘#pragma message: Warning: ge_error_codes.h is deprecated and will be removed after 2027-06. Include "graph/error_codes.h" instead.’
         15 |     "Warning: ge_error_codes.h is deprecated and will be removed after 2027-06. Include \"graph/error_codes.h\" instead.")
            |                                                                                                                          ^
      In file included from /home/w00929470/check0801/ascend/cann-9.2.0/include/external/ge_common/api_error_codes.h:17,
                       from /home/w00929470/check0801/ascend/cann-9.2.0/include/exe_graph/runtime/continuous_vector.h:20,
                       from /home/w00929470/check0801/ascend/cann-9.2.0/include/exe_graph/runtime/runtime_attrs.h:16,
                       from /home/w00929470/check0801/ascend/cann-9.2.0/include/exe_graph/runtime/infer_shape_context.h:16,
                       from /home/w00929470/check0801/ascend/cann-9.2.0/include/register/op_impl_registry.h:19,
                       from /home/w00929470/check0801/ascend/cann-9.2.0/include/register/op_def.h:19,
                       from /home/w00929470/check0801/ascend/cann-9.2.0/include/register/op_def_registry.h:14,
                       from /home/liz23/flash-linear-attention-npu/fla/ops/ascendc/gdn/chunk_gdn_fwd/chunk_scaled_dot_kkt/op_host/chunk_scaled_dot_kkt_tiling.h:4,
                       from /home/liz23/flash-linear-attention-npu/fla/ops/ascendc/gdn/chunk_gdn_fwd/chunk_scaled_dot_kkt/op_host/chunk_scaled_dot_kkt_tiling.cpp:1:
      /home/w00929470/check0801/ascend/cann-9.2.0/include/external/ge_common/ge_api_types.h:15:122: note: ‘#pragma message: Warning: ge_api_types.h is deprecated and will be removed after 2027-06. Include "ge_common_api_types.h" instead.’
         15 |     "Warning: ge_api_types.h is deprecated and will be removed after 2027-06. Include \"ge_common_api_types.h\" instead.")
            |                                                                                                                          ^
      In file included from /home/w00929470/check0801/ascend/cann-9.2.0/include/external/ge_common/api_error_codes.h:16,
                       from /home/w00929470/check0801/ascend/cann-9.2.0/include/exe_graph/runtime/continuous_vector.h:20,
                       from /home/w00929470/check0801/ascend/cann-9.2.0/include/exe_graph/runtime/runtime_attrs.h:16,
                       from /home/w00929470/check0801/ascend/cann-9.2.0/include/exe_graph/runtime/infer_shape_context.h:16,
                       from /home/w00929470/check0801/ascend/cann-9.2.0/include/register/op_impl_registry.h:19,
                       from /home/liz23/flash-linear-attention-npu/fla/ops/ascendc/kda/chunk_kda_fwd_post_wu/op_host/chunk_kda_fwd_post_wu_tiling.cpp:9:
      /home/w00929470/check0801/ascend/cann-9.2.0/include/external/ge_common/ge_error_codes.h:15:122: note: ‘#pragma message: Warning: ge_error_codes.h is deprecated and will be removed after 2027-06. Include "graph/error_codes.h" instead.’
         15 |     "Warning: ge_error_codes.h is deprecated and will be removed after 2027-06. Include \"graph/error_codes.h\" instead.")
            |                                                                                                                          ^
      In file included from /home/w00929470/check0801/ascend/cann-9.2.0/include/external/ge_common/api_error_codes.h:17,
                       from /home/w00929470/check0801/ascend/cann-9.2.0/include/exe_graph/runtime/continuous_vector.h:20,
                       from /home/w00929470/check0801/ascend/cann-9.2.0/include/exe_graph/runtime/runtime_attrs.h:16,
                       from /home/w00929470/check0801/ascend/cann-9.2.0/include/exe_graph/runtime/infer_shape_context.h:16,
                       from /home/w00929470/check0801/ascend/cann-9.2.0/include/register/op_impl_registry.h:19,
                       from /home/liz23/flash-linear-attention-npu/fla/ops/ascendc/kda/chunk_kda_fwd_post_wu/op_host/chunk_kda_fwd_post_wu_tiling.cpp:9:
      /home/w00929470/check0801/ascend/cann-9.2.0/include/external/ge_common/ge_api_types.h:15:122: note: ‘#pragma message: Warning: ge_api_types.h is deprecated and will be removed after 2027-06. Include "ge_common_api_types.h" instead.’
         15 |     "Warning: ge_api_types.h is deprecated and will be removed after 2027-06. Include \"ge_common_api_types.h\" instead.")
            |                                                                                                                          ^
      In file included from /home/w00929470/check0801/ascend/cann-9.2.0/include/external/ge_common/api_error_codes.h:16,
                       from /home/w00929470/check0801/ascend/cann-9.2.0/include/exe_graph/runtime/continuous_vector.h:20,
                       from /home/w00929470/check0801/ascend/cann-9.2.0/include/exe_graph/runtime/runtime_attrs.h:16,
                       from /home/w00929470/check0801/ascend/cann-9.2.0/include/exe_graph/runtime/infer_shape_context.h:16,
                       from /home/w00929470/check0801/ascend/cann-9.2.0/include/register/op_impl_registry.h:19,
                       from /home/liz23/flash-linear-attention-npu/fla/ops/ascendc/gdn/chunk_gdn_fwd/solve_tri/op_host/solve_tri_tiling.cpp:6:
      /home/w00929470/check0801/ascend/cann-9.2.0/include/external/ge_common/ge_error_codes.h:15:122: note: ‘#pragma message: Warning: ge_error_codes.h is deprecated and will be removed after 2027-06. Include "graph/error_codes.h" instead.’
         15 |     "Warning: ge_error_codes.h is deprecated and will be removed after 2027-06. Include \"graph/error_codes.h\" instead.")
            |                                                                                                                          ^
      In file included from /home/w00929470/check0801/ascend/cann-9.2.0/include/external/ge_common/api_error_codes.h:17,
                       from /home/w00929470/check0801/ascend/cann-9.2.0/include/exe_graph/runtime/continuous_vector.h:20,
                       from /home/w00929470/check0801/ascend/cann-9.2.0/include/exe_graph/runtime/runtime_attrs.h:16,
                       from /home/w00929470/check0801/ascend/cann-9.2.0/include/exe_graph/runtime/infer_shape_context.h:16,
                       from /home/w00929470/check0801/ascend/cann-9.2.0/include/register/op_impl_registry.h:19,
                       from /home/liz23/flash-linear-attention-npu/fla/ops/ascendc/gdn/chunk_gdn_fwd/solve_tri/op_host/solve_tri_tiling.cpp:6:
      /home/w00929470/check0801/ascend/cann-9.2.0/include/external/ge_common/ge_api_types.h:15:122: note: ‘#pragma message: Warning: ge_api_types.h is deprecated and will be removed after 2027-06. Include "ge_common_api_types.h" instead.’
         15 |     "Warning: ge_api_types.h is deprecated and will be removed after 2027-06. Include \"ge_common_api_types.h\" instead.")
            |                                                                                                                          ^
      In file included from /home/w00929470/check0801/ascend/cann-9.2.0/include/op_common/log/log.h:25,
                       from /home/liz23/flash-linear-attention-npu/common/src/fallback_comm_2stages.cpp:25:
      /home/w00929470/check0801/ascend/cann-9.2.0/include/graph/ge_error_codes.h:15:122: note: ‘#pragma message: Warning: ge_error_codes.h is deprecated and will be removed after 2027-06. Include "graph/error_codes.h" instead.’
         15 |     "Warning: ge_error_codes.h is deprecated and will be removed after 2027-06. Include \"graph/error_codes.h\" instead.")
            |                                                                                                                          ^
      In file included from /home/w00929470/check0801/ascend/cann-9.2.0/include/op_common/log/log.h:25,
                       from /home/w00929470/check0801/ascend/cann-9.2.0/aarch64-linux/pkg_inc/op_common/atvoss/reduce/reduce_tiling.h:25,
                       from /home/liz23/flash-linear-attention-npu/third_party/opbase/src/op_common/atvoss/reduce/reduce_tiling.cpp:16:
      /home/w00929470/check0801/ascend/cann-9.2.0/include/graph/ge_error_codes.h:15:122: note: ‘#pragma message: Warning: ge_error_codes.h is deprecated and will be removed after 2027-06. Include "graph/error_codes.h" instead.’
         15 |     "Warning: ge_error_codes.h is deprecated and will be removed after 2027-06. Include \"graph/error_codes.h\" instead.")
            |                                                                                                                          ^
      In file included from /home/w00929470/check0801/ascend/cann-9.2.0/include/external/ge_common/api_error_codes.h:16,
                       from /home/w00929470/check0801/ascend/cann-9.2.0/include/exe_graph/runtime/continuous_vector.h:20,
                       from /home/w00929470/check0801/ascend/cann-9.2.0/include/exe_graph/runtime/runtime_attrs.h:16,
                       from /home/w00929470/check0801/ascend/cann-9.2.0/include/exe_graph/runtime/infer_shape_context.h:16,
                       from /home/w00929470/check0801/ascend/cann-9.2.0/include/register/op_impl_registry.h:19,
                       from /home/liz23/flash-linear-attention-npu/fla/ops/ascendc/kda/chunk_kda_fwd_finalize/op_host/chunk_kda_fwd_finalize_tiling.cpp:9:
      /home/w00929470/check0801/ascend/cann-9.2.0/include/external/ge_common/ge_error_codes.h:15:122: note: ‘#pragma message: Warning: ge_error_codes.h is deprecated and will be removed after 2027-06. Include "graph/error_codes.h" instead.’
         15 |     "Warning: ge_error_codes.h is deprecated and will be removed after 2027-06. Include \"graph/error_codes.h\" instead.")
            |                                                                                                                          ^
      In file included from /home/w00929470/check0801/ascend/cann-9.2.0/include/external/ge_common/api_error_codes.h:17,
                       from /home/w00929470/check0801/ascend/cann-9.2.0/include/exe_graph/runtime/continuous_vector.h:20,
                       from /home/w00929470/check0801/ascend/cann-9.2.0/include/exe_graph/runtime/runtime_attrs.h:16,
                       from /home/w00929470/check0801/ascend/cann-9.2.0/include/exe_graph/runtime/infer_shape_context.h:16,
                       from /home/w00929470/check0801/ascend/cann-9.2.0/include/register/op_impl_registry.h:19,
                       from /home/liz23/flash-linear-attention-npu/fla/ops/ascendc/kda/chunk_kda_fwd_finalize/op_host/chunk_kda_fwd_finalize_tiling.cpp:9:
      /home/w00929470/check0801/ascend/cann-9.2.0/include/external/ge_common/ge_api_types.h:15:122: note: ‘#pragma message: Warning: ge_api_types.h is deprecated and will be removed after 2027-06. Include "ge_common_api_types.h" instead.’
         15 |     "Warning: ge_api_types.h is deprecated and will be removed after 2027-06. Include \"ge_common_api_types.h\" instead.")
            |                                                                                                                          ^
      In file included from /home/w00929470/check0801/ascend/cann-9.2.0/include/external/ge_common/api_error_codes.h:16,
                       from /home/w00929470/check0801/ascend/cann-9.2.0/include/exe_graph/runtime/continuous_vector.h:20,
                       from /home/w00929470/check0801/ascend/cann-9.2.0/include/exe_graph/runtime/runtime_attrs.h:16,
                       from /home/w00929470/check0801/ascend/cann-9.2.0/include/exe_graph/runtime/infer_shape_context.h:16,
                       from /home/w00929470/check0801/ascend/cann-9.2.0/include/register/op_impl_registry.h:19,
                       from /home/liz23/flash-linear-attention-npu/fla/ops/ascendc/kda/chunk_kda_fwd_prepare/op_host/chunk_kda_fwd_prepare_tiling.cpp:9:
      /home/w00929470/check0801/ascend/cann-9.2.0/include/external/ge_common/ge_error_codes.h:15:122: note: ‘#pragma message: Warning: ge_error_codes.h is deprecated and will be removed after 2027-06. Include "graph/error_codes.h" instead.’
         15 |     "Warning: ge_error_codes.h is deprecated and will be removed after 2027-06. Include \"graph/error_codes.h\" instead.")
            |                                                                                                                          ^
      In file included from /home/w00929470/check0801/ascend/cann-9.2.0/include/external/ge_common/api_error_codes.h:17,
                       from /home/w00929470/check0801/ascend/cann-9.2.0/include/exe_graph/runtime/continuous_vector.h:20,
                       from /home/w00929470/check0801/ascend/cann-9.2.0/include/exe_graph/runtime/runtime_attrs.h:16,
                       from /home/w00929470/check0801/ascend/cann-9.2.0/include/exe_graph/runtime/infer_shape_context.h:16,
                       from /home/w00929470/check0801/ascend/cann-9.2.0/include/register/op_impl_registry.h:19,
                       from /home/liz23/flash-linear-attention-npu/fla/ops/ascendc/kda/chunk_kda_fwd_prepare/op_host/chunk_kda_fwd_prepare_tiling.cpp:9:
      /home/w00929470/check0801/ascend/cann-9.2.0/include/external/ge_common/ge_api_types.h:15:122: note: ‘#pragma message: Warning: ge_api_types.h is deprecated and will be removed after 2027-06. Include "ge_common_api_types.h" instead.’
         15 |     "Warning: ge_api_types.h is deprecated and will be removed after 2027-06. Include \"ge_common_api_types.h\" instead.")
            |                                                                                                                          ^
      In file included from /home/w00929470/check0801/ascend/cann-9.2.0/include/external/ge_common/api_error_codes.h:16,
                       from /home/w00929470/check0801/ascend/cann-9.2.0/include/exe_graph/runtime/continuous_vector.h:20,
                       from /home/w00929470/check0801/ascend/cann-9.2.0/include/exe_graph/runtime/runtime_attrs.h:16,
                       from /home/w00929470/check0801/ascend/cann-9.2.0/include/exe_graph/runtime/infer_shape_context.h:16,
                       from /home/w00929470/check0801/ascend/cann-9.2.0/include/register/op_impl_registry.h:19,
                       from /home/liz23/flash-linear-attention-npu/fla/ops/ascendc/kda/kda_gate_cumsum/op_host/kda_gate_cumsum_tiling.cpp:10:
      /home/w00929470/check0801/ascend/cann-9.2.0/include/external/ge_common/ge_error_codes.h:15:122: note: ‘#pragma message: Warning: ge_error_codes.h is deprecated and will be removed after 2027-06. Include "graph/error_codes.h" instead.’
         15 |     "Warning: ge_error_codes.h is deprecated and will be removed after 2027-06. Include \"graph/error_codes.h\" instead.")
            |                                                                                                                          ^
      In file included from /home/w00929470/check0801/ascend/cann-9.2.0/include/external/ge_common/api_error_codes.h:17,
                       from /home/w00929470/check0801/ascend/cann-9.2.0/include/exe_graph/runtime/continuous_vector.h:20,
                       from /home/w00929470/check0801/ascend/cann-9.2.0/include/exe_graph/runtime/runtime_attrs.h:16,
                       from /home/w00929470/check0801/ascend/cann-9.2.0/include/exe_graph/runtime/infer_shape_context.h:16,
                       from /home/w00929470/check0801/ascend/cann-9.2.0/include/register/op_impl_registry.h:19,
                       from /home/liz23/flash-linear-attention-npu/fla/ops/ascendc/kda/kda_gate_cumsum/op_host/kda_gate_cumsum_tiling.cpp:10:
      /home/w00929470/check0801/ascend/cann-9.2.0/include/external/ge_common/ge_api_types.h:15:122: note: ‘#pragma message: Warning: ge_api_types.h is deprecated and will be removed after 2027-06. Include "ge_common_api_types.h" instead.’
         15 |     "Warning: ge_api_types.h is deprecated and will be removed after 2027-06. Include \"ge_common_api_types.h\" instead.")
            |                                                                                                                          ^
      /home/liz23/flash-linear-attention-npu/third_party/opbase/src/op_common/atvoss/elewise/elewise_tiling.cpp:148:6: error: no declaration matches ‘void Ops::Base::ElewiseBaseTiling::AdaptEleBaseTilingData(const Ops::Base::ElewiseTilingData&, Ops::Base::EleBaseTilingData&)’
        148 | void ElewiseBaseTiling::AdaptEleBaseTilingData(const ElewiseTilingData& elewiseTilingData,
            |      ^~~~~~~~~~~~~~~~~
      In file included from /home/liz23/flash-linear-attention-npu/third_party/opbase/src/op_common/atvoss/elewise/elewise_tiling.cpp:16:
      /home/w00929470/check0801/ascend/cann-9.2.0/aarch64-linux/pkg_inc/op_common/atvoss/elewise/elewise_tiling.h:106:10: note: candidate is: ‘void Ops::Base::ElewiseBaseTiling::AdaptEleBaseTilingData(const Ops::Base::ElewiseTilingData&, Ops::Base::EleBaseTilingData&) const’
        106 |     void AdaptEleBaseTilingData(const ElewiseTilingData& elewiseTilingData, EleBaseTilingData& eleBaseTilingData) const;
            |          ^~~~~~~~~~~~~~~~~~~~~~
      /home/w00929470/check0801/ascend/cann-9.2.0/aarch64-linux/pkg_inc/op_common/atvoss/elewise/elewise_tiling.h:74:18: note: ‘class Ops::Base::ElewiseBaseTiling’ defined here
         74 | class OPBASE_API ElewiseBaseTiling {
            |                  ^~~~~~~~~~~~~~~~~
      /home/liz23/flash-linear-attention-npu/third_party/opbase/src/op_common/atvoss/elewise/elewise_tiling.cpp:208:9: error: no declaration matches ‘int64_t Ops::Base::ElewiseBaseTiling::GetScheMode()’
        208 | int64_t ElewiseBaseTiling::GetScheMode() {
            |         ^~~~~~~~~~~~~~~~~
      In file included from /home/liz23/flash-linear-attention-npu/third_party/opbase/src/op_common/atvoss/elewise/elewise_tiling.cpp:16:
      /home/w00929470/check0801/ascend/cann-9.2.0/aarch64-linux/pkg_inc/op_common/atvoss/elewise/elewise_tiling.h:102:13: note: candidate is: ‘int64_t Ops::Base::ElewiseBaseTiling::GetScheMode() const’
        102 |     int64_t GetScheMode() const;
            |             ^~~~~~~~~~~
      /home/w00929470/check0801/ascend/cann-9.2.0/aarch64-linux/pkg_inc/op_common/atvoss/elewise/elewise_tiling.h:74:18: note: ‘class Ops::Base::ElewiseBaseTiling’ defined here
         74 | class OPBASE_API ElewiseBaseTiling {
            |                  ^~~~~~~~~~~~~~~~~
      /home/liz23/flash-linear-attention-npu/third_party/opbase/src/op_common/atvoss/elewise/elewise_tiling.cpp:212:9: error: no declaration matches ‘int64_t Ops::Base::ElewiseBaseTiling::GetBlockDim()’
        212 | int64_t ElewiseBaseTiling::GetBlockDim() {
            |         ^~~~~~~~~~~~~~~~~
      In file included from /home/liz23/flash-linear-attention-npu/third_party/opbase/src/op_common/atvoss/elewise/elewise_tiling.cpp:16:
      /home/w00929470/check0801/ascend/cann-9.2.0/aarch64-linux/pkg_inc/op_common/atvoss/elewise/elewise_tiling.h:98:13: note: candidate is: ‘int64_t Ops::Base::ElewiseBaseTiling::GetBlockDim() const’
         98 |     int64_t GetBlockDim() const;
            |             ^~~~~~~~~~~
      /home/w00929470/check0801/ascend/cann-9.2.0/aarch64-linux/pkg_inc/op_common/atvoss/elewise/elewise_tiling.h:74:18: note: ‘class Ops::Base::ElewiseBaseTiling’ defined here
         74 | class OPBASE_API ElewiseBaseTiling {
            |                  ^~~~~~~~~~~~~~~~~
      In file included from /home/w00929470/check0801/ascend/cann-9.2.0/aarch64-linux/include/op_common/log/log.h:25,
                       from /home/liz23/flash-linear-attention-npu/fla/ops/ascendc/gdn/recurrent_gdn/recurrent_gated_delta_rule/op_host/recurrent_gated_delta_rule_infershape.cpp:23:
      /home/w00929470/check0801/ascend/cann-9.2.0/include/graph/ge_error_codes.h:15:122: note: ‘#pragma message: Warning: ge_error_codes.h is deprecated and will be removed after 2027-06. Include "graph/error_codes.h" instead.’
         15 |     "Warning: ge_error_codes.h is deprecated and will be removed after 2027-06. Include \"graph/error_codes.h\" instead.")
            |                                                                                                                          ^
      In file included from /home/w00929470/check0801/ascend/cann-9.2.0/aarch64-linux/include/op_common/log/log.h:25,
                       from /home/liz23/flash-linear-attention-npu/fla/ops/ascendc/gdn/gdn_preprocess/causal_conv1d/op_host/causal_conv1d_infershape.cpp:15:
      /home/w00929470/check0801/ascend/cann-9.2.0/include/graph/ge_error_codes.h:15:122: note: ‘#pragma message: Warning: ge_error_codes.h is deprecated and will be removed after 2027-06. Include "graph/error_codes.h" instead.’
         15 |     "Warning: ge_error_codes.h is deprecated and will be removed after 2027-06. Include \"graph/error_codes.h\" instead.")
            |                                                                                                                          ^
      In file included from /home/w00929470/check0801/ascend/cann-9.2.0/aarch64-linux/include/op_common/log/log.h:25,
                       from /home/liz23/flash-linear-attention-npu/fla/ops/ascendc/gdn/chunk_gdn_fwd/chunk_local_cumsum/op_host/chunk_local_cumsum_infershape.cpp:18:
      /home/w00929470/check0801/ascend/cann-9.2.0/include/graph/ge_error_codes.h:15:122: note: ‘#pragma message: Warning: ge_error_codes.h is deprecated and will be removed after 2027-06. Include "graph/error_codes.h" instead.’
         15 |     "Warning: ge_error_codes.h is deprecated and will be removed after 2027-06. Include \"graph/error_codes.h\" instead.")
            |                                                                                                                          ^
      /home/liz23/flash-linear-attention-npu/fla/ops/ascendc/kda/chunk_kda_fwd_finalize/op_host/chunk_kda_fwd_finalize_def.cpp: In constructor ‘ops::ChunkKdaFwdFinalize::ChunkKdaFwdFinalize(const char*)’:
      /home/liz23/flash-linear-attention-npu/fla/ops/ascendc/kda/chunk_kda_fwd_finalize/op_host/chunk_kda_fwd_finalize_def.cpp:21:51: warning: unused variable ‘gateTypes’ [-Wunused-variable]
         21 |         const std::initializer_list<ge::DataType> gateTypes = {
            |                                                   ^~~~~~~~~
      /home/liz23/flash-linear-attention-npu/fla/ops/ascendc/kda/chunk_kda_fwd_finalize/op_host/chunk_kda_fwd_finalize_def.cpp:25:51: warning: unused variable ‘betaTypes’ [-Wunused-variable]
         25 |         const std::initializer_list<ge::DataType> betaTypes = {
            |                                                   ^~~~~~~~~
      /home/liz23/flash-linear-attention-npu/fla/ops/ascendc/kda/chunk_kda_fwd_finalize/op_host/chunk_kda_fwd_finalize_def.cpp:29:51: warning: unused variable ‘stateTypes’ [-Wunused-variable]
         29 |         const std::initializer_list<ge::DataType> stateTypes = {
            |                                                   ^~~~~~~~~~
      In file included from /home/w00929470/check0801/ascend/cann-9.2.0/aarch64-linux/include/op_common/log/log.h:25,
                       from /home/liz23/flash-linear-attention-npu/common/include/tiling_base/tiling_base.h:24,
                       from /home/liz23/flash-linear-attention-npu/common/include/tiling_base/tiling_templates_registry.h:23,
                       from /home/liz23/flash-linear-attention-npu/fla/ops/ascendc/gdn/gdn_preprocess/causal_conv1d/op_host/causal_conv1d_tiling.cpp:15:
      /home/w00929470/check0801/ascend/cann-9.2.0/include/graph/ge_error_codes.h:15:122: note: ‘#pragma message: Warning: ge_error_codes.h is deprecated and will be removed after 2027-06. Include "graph/error_codes.h" instead.’
         15 |     "Warning: ge_error_codes.h is deprecated and will be removed after 2027-06. Include \"graph/error_codes.h\" instead.")
            |                                                                                                                          ^
      /home/liz23/flash-linear-attention-npu/fla/ops/ascendc/kda/chunk_kda_fwd_prepare/op_host/chunk_kda_fwd_prepare_def.cpp: In constructor ‘ops::ChunkKdaFwdPrepare::ChunkKdaFwdPrepare(const char*)’:
      /home/liz23/flash-linear-attention-npu/fla/ops/ascendc/kda/chunk_kda_fwd_prepare/op_host/chunk_kda_fwd_prepare_def.cpp:29:51: warning: unused variable ‘stateTypes’ [-Wunused-variable]
         29 |         const std::initializer_list<ge::DataType> stateTypes = {
            |                                                   ^~~~~~~~~~
      /home/liz23/flash-linear-attention-npu/fla/ops/ascendc/kda/chunk_kda_fwd_post_wu/op_host/chunk_kda_fwd_post_wu_def.cpp: In constructor ‘ops::ChunkKdaFwdPostWu::ChunkKdaFwdPostWu(const char*)’:
      /home/liz23/flash-linear-attention-npu/fla/ops/ascendc/kda/chunk_kda_fwd_post_wu/op_host/chunk_kda_fwd_post_wu_def.cpp:25:51: warning: unused variable ‘betaTypes’ [-Wunused-variable]
         25 |         const std::initializer_list<ge::DataType> betaTypes = {
            |                                                   ^~~~~~~~~
      /home/liz23/flash-linear-attention-npu/fla/ops/ascendc/kda/chunk_kda_fwd_post_wu/op_host/chunk_kda_fwd_post_wu_def.cpp:29:51: warning: unused variable ‘stateTypes’ [-Wunused-variable]
         29 |         const std::initializer_list<ge::DataType> stateTypes = {
            |                                                   ^~~~~~~~~~
      /home/liz23/flash-linear-attention-npu/fla/ops/ascendc/gdn/chunk_gdn_fwd/solve_tri/op_host/solve_tri_tiling.cpp: In function ‘ge::graphStatus optiling::SolveTriTilingParse(gert::TilingParseContext*)’:
      /home/liz23/flash-linear-attention-npu/fla/ops/ascendc/gdn/chunk_gdn_fwd/solve_tri/op_host/solve_tri_tiling.cpp:151:71: warning: unused parameter ‘context’ [-Wunused-parameter]
        151 |  static ge::graphStatus SolveTriTilingParse(gert::TilingParseContext* context)
            |                                             ~~~~~~~~~~~~~~~~~~~~~~~~~~^~~~~~~
      In file included from /home/w00929470/check0801/ascend/cann-9.2.0/aarch64-linux/include/op_common/log/log.h:25,
                       from /home/liz23/flash-linear-attention-npu/fla/ops/ascendc/gdn/chunk_gdn_fwd/chunk_local_cumsum/op_host/chunk_local_cumsum_tiling.cpp:21:
      /home/w00929470/check0801/ascend/cann-9.2.0/include/graph/ge_error_codes.h:15:122: note: ‘#pragma message: Warning: ge_error_codes.h is deprecated and will be removed after 2027-06. Include "graph/error_codes.h" instead.’
         15 |     "Warning: ge_error_codes.h is deprecated and will be removed after 2027-06. Include \"graph/error_codes.h\" instead.")
            |                                                                                                                          ^
      In file included from /home/w00929470/check0801/ascend/cann-9.2.0/aarch64-linux/include/op_common/log/log.h:25,
                       from /home/liz23/flash-linear-attention-npu/common/include/tiling_base/tiling_base.h:24,
                       from /home/liz23/flash-linear-attention-npu/common/include/tiling_base/tiling_templates_registry.h:23,
                       from /home/liz23/flash-linear-attention-npu/fla/ops/ascendc/kda/chunk_kda_bwd_intra/op_host/op_tiling/../chunk_kda_bwd_intra_tiling_processor.h:13,
                       from /home/liz23/flash-linear-attention-npu/fla/ops/ascendc/kda/chunk_kda_bwd_intra/op_host/op_tiling/chunk_kda_bwd_intra_tiling.h:6,
                       from /home/liz23/flash-linear-attention-npu/fla/ops/ascendc/kda/chunk_kda_bwd_intra/op_host/op_tiling/chunk_kda_bwd_intra_tiling.cpp:1:
      /home/w00929470/check0801/ascend/cann-9.2.0/include/graph/ge_error_codes.h:15:122: note: ‘#pragma message: Warning: ge_error_codes.h is deprecated and will be removed after 2027-06. Include "graph/error_codes.h" instead.’
         15 |     "Warning: ge_error_codes.h is deprecated and will be removed after 2027-06. Include \"graph/error_codes.h\" instead.")
            |                                                                                                                          ^
      In file included from /home/w00929470/check0801/ascend/cann-9.2.0/aarch64-linux/include/op_common/log/log.h:25,
                       from /home/liz23/flash-linear-attention-npu/common/include/tiling_base/tiling_base.h:24,
                       from /home/liz23/flash-linear-attention-npu/common/include/tiling_base/tiling_templates_registry.h:23,
                       from /home/liz23/flash-linear-attention-npu/fla/ops/ascendc/gdn/chunk_gdn_fwd/chunk_fwd_o/op_host/chunk_fwd_o_tiling_processor.h:23,
                       from /home/liz23/flash-linear-attention-npu/fla/ops/ascendc/gdn/chunk_gdn_fwd/chunk_fwd_o/op_host/chunk_fwd_o_tiling.cpp:16:
      /home/w00929470/check0801/ascend/cann-9.2.0/include/graph/ge_error_codes.h:15:122: note: ‘#pragma message: Warning: ge_error_codes.h is deprecated and will be removed after 2027-06. Include "graph/error_codes.h" instead.’
         15 |     "Warning: ge_error_codes.h is deprecated and will be removed after 2027-06. Include \"graph/error_codes.h\" instead.")
            |                                                                                                                          ^
      In file included from /home/w00929470/check0801/ascend/cann-9.2.0/aarch64-linux/include/op_common/log/log.h:25,
                       from /home/liz23/flash-linear-attention-npu/common/include/tiling_base/tiling_base.h:24,
                       from /home/liz23/flash-linear-attention-npu/common/include/tiling_base/tiling_templates_registry.h:23,
                       from /home/liz23/flash-linear-attention-npu/fla/ops/ascendc/gdn/chunk_gdn_bwd/chunk_bwd_dv_local/op_host/chunk_bwd_dv_local_tiling_processor.h:22,
                       from /home/liz23/flash-linear-attention-npu/fla/ops/ascendc/gdn/chunk_gdn_bwd/chunk_bwd_dv_local/op_host/chunk_bwd_dv_local_tiling.cpp:15:
      /home/w00929470/check0801/ascend/cann-9.2.0/include/graph/ge_error_codes.h:15:122: note: ‘#pragma message: Warning: ge_error_codes.h is deprecated and will be removed after 2027-06. Include "graph/error_codes.h" instead.’
         15 |     "Warning: ge_error_codes.h is deprecated and will be removed after 2027-06. Include \"graph/error_codes.h\" instead.")
            |                                                                                                                          ^
      In file included from /home/w00929470/check0801/ascend/cann-9.2.0/aarch64-linux/include/op_common/log/log.h:25,
                       from /home/liz23/flash-linear-attention-npu/common/include/tiling_base/tiling_base.h:24,
                       from /home/liz23/flash-linear-attention-npu/common/include/tiling_base/tiling_templates_registry.h:23,
                       from /home/liz23/flash-linear-attention-npu/fla/ops/ascendc/gdn/chunk_gdn_bwd/prepare_wy_repr_bwd_da/op_host/op_tiling/../prepare_wy_repr_bwd_da_tiling_processor.h:26,
                       from /home/liz23/flash-linear-attention-npu/fla/ops/ascendc/gdn/chunk_gdn_bwd/prepare_wy_repr_bwd_da/op_host/op_tiling/prepare_wy_repr_bwd_da_tiling.h:20,
                       from /home/liz23/flash-linear-attention-npu/fla/ops/ascendc/gdn/chunk_gdn_bwd/prepare_wy_repr_bwd_da/op_host/op_tiling/prepare_wy_repr_bwd_da_tiling.cpp:15:
      /home/w00929470/check0801/ascend/cann-9.2.0/include/graph/ge_error_codes.h:15:122: note: ‘#pragma message: Warning: ge_error_codes.h is deprecated and will be removed after 2027-06. Include "graph/error_codes.h" instead.’
         15 |     "Warning: ge_error_codes.h is deprecated and will be removed after 2027-06. Include \"graph/error_codes.h\" instead.")
            |                                                                                                                          ^
      In file included from /home/w00929470/check0801/ascend/cann-9.2.0/aarch64-linux/include/op_common/log/log.h:25,
                       from /home/liz23/flash-linear-attention-npu/common/include/tiling_base/tiling_base.h:24,
                       from /home/liz23/flash-linear-attention-npu/common/include/tiling_base/tiling_templates_registry.h:23,
                       from /home/liz23/flash-linear-attention-npu/fla/ops/ascendc/gdn/chunk_gdn_fwd/recompute_w_u_fwd/op_host/op_tiling/recompute_w_u_fwd_tiling_processor.h:24,
                       from /home/liz23/flash-linear-attention-npu/fla/ops/ascendc/gdn/chunk_gdn_fwd/recompute_w_u_fwd/op_host/op_tiling/recompute_w_u_fwd_tiling.cpp:16:
      /home/w00929470/check0801/ascend/cann-9.2.0/include/graph/ge_error_codes.h:15:122: note: ‘#pragma message: Warning: ge_error_codes.h is deprecated and will be removed after 2027-06. Include "graph/error_codes.h" instead.’
         15 |     "Warning: ge_error_codes.h is deprecated and will be removed after 2027-06. Include \"graph/error_codes.h\" instead.")
            |                                                                                                                          ^
      In file included from /home/w00929470/check0801/ascend/cann-9.2.0/aarch64-linux/include/op_common/log/log.h:25,
                       from /home/liz23/flash-linear-attention-npu/common/include/tiling_base/tiling_base.h:24,
                       from /home/liz23/flash-linear-attention-npu/common/include/tiling_base/tiling_templates_registry.h:23,
                       from /home/liz23/flash-linear-attention-npu/fla/ops/ascendc/gdn/chunk_gdn_bwd/prepare_wy_repr_bwd_full/op_host/op_tiling/../prepare_wy_repr_bwd_full_tiling_processor.h:26,
                       from /home/liz23/flash-linear-attention-npu/fla/ops/ascendc/gdn/chunk_gdn_bwd/prepare_wy_repr_bwd_full/op_host/op_tiling/prepare_wy_repr_bwd_full_tiling.h:21,
                       from /home/liz23/flash-linear-attention-npu/fla/ops/ascendc/gdn/chunk_gdn_bwd/prepare_wy_repr_bwd_full/op_host/op_tiling/prepare_wy_repr_bwd_full_tiling.cpp:15:
      /home/w00929470/check0801/ascend/cann-9.2.0/include/graph/ge_error_codes.h:15:122: note: ‘#pragma message: Warning: ge_error_codes.h is deprecated and will be removed after 2027-06. Include "graph/error_codes.h" instead.’
         15 |     "Warning: ge_error_codes.h is deprecated and will be removed after 2027-06. Include \"graph/error_codes.h\" instead.")
            |                                                                                                                          ^
      In file included from /home/w00929470/check0801/ascend/cann-9.2.0/aarch64-linux/include/op_common/log/log.h:25,
                       from /home/liz23/flash-linear-attention-npu/common/include/tiling_base/tiling_base.h:24,
                       from /home/liz23/flash-linear-attention-npu/common/include/tiling_base/tiling_templates_registry.h:23,
                       from /home/liz23/flash-linear-attention-npu/fla/ops/ascendc/gdn/chunk_gdn_bwd/chunk_gated_delta_rule_bwd_dhu/op_host/op_tiling/chunk_gated_delta_rule_bwd_dhu_tiling_processor.h:24,
                       from /home/liz23/flash-linear-attention-npu/fla/ops/ascendc/gdn/chunk_gdn_bwd/chunk_gated_delta_rule_bwd_dhu/op_host/op_tiling/chunk_gated_delta_rule_bwd_dhu_tiling.cpp:15:
      /home/w00929470/check0801/ascend/cann-9.2.0/include/graph/ge_error_codes.h:15:122: note: ‘#pragma message: Warning: ge_error_codes.h is deprecated and will be removed after 2027-06. Include "graph/error_codes.h" instead.’
         15 |     "Warning: ge_error_codes.h is deprecated and will be removed after 2027-06. Include \"graph/error_codes.h\" instead.")
            |                                                                                                                          ^
      In file included from /home/w00929470/check0801/ascend/cann-9.2.0/aarch64-linux/include/op_common/log/log.h:25,
                       from /home/liz23/flash-linear-attention-npu/common/include/tiling_base/tiling_base.h:24,
                       from /home/liz23/flash-linear-attention-npu/common/include/tiling_base/tiling_templates_registry.h:23,
                       from /home/liz23/flash-linear-attention-npu/fla/ops/ascendc/gdn/chunk_gdn_bwd/prepare_wy_repr_bwd_da/op_host/op_tiling/arch35/../../prepare_wy_repr_bwd_da_tiling_processor.h:26,
                       from /home/liz23/flash-linear-attention-npu/fla/ops/ascendc/gdn/chunk_gdn_bwd/prepare_wy_repr_bwd_da/op_host/op_tiling/arch35/../prepare_wy_repr_bwd_da_tiling.h:20,
                       from /home/liz23/flash-linear-attention-npu/fla/ops/ascendc/gdn/chunk_gdn_bwd/prepare_wy_repr_bwd_da/op_host/op_tiling/arch35/prepare_wy_repr_bwd_da_tiling_a5.h:17,
                       from /home/liz23/flash-linear-attention-npu/fla/ops/ascendc/gdn/chunk_gdn_bwd/prepare_wy_repr_bwd_da/op_host/op_tiling/arch35/prepare_wy_repr_bwd_da_tiling_a5.cpp:15:
      /home/w00929470/check0801/ascend/cann-9.2.0/include/graph/ge_error_codes.h:15:122: note: ‘#pragma message: Warning: ge_error_codes.h is deprecated and will be removed after 2027-06. Include "graph/error_codes.h" instead.’
         15 |     "Warning: ge_error_codes.h is deprecated and will be removed after 2027-06. Include \"graph/error_codes.h\" instead.")
            |                                                                                                                          ^
      In file included from /home/w00929470/check0801/ascend/cann-9.2.0/aarch64-linux/include/op_common/log/log.h:25,
                       from /home/liz23/flash-linear-attention-npu/common/include/tiling_base/tiling_base.h:24,
                       from /home/liz23/flash-linear-attention-npu/common/include/tiling_base/tiling_templates_registry.h:23,
                       from /home/liz23/flash-linear-attention-npu/fla/ops/ascendc/gdn/chunk_gdn_bwd/prepare_wy_repr_bwd_full/op_host/op_tiling/arch35/../../prepare_wy_repr_bwd_full_tiling_processor.h:26,
                       from /home/liz23/flash-linear-attention-npu/fla/ops/ascendc/gdn/chunk_gdn_bwd/prepare_wy_repr_bwd_full/op_host/op_tiling/arch35/../prepare_wy_repr_bwd_full_tiling.h:21,
                       from /home/liz23/flash-linear-attention-npu/fla/ops/ascendc/gdn/chunk_gdn_bwd/prepare_wy_repr_bwd_full/op_host/op_tiling/arch35/prepare_wy_repr_bwd_full_tiling_a5.h:23,
                       from /home/liz23/flash-linear-attention-npu/fla/ops/ascendc/gdn/chunk_gdn_bwd/prepare_wy_repr_bwd_full/op_host/op_tiling/arch35/prepare_wy_repr_bwd_full_tiling_a5.cpp:15:
      /home/w00929470/check0801/ascend/cann-9.2.0/include/graph/ge_error_codes.h:15:122: note: ‘#pragma message: Warning: ge_error_codes.h is deprecated and will be removed after 2027-06. Include "graph/error_codes.h" instead.’
         15 |     "Warning: ge_error_codes.h is deprecated and will be removed after 2027-06. Include \"graph/error_codes.h\" instead.")
            |                                                                                                                          ^
      gmake[2]: *** [fla/ops/ascendc/gdn/chunk_gdn_bwd/chunk_bwd_dqkwg/op_host/CMakeFiles/opbase_tiling_objs.dir/build.make:118: fla/ops/ascendc/gdn/chunk_gdn_bwd/chunk_bwd_dqkwg/op_host/CMakeFiles/opbase_tiling_objs.dir/__/__/__/__/__/__/__/third_party/opbase/src/op_common/atvoss/elewise/elewise_tiling.cpp.o] Error 1
      gmake[2]: *** Waiting for unfinished jobs....
      In file included from /home/w00929470/check0801/ascend/cann-9.2.0/aarch64-linux/include/op_common/log/log.h:25,
                       from /home/liz23/flash-linear-attention-npu/common/include/tiling_base/tiling_base.h:24,
                       from /home/liz23/flash-linear-attention-npu/common/include/tiling_base/tiling_templates_registry.h:23,
                       from /home/liz23/flash-linear-attention-npu/fla/ops/ascendc/gdn/gdn_preprocess/causal_conv1d_bwd/op_host/causal_conv1d_bwd_tiling.cpp:19:
      /home/w00929470/check0801/ascend/cann-9.2.0/include/graph/ge_error_codes.h:15:122: note: ‘#pragma message: Warning: ge_error_codes.h is deprecated and will be removed after 2027-06. Include "graph/error_codes.h" instead.’
         15 |     "Warning: ge_error_codes.h is deprecated and will be removed after 2027-06. Include \"graph/error_codes.h\" instead.")
            |                                                                                                                          ^
      In file included from /home/liz23/flash-linear-attention-npu/fla/ops/ascendc/gdn/chunk_gdn_bwd/chunk_bwd_dv_local/op_host/../op_kernel/chunk_bwd_dv_local_struct.h:19,
                       from /home/liz23/flash-linear-attention-npu/fla/ops/ascendc/gdn/chunk_gdn_bwd/chunk_bwd_dv_local/op_host/chunk_bwd_dv_local_tiling_processor.h:18,
                       from /home/liz23/flash-linear-attention-npu/fla/ops/ascendc/gdn/chunk_gdn_bwd/chunk_bwd_dv_local/op_host/chunk_bwd_dv_local_tiling.cpp:15:
      /home/liz23/flash-linear-attention-npu/fla/ops/ascendc/gdn/chunk_gdn_bwd/chunk_bwd_dv_local/op_host/chunk_bwd_dv_local_tiling.cpp: In function ‘ge::graphStatus optiling::Tiling4ChunkBwdDvLocal(gert::TilingContext*)’:
      /home/liz23/flash-linear-attention-npu/fla/ops/ascendc/gdn/chunk_gdn_bwd/chunk_bwd_dv_local/op_host/chunk_bwd_dv_local_tiling.cpp:81:58: warning: narrowing conversion of ‘dTQ’ from ‘int’ to ‘long unsigned int’ [-Wnarrowing]
         81 |     uint64_t tilingKey = GET_TPL_TILING_KEY(strategyKey, dTQ, dTG, v);
            |                                                          ^~~
      /home/liz23/flash-linear-attention-npu/fla/ops/ascendc/gdn/chunk_gdn_bwd/chunk_bwd_dv_local/op_host/chunk_bwd_dv_local_tiling.cpp:81:58: warning: narrowing conversion of ‘dTQ’ from ‘int’ to ‘long unsigned int’ [-Wnarrowing]
      /home/liz23/flash-linear-attention-npu/fla/ops/ascendc/gdn/chunk_gdn_bwd/chunk_bwd_dv_local/op_host/chunk_bwd_dv_local_tiling.cpp:81:63: warning: narrowing conversion of ‘dTG’ from ‘int’ to ‘long unsigned int’ [-Wnarrowing]
         81 |     uint64_t tilingKey = GET_TPL_TILING_KEY(strategyKey, dTQ, dTG, v);
            |                                                               ^~~
      /home/liz23/flash-linear-attention-npu/fla/ops/ascendc/gdn/chunk_gdn_bwd/chunk_bwd_dv_local/op_host/chunk_bwd_dv_local_tiling.cpp:81:63: warning: narrowing conversion of ‘dTG’ from ‘int’ to ‘long unsigned int’ [-Wnarrowing]
      /home/liz23/flash-linear-attention-npu/fla/ops/ascendc/gdn/chunk_gdn_bwd/chunk_bwd_dv_local/op_host/chunk_bwd_dv_local_tiling.cpp:81:68: warning: narrowing conversion of ‘v’ from ‘int’ to ‘long unsigned int’ [-Wnarrowing]
         81 |     uint64_t tilingKey = GET_TPL_TILING_KEY(strategyKey, dTQ, dTG, v);
            |                                                                    ^
      /home/liz23/flash-linear-attention-npu/fla/ops/ascendc/gdn/chunk_gdn_bwd/chunk_bwd_dv_local/op_host/chunk_bwd_dv_local_tiling.cpp:81:68: warning: narrowing conversion of ‘v’ from ‘int’ to ‘long unsigned int’ [-Wnarrowing]
      In file included from /home/liz23/flash-linear-attention-npu/common/include/tiling_base/tiling_base.h:24,
                       from /home/liz23/flash-linear-attention-npu/common/include/tiling_base/tiling_templates_registry.h:23,
                       from /home/liz23/flash-linear-attention-npu/fla/ops/ascendc/gdn/chunk_gdn_bwd/prepare_wy_repr_bwd_full/op_host/op_tiling/../prepare_wy_repr_bwd_full_tiling_processor.h:26,
                       from /home/liz23/flash-linear-attention-npu/fla/ops/ascendc/gdn/chunk_gdn_bwd/prepare_wy_repr_bwd_full/op_host/op_tiling/prepare_wy_repr_bwd_full_tiling.h:21,
                       from /home/liz23/flash-linear-attention-npu/fla/ops/ascendc/gdn/chunk_gdn_bwd/prepare_wy_repr_bwd_full/op_host/op_tiling/prepare_wy_repr_bwd_full_tiling.cpp:15:
      /home/liz23/flash-linear-attention-npu/fla/ops/ascendc/gdn/chunk_gdn_bwd/prepare_wy_repr_bwd_full/op_host/op_tiling/../prepare_wy_repr_bwd_full_tiling_processor.h: In member function ‘ge::graphStatus optiling::PrepareWyReprBwdFullTilingProcessor::CommonTiling()’:
      /home/liz23/flash-linear-attention-npu/fla/ops/ascendc/gdn/chunk_gdn_bwd/prepare_wy_repr_bwd_full/op_host/op_tiling/../prepare_wy_repr_bwd_full_tiling_processor.h:284:29: warning: format ‘%zu’ expects argument of type ‘size_t’, but argument 8 has type ‘int64_t’ {aka ‘long int’} [-Wformat=]
        284 |                             "Compare input shape of %s and %s failed: batch dim 0 must match (got %zu vs %zu).",
        285 |                             INPUT_V_NAME, INPUT_K_NAME, vStorageShape.GetDim(DIM_0), kStorageShape.GetDim(DIM_0)),
            |                                                         ~~~~~~~~~~~~~~~~~~~~~~~~~~~
            |                                                                             |
            |                                                                             int64_t {aka long int}
      /home/w00929470/check0801/ascend/cann-9.2.0/aarch64-linux/include/op_common/log/log.h:1086:13: note: in definition of macro ‘OP_CHECK_IF’
       1086 |             log;                                 \
            |             ^~~
      /home/liz23/flash-linear-attention-npu/fla/ops/ascendc/gdn/chunk_gdn_bwd/prepare_wy_repr_bwd_full/op_host/op_tiling/../prepare_wy_repr_bwd_full_tiling_processor.h:283:21: note: in expansion of macro ‘OP_LOGE’
        283 |                     OP_LOGE(ctx_.nodeName,
            |                     ^~~~~~~
      /home/liz23/flash-linear-attention-npu/fla/ops/ascendc/gdn/chunk_gdn_bwd/prepare_wy_repr_bwd_full/op_host/op_tiling/../prepare_wy_repr_bwd_full_tiling_processor.h:284:29: warning: format ‘%zu’ expects argument of type ‘size_t’, but argument 9 has type ‘int64_t’ {aka ‘long int’} [-Wformat=]
        284 |                             "Compare input shape of %s and %s failed: batch dim 0 must match (got %zu vs %zu).",
        285 |                             INPUT_V_NAME, INPUT_K_NAME, vStorageShape.GetDim(DIM_0), kStorageShape.GetDim(DIM_0)),
            |                                                                                      ~~~~~~~~~~~~~~~~~~~~~~~~~~~
            |                                                                                                          |
            |                                                                                                          int64_t {aka long int}
      /home/w00929470/check0801/ascend/cann-9.2.0/aarch64-linux/include/op_common/log/log.h:1086:13: note: in definition of macro ‘OP_CHECK_IF’
       1086 |             log;                                 \
            |             ^~~
      /home/liz23/flash-linear-attention-npu/fla/ops/ascendc/gdn/chunk_gdn_bwd/prepare_wy_repr_bwd_full/op_host/op_tiling/../prepare_wy_repr_bwd_full_tiling_processor.h:283:21: note: in expansion of macro ‘OP_LOGE’
        283 |                     OP_LOGE(ctx_.nodeName,
            |                     ^~~~~~~
      /home/liz23/flash-linear-attention-npu/fla/ops/ascendc/gdn/chunk_gdn_bwd/prepare_wy_repr_bwd_full/op_host/op_tiling/../prepare_wy_repr_bwd_full_tiling_processor.h:289:29: warning: format ‘%zu’ expects argument of type ‘size_t’, but argument 8 has type ‘int64_t’ {aka ‘long int’} [-Wformat=]
        289 |                             "Compare input shape of %s and %s failed: time dim 2 must match (got %zu vs %zu).",
        290 |                             INPUT_V_NAME, INPUT_K_NAME, vStorageShape.GetDim(DIM_2), kStorageShape.GetDim(DIM_2)),
            |                                                         ~~~~~~~~~~~~~~~~~~~~~~~~~~~
            |                                                                             |
            |                                                                             int64_t {aka long int}
      /home/w00929470/check0801/ascend/cann-9.2.0/aarch64-linux/include/op_common/log/log.h:1086:13: note: in definition of macro ‘OP_CHECK_IF’
       1086 |             log;                                 \
            |             ^~~
      /home/liz23/flash-linear-attention-npu/fla/ops/ascendc/gdn/chunk_gdn_bwd/prepare_wy_repr_bwd_full/op_host/op_tiling/../prepare_wy_repr_bwd_full_tiling_processor.h:288:21: note: in expansion of macro ‘OP_LOGE’
        288 |                     OP_LOGE(ctx_.nodeName,
            |                     ^~~~~~~
      /home/liz23/flash-linear-attention-npu/fla/ops/ascendc/gdn/chunk_gdn_bwd/prepare_wy_repr_bwd_full/op_host/op_tiling/../prepare_wy_repr_bwd_full_tiling_processor.h:289:29: warning: format ‘%zu’ expects argument of type ‘size_t’, but argument 9 has type ‘int64_t’ {aka ‘long int’} [-Wformat=]
        289 |                             "Compare input shape of %s and %s failed: time dim 2 must match (got %zu vs %zu).",
        290 |                             INPUT_V_NAME, INPUT_K_NAME, vStorageShape.GetDim(DIM_2), kStorageShape.GetDim(DIM_2)),
            |                                                                                      ~~~~~~~~~~~~~~~~~~~~~~~~~~~
            |                                                                                                          |
            |                                                                                                          int64_t {aka long int}
      /home/w00929470/check0801/ascend/cann-9.2.0/aarch64-linux/include/op_common/log/log.h:1086:13: note: in definition of macro ‘OP_CHECK_IF’
       1086 |             log;                                 \
            |             ^~~
      /home/liz23/flash-linear-attention-npu/fla/ops/ascendc/gdn/chunk_gdn_bwd/prepare_wy_repr_bwd_full/op_host/op_tiling/../prepare_wy_repr_bwd_full_tiling_processor.h:288:21: note: in expansion of macro ‘OP_LOGE’
        288 |                     OP_LOGE(ctx_.nodeName,
            |                     ^~~~~~~
      /home/liz23/flash-linear-attention-npu/fla/ops/ascendc/gdn/chunk_gdn_bwd/prepare_wy_repr_bwd_full/op_host/op_tiling/../prepare_wy_repr_bwd_full_tiling_processor.h:308:29: warning: format ‘%zu’ expects argument of type ‘size_t’, but argument 8 has type ‘int64_t’ {aka ‘long int’} [-Wformat=]
        308 |                             "Compare input shape of %s and %s failed: batch dim 0 must match (got %zu vs %zu).",
        309 |                             INPUT_K_NAME, INPUT_G_NAME, kStorageShape.GetDim(DIM_0), gStorageShape.GetDim(DIM_0)),
            |                                                         ~~~~~~~~~~~~~~~~~~~~~~~~~~~
            |                                                                             |
            |                                                                             int64_t {aka long int}
      /home/w00929470/check0801/ascend/cann-9.2.0/aarch64-linux/include/op_common/log/log.h:1086:13: note: in definition of macro ‘OP_CHECK_IF’
       1086 |             log;                                 \
            |             ^~~
      /home/liz23/flash-linear-attention-npu/fla/ops/ascendc/gdn/chunk_gdn_bwd/prepare_wy_repr_bwd_full/op_host/op_tiling/../prepare_wy_repr_bwd_full_tiling_processor.h:307:21: note: in expansion of macro ‘OP_LOGE’
        307 |                     OP_LOGE(ctx_.nodeName,
            |                     ^~~~~~~
      /home/liz23/flash-linear-attention-npu/fla/ops/ascendc/gdn/chunk_gdn_bwd/prepare_wy_repr_bwd_full/op_host/op_tiling/../prepare_wy_repr_bwd_full_tiling_processor.h:308:29: warning: format ‘%zu’ expects argument of type ‘size_t’, but argument 9 has type ‘int64_t’ {aka ‘long int’} [-Wformat=]
        308 |                             "Compare input shape of %s and %s failed: batch dim 0 must match (got %zu vs %zu).",
        309 |                             INPUT_K_NAME, INPUT_G_NAME, kStorageShape.GetDim(DIM_0), gStorageShape.GetDim(DIM_0)),
            |                                                                                      ~~~~~~~~~~~~~~~~~~~~~~~~~~~
            |                                                                                                          |
            |                                                                                                          int64_t {aka long int}
      /home/w00929470/check0801/ascend/cann-9.2.0/aarch64-linux/include/op_common/log/log.h:1086:13: note: in definition of macro ‘OP_CHECK_IF’
       1086 |             log;                                 \
            |             ^~~
      /home/liz23/flash-linear-attention-npu/fla/ops/ascendc/gdn/chunk_gdn_bwd/prepare_wy_repr_bwd_full/op_host/op_tiling/../prepare_wy_repr_bwd_full_tiling_processor.h:307:21: note: in expansion of macro ‘OP_LOGE’
        307 |                     OP_LOGE(ctx_.nodeName,
            |                     ^~~~~~~
      /home/liz23/flash-linear-attention-npu/fla/ops/ascendc/gdn/chunk_gdn_bwd/prepare_wy_repr_bwd_full/op_host/op_tiling/../prepare_wy_repr_bwd_full_tiling_processor.h:313:29: warning: format ‘%zu’ expects argument of type ‘size_t’, but argument 8 has type ‘int64_t’ {aka ‘long int’} [-Wformat=]
        313 |                             "Compare input shape of %s and %s failed: time dim 2 must match (got %zu vs %zu).",
        314 |                             INPUT_K_NAME, INPUT_G_NAME, kStorageShape.GetDim(DIM_2), gStorageShape.GetDim(DIM_2)),
            |                                                         ~~~~~~~~~~~~~~~~~~~~~~~~~~~
            |                                                                             |
            |                                                                             int64_t {aka long int}
      /home/w00929470/check0801/ascend/cann-9.2.0/aarch64-linux/include/op_common/log/log.h:1086:13: note: in definition of macro ‘OP_CHECK_IF’
       1086 |             log;                                 \
            |             ^~~
      /home/liz23/flash-linear-attention-npu/fla/ops/ascendc/gdn/chunk_gdn_bwd/prepare_wy_repr_bwd_full/op_host/op_tiling/../prepare_wy_repr_bwd_full_tiling_processor.h:312:21: note: in expansion of macro ‘OP_LOGE’
        312 |                     OP_LOGE(ctx_.nodeName,
            |                     ^~~~~~~
      /home/liz23/flash-linear-attention-npu/fla/ops/ascendc/gdn/chunk_gdn_bwd/prepare_wy_repr_bwd_full/op_host/op_tiling/../prepare_wy_repr_bwd_full_tiling_processor.h:313:29: warning: format ‘%zu’ expects argument of type ‘size_t’, but argument 9 has type ‘int64_t’ {aka ‘long int’} [-Wformat=]
        313 |                             "Compare input shape of %s and %s failed: time dim 2 must match (got %zu vs %zu).",
        314 |                             INPUT_K_NAME, INPUT_G_NAME, kStorageShape.GetDim(DIM_2), gStorageShape.GetDim(DIM_2)),
            |                                                                                      ~~~~~~~~~~~~~~~~~~~~~~~~~~~
            |                                                                                                          |
            |                                                                                                          int64_t {aka long int}
      /home/w00929470/check0801/ascend/cann-9.2.0/aarch64-linux/include/op_common/log/log.h:1086:13: note: in definition of macro ‘OP_CHECK_IF’
       1086 |             log;                                 \
            |             ^~~
      /home/liz23/flash-linear-attention-npu/fla/ops/ascendc/gdn/chunk_gdn_bwd/prepare_wy_repr_bwd_full/op_host/op_tiling/../prepare_wy_repr_bwd_full_tiling_processor.h:312:21: note: in expansion of macro ‘OP_LOGE’
        312 |                     OP_LOGE(ctx_.nodeName,
            |                     ^~~~~~~
      /home/liz23/flash-linear-attention-npu/fla/ops/ascendc/gdn/chunk_gdn_bwd/prepare_wy_repr_bwd_full/op_host/op_tiling/../prepare_wy_repr_bwd_full_tiling_processor.h:318:29: warning: format ‘%zu’ expects argument of type ‘size_t’, but argument 8 has type ‘int64_t’ {aka ‘long int’} [-Wformat=]
        318 |                             "Compare input shape of %s and %s failed: head dim 1 must match HV (got %zu vs %zu).",
        319 |                             INPUT_V_NAME, INPUT_G_NAME, vStorageShape.GetDim(DIM_1), gStorageShape.GetDim(DIM_1)),
            |                                                         ~~~~~~~~~~~~~~~~~~~~~~~~~~~
            |                                                                             |
            |                                                                             int64_t {aka long int}
      /home/w00929470/check0801/ascend/cann-9.2.0/aarch64-linux/include/op_common/log/log.h:1086:13: note: in definition of macro ‘OP_CHECK_IF’
       1086 |             log;                                 \
            |             ^~~
      /home/liz23/flash-linear-attention-npu/fla/ops/ascendc/gdn/chunk_gdn_bwd/prepare_wy_repr_bwd_full/op_host/op_tiling/../prepare_wy_repr_bwd_full_tiling_processor.h:317:21: note: in expansion of macro ‘OP_LOGE’
        317 |                     OP_LOGE(ctx_.nodeName,
            |                     ^~~~~~~
      /home/liz23/flash-linear-attention-npu/fla/ops/ascendc/gdn/chunk_gdn_bwd/prepare_wy_repr_bwd_full/op_host/op_tiling/../prepare_wy_repr_bwd_full_tiling_processor.h:318:29: warning: format ‘%zu’ expects argument of type ‘size_t’, but argument 9 has type ‘int64_t’ {aka ‘long int’} [-Wformat=]
        318 |                             "Compare input shape of %s and %s failed: head dim 1 must match HV (got %zu vs %zu).",
        319 |                             INPUT_V_NAME, INPUT_G_NAME, vStorageShape.GetDim(DIM_1), gStorageShape.GetDim(DIM_1)),
            |                                                                                      ~~~~~~~~~~~~~~~~~~~~~~~~~~~
            |                                                                                                          |
            |                                                                                                          int64_t {aka long int}
      /home/w00929470/check0801/ascend/cann-9.2.0/aarch64-linux/include/op_common/log/log.h:1086:13: note: in definition of macro ‘OP_CHECK_IF’
       1086 |             log;                                 \
            |             ^~~
      /home/liz23/flash-linear-attention-npu/fla/ops/ascendc/gdn/chunk_gdn_bwd/prepare_wy_repr_bwd_full/op_host/op_tiling/../prepare_wy_repr_bwd_full_tiling_processor.h:317:21: note: in expansion of macro ‘OP_LOGE’
        317 |                     OP_LOGE(ctx_.nodeName,
            |                     ^~~~~~~
      /home/liz23/flash-linear-attention-npu/fla/ops/ascendc/gdn/chunk_gdn_bwd/prepare_wy_repr_bwd_full/op_host/op_tiling/../prepare_wy_repr_bwd_full_tiling_processor.h:329:29: warning: format ‘%zu’ expects argument of type ‘size_t’, but argument 8 has type ‘int64_t’ {aka ‘long int’} [-Wformat=]
        329 |                             "Compare input shape of %s and %s failed: last dim K must match (got %zu vs %zu).",
        330 |                             INPUT_DW_NAME, INPUT_K_NAME, dwStorageShape.GetDim(DIM_3), kStorageShape.GetDim(DIM_3)),
            |                                                          ~~~~~~~~~~~~~~~~~~~~~~~~~~~~
            |                                                                               |
            |                                                                               int64_t {aka long int}
      /home/w00929470/check0801/ascend/cann-9.2.0/aarch64-linux/include/op_common/log/log.h:1086:13: note: in definition of macro ‘OP_CHECK_IF’
       1086 |             log;                                 \
            |             ^~~
      /home/liz23/flash-linear-attention-npu/fla/ops/ascendc/gdn/chunk_gdn_bwd/prepare_wy_repr_bwd_full/op_host/op_tiling/../prepare_wy_repr_bwd_full_tiling_processor.h:328:21: note: in expansion of macro ‘OP_LOGE’
        328 |                     OP_LOGE(ctx_.nodeName,
            |                     ^~~~~~~
      /home/liz23/flash-linear-attention-npu/fla/ops/ascendc/gdn/chunk_gdn_bwd/prepare_wy_repr_bwd_full/op_host/op_tiling/../prepare_wy_repr_bwd_full_tiling_processor.h:329:29: warning: format ‘%zu’ expects argument of type ‘size_t’, but argument 9 has type ‘int64_t’ {aka ‘long int’} [-Wformat=]
        329 |                             "Compare input shape of %s and %s failed: last dim K must match (got %zu vs %zu).",
        330 |                             INPUT_DW_NAME, INPUT_K_NAME, dwStorageShape.GetDim(DIM_3), kStorageShape.GetDim(DIM_3)),
            |                                                                                        ~~~~~~~~~~~~~~~~~~~~~~~~~~~
            |                                                                                                            |
            |                                                                                                            int64_t {aka long int}
      /home/w00929470/check0801/ascend/cann-9.2.0/aarch64-linux/include/op_common/log/log.h:1086:13: note: in definition of macro ‘OP_CHECK_IF’
       1086 |             log;                                 \
            |             ^~~
      /home/liz23/flash-linear-attention-npu/fla/ops/ascendc/gdn/chunk_gdn_bwd/prepare_wy_repr_bwd_full/op_host/op_tiling/../prepare_wy_repr_bwd_full_tiling_processor.h:328:21: note: in expansion of macro ‘OP_LOGE’
        328 |                     OP_LOGE(ctx_.nodeName,
            |                     ^~~~~~~
      /home/liz23/flash-linear-attention-npu/fla/ops/ascendc/gdn/chunk_gdn_bwd/prepare_wy_repr_bwd_full/op_host/op_tiling/../prepare_wy_repr_bwd_full_tiling_processor.h:334:29: warning: format ‘%zu’ expects argument of type ‘size_t’, but argument 8 has type ‘int64_t’ {aka ‘long int’} [-Wformat=]
        334 |                             "Compare input shape of %s and %s failed: batch dim 0 must match (got %zu vs %zu).",
        335 |                             INPUT_K_NAME, INPUT_A_NAME, kStorageShape.GetDim(DIM_0), aStorageShape.GetDim(DIM_0)),
            |                                                         ~~~~~~~~~~~~~~~~~~~~~~~~~~~
            |                                                                             |
            |                                                                             int64_t {aka long int}
      /home/w00929470/check0801/ascend/cann-9.2.0/aarch64-linux/include/op_common/log/log.h:1086:13: note: in definition of macro ‘OP_CHECK_IF’
       1086 |             log;                                 \
            |             ^~~
      /home/liz23/flash-linear-attention-npu/fla/ops/ascendc/gdn/chunk_gdn_bwd/prepare_wy_repr_bwd_full/op_host/op_tiling/../prepare_wy_repr_bwd_full_tiling_processor.h:333:21: note: in expansion of macro ‘OP_LOGE’
        333 |                     OP_LOGE(ctx_.nodeName,
            |                     ^~~~~~~
      /home/liz23/flash-linear-attention-npu/fla/ops/ascendc/gdn/chunk_gdn_bwd/prepare_wy_repr_bwd_full/op_host/op_tiling/../prepare_wy_repr_bwd_full_tiling_processor.h:334:29: warning: format ‘%zu’ expects argument of type ‘size_t’, but argument 9 has type ‘int64_t’ {aka ‘long int’} [-Wformat=]
        334 |                             "Compare input shape of %s and %s failed: batch dim 0 must match (got %zu vs %zu).",
        335 |                             INPUT_K_NAME, INPUT_A_NAME, kStorageShape.GetDim(DIM_0), aStorageShape.GetDim(DIM_0)),
            |                                                                                      ~~~~~~~~~~~~~~~~~~~~~~~~~~~
            |                                                                                                          |
            |                                                                                                          int64_t {aka long int}
      /home/w00929470/check0801/ascend/cann-9.2.0/aarch64-linux/include/op_common/log/log.h:1086:13: note: in definition of macro ‘OP_CHECK_IF’
       1086 |             log;                                 \
            |             ^~~
      /home/liz23/flash-linear-attention-npu/fla/ops/ascendc/gdn/chunk_gdn_bwd/prepare_wy_repr_bwd_full/op_host/op_tiling/../prepare_wy_repr_bwd_full_tiling_processor.h:333:21: note: in expansion of macro ‘OP_LOGE’
        333 |                     OP_LOGE(ctx_.nodeName,
            |                     ^~~~~~~
      /home/liz23/flash-linear-attention-npu/fla/ops/ascendc/gdn/chunk_gdn_bwd/prepare_wy_repr_bwd_full/op_host/op_tiling/../prepare_wy_repr_bwd_full_tiling_processor.h:339:29: warning: format ‘%zu’ expects argument of type ‘size_t’, but argument 8 has type ‘int64_t’ {aka ‘long int’} [-Wformat=]
        339 |                             "Compare input shape of %s and %s failed: time dim 2 must match (got %zu vs %zu).",
        340 |                             INPUT_K_NAME, INPUT_A_NAME, kStorageShape.GetDim(DIM_2), aStorageShape.GetDim(DIM_2)),
            |                                                         ~~~~~~~~~~~~~~~~~~~~~~~~~~~
            |                                                                             |
            |                                                                             int64_t {aka long int}
      /home/w00929470/check0801/ascend/cann-9.2.0/aarch64-linux/include/op_common/log/log.h:1086:13: note: in definition of macro ‘OP_CHECK_IF’
       1086 |             log;                                 \
            |             ^~~
      /home/liz23/flash-linear-attention-npu/fla/ops/ascendc/gdn/chunk_gdn_bwd/prepare_wy_repr_bwd_full/op_host/op_tiling/../prepare_wy_repr_bwd_full_tiling_processor.h:338:21: note: in expansion of macro ‘OP_LOGE’
        338 |                     OP_LOGE(ctx_.nodeName,
            |                     ^~~~~~~
      /home/liz23/flash-linear-attention-npu/fla/ops/ascendc/gdn/chunk_gdn_bwd/prepare_wy_repr_bwd_full/op_host/op_tiling/../prepare_wy_repr_bwd_full_tiling_processor.h:339:29: warning: format ‘%zu’ expects argument of type ‘size_t’, but argument 9 has type ‘int64_t’ {aka ‘long int’} [-Wformat=]
        339 |                             "Compare input shape of %s and %s failed: time dim 2 must match (got %zu vs %zu).",
        340 |                             INPUT_K_NAME, INPUT_A_NAME, kStorageShape.GetDim(DIM_2), aStorageShape.GetDim(DIM_2)),
            |                                                                                      ~~~~~~~~~~~~~~~~~~~~~~~~~~~
            |                                                                                                          |
            |                                                                                                          int64_t {aka long int}
      /home/w00929470/check0801/ascend/cann-9.2.0/aarch64-linux/include/op_common/log/log.h:1086:13: note: in definition of macro ‘OP_CHECK_IF’
       1086 |             log;                                 \
            |             ^~~
      /home/liz23/flash-linear-attention-npu/fla/ops/ascendc/gdn/chunk_gdn_bwd/prepare_wy_repr_bwd_full/op_host/op_tiling/../prepare_wy_repr_bwd_full_tiling_processor.h:338:21: note: in expansion of macro ‘OP_LOGE’
        338 |                     OP_LOGE(ctx_.nodeName,
            |                     ^~~~~~~
      /home/liz23/flash-linear-attention-npu/fla/ops/ascendc/gdn/chunk_gdn_bwd/prepare_wy_repr_bwd_full/op_host/op_tiling/../prepare_wy_repr_bwd_full_tiling_processor.h:344:29: warning: format ‘%zu’ expects argument of type ‘size_t’, but argument 8 has type ‘int64_t’ {aka ‘long int’} [-Wformat=]
        344 |                             "Compare input shape of %s and %s failed: head dim 1 must match HV (got %zu vs %zu).",
        345 |                             INPUT_V_NAME, INPUT_A_NAME, vStorageShape.GetDim(DIM_1), aStorageShape.GetDim(DIM_1)),
            |                                                         ~~~~~~~~~~~~~~~~~~~~~~~~~~~
            |                                                                             |
            |                                                                             int64_t {aka long int}
      /home/w00929470/check0801/ascend/cann-9.2.0/aarch64-linux/include/op_common/log/log.h:1086:13: note: in definition of macro ‘OP_CHECK_IF’
       1086 |             log;                                 \
            |             ^~~
      /home/liz23/flash-linear-attention-npu/fla/ops/ascendc/gdn/chunk_gdn_bwd/prepare_wy_repr_bwd_full/op_host/op_tiling/../prepare_wy_repr_bwd_full_tiling_processor.h:343:21: note: in expansion of macro ‘OP_LOGE’
        343 |                     OP_LOGE(ctx_.nodeName,
            |                     ^~~~~~~
      /home/liz23/flash-linear-attention-npu/fla/ops/ascendc/gdn/chunk_gdn_bwd/prepare_wy_repr_bwd_full/op_host/op_tiling/../prepare_wy_repr_bwd_full_tiling_processor.h:344:29: warning: format ‘%zu’ expects argument of type ‘size_t’, but argument 9 has type ‘int64_t’ {aka ‘long int’} [-Wformat=]
        344 |                             "Compare input shape of %s and %s failed: head dim 1 must match HV (got %zu vs %zu).",
        345 |                             INPUT_V_NAME, INPUT_A_NAME, vStorageShape.GetDim(DIM_1), aStorageShape.GetDim(DIM_1)),
            |                                                                                      ~~~~~~~~~~~~~~~~~~~~~~~~~~~
            |                                                                                                          |
            |                                                                                                          int64_t {aka long int}
      /home/w00929470/check0801/ascend/cann-9.2.0/aarch64-linux/include/op_common/log/log.h:1086:13: note: in definition of macro ‘OP_CHECK_IF’
       1086 |             log;                                 \
            |             ^~~
      /home/liz23/flash-linear-attention-npu/fla/ops/ascendc/gdn/chunk_gdn_bwd/prepare_wy_repr_bwd_full/op_host/op_tiling/../prepare_wy_repr_bwd_full_tiling_processor.h:343:21: note: in expansion of macro ‘OP_LOGE’
        343 |                     OP_LOGE(ctx_.nodeName,
            |                     ^~~~~~~
      /home/liz23/flash-linear-attention-npu/fla/ops/ascendc/gdn/gdn_preprocess/causal_conv1d/op_host/causal_conv1d_tiling.cpp: In function ‘ge::graphStatus optiling::CausalConv1dTilingFunc(gert::TilingContext*)’:
      /home/liz23/flash-linear-attention-npu/fla/ops/ascendc/gdn/gdn_preprocess/causal_conv1d/op_host/causal_conv1d_tiling.cpp:138:27: warning: unused variable ‘kSyncBytesPerBlock’ [-Wunused-variable]
        138 |         constexpr int64_t kSyncBytesPerBlock = 32;
            |                           ^~~~~~~~~~~~~~~~~~
      /home/liz23/flash-linear-attention-npu/fla/ops/ascendc/gdn/chunk_gdn_bwd/prepare_wy_repr_bwd_da/op_host/op_tiling/arch35/prepare_wy_repr_bwd_da_tiling_a5.cpp: In member function ‘ge::graphStatus optiling::PrepareWyReprBwdDaTilingA5::SetRowNumMDuDwRegbase(uint64_t, ge::DataType, ge::DataType)’:
      /home/liz23/flash-linear-attention-npu/fla/ops/ascendc/gdn/chunk_gdn_bwd/prepare_wy_repr_bwd_da/op_host/op_tiling/arch35/prepare_wy_repr_bwd_da_tiling_a5.cpp:166:14: warning: variable ‘sizeofBetaType’ set but not used [-Wunused-but-set-variable]
        166 |     uint64_t sizeofBetaType = SIZE_FP32;
            |              ^~~~~~~~~~~~~~
      In file included from /home/liz23/flash-linear-attention-npu/common/include/tiling_base/tiling_base.h:24,
                       from /home/liz23/flash-linear-attention-npu/common/include/tiling_base/tiling_templates_registry.h:23,
                       from /home/liz23/flash-linear-attention-npu/fla/ops/ascendc/gdn/chunk_gdn_bwd/prepare_wy_repr_bwd_full/op_host/op_tiling/arch35/../../prepare_wy_repr_bwd_full_tiling_processor.h:26,
                       from /home/liz23/flash-linear-attention-npu/fla/ops/ascendc/gdn/chunk_gdn_bwd/prepare_wy_repr_bwd_full/op_host/op_tiling/arch35/../prepare_wy_repr_bwd_full_tiling.h:21,
                       from /home/liz23/flash-linear-attention-npu/fla/ops/ascendc/gdn/chunk_gdn_bwd/prepare_wy_repr_bwd_full/op_host/op_tiling/arch35/prepare_wy_repr_bwd_full_tiling_a5.h:23,
                       from /home/liz23/flash-linear-attention-npu/fla/ops/ascendc/gdn/chunk_gdn_bwd/prepare_wy_repr_bwd_full/op_host/op_tiling/arch35/prepare_wy_repr_bwd_full_tiling_a5.cpp:15:
      /home/liz23/flash-linear-attention-npu/fla/ops/ascendc/gdn/chunk_gdn_bwd/prepare_wy_repr_bwd_full/op_host/op_tiling/arch35/../../prepare_wy_repr_bwd_full_tiling_processor.h: In member function ‘ge::graphStatus optiling::PrepareWyReprBwdFullTilingProcessor::CommonTiling()’:
      /home/liz23/flash-linear-attention-npu/fla/ops/ascendc/gdn/chunk_gdn_bwd/prepare_wy_repr_bwd_full/op_host/op_tiling/arch35/../../prepare_wy_repr_bwd_full_tiling_processor.h:284:29: warning: format ‘%zu’ expects argument of type ‘size_t’, but argument 8 has type ‘int64_t’ {aka ‘long int’} [-Wformat=]
        284 |                             "Compare input shape of %s and %s failed: batch dim 0 must match (got %zu vs %zu).",
        285 |                             INPUT_V_NAME, INPUT_K_NAME, vStorageShape.GetDim(DIM_0), kStorageShape.GetDim(DIM_0)),
            |                                                         ~~~~~~~~~~~~~~~~~~~~~~~~~~~
            |                                                                             |
            |                                                                             int64_t {aka long int}
      /home/w00929470/check0801/ascend/cann-9.2.0/aarch64-linux/include/op_common/log/log.h:1086:13: note: in definition of macro ‘OP_CHECK_IF’
       1086 |             log;                                 \
            |             ^~~
      /home/liz23/flash-linear-attention-npu/fla/ops/ascendc/gdn/chunk_gdn_bwd/prepare_wy_repr_bwd_full/op_host/op_tiling/arch35/../../prepare_wy_repr_bwd_full_tiling_processor.h:283:21: note: in expansion of macro ‘OP_LOGE’
        283 |                     OP_LOGE(ctx_.nodeName,
            |                     ^~~~~~~
      /home/liz23/flash-linear-attention-npu/fla/ops/ascendc/gdn/chunk_gdn_bwd/prepare_wy_repr_bwd_full/op_host/op_tiling/arch35/../../prepare_wy_repr_bwd_full_tiling_processor.h:284:29: warning: format ‘%zu’ expects argument of type ‘size_t’, but argument 9 has type ‘int64_t’ {aka ‘long int’} [-Wformat=]
        284 |                             "Compare input shape of %s and %s failed: batch dim 0 must match (got %zu vs %zu).",
        285 |                             INPUT_V_NAME, INPUT_K_NAME, vStorageShape.GetDim(DIM_0), kStorageShape.GetDim(DIM_0)),
            |                                                                                      ~~~~~~~~~~~~~~~~~~~~~~~~~~~
            |                                                                                                          |
            |                                                                                                          int64_t {aka long int}
      /home/w00929470/check0801/ascend/cann-9.2.0/aarch64-linux/include/op_common/log/log.h:1086:13: note: in definition of macro ‘OP_CHECK_IF’
       1086 |             log;                                 \
            |             ^~~
      /home/liz23/flash-linear-attention-npu/fla/ops/ascendc/gdn/chunk_gdn_bwd/prepare_wy_repr_bwd_full/op_host/op_tiling/arch35/../../prepare_wy_repr_bwd_full_tiling_processor.h:283:21: note: in expansion of macro ‘OP_LOGE’
        283 |                     OP_LOGE(ctx_.nodeName,
            |                     ^~~~~~~
      /home/liz23/flash-linear-attention-npu/fla/ops/ascendc/gdn/chunk_gdn_bwd/prepare_wy_repr_bwd_full/op_host/op_tiling/arch35/../../prepare_wy_repr_bwd_full_tiling_processor.h:289:29: warning: format ‘%zu’ expects argument of type ‘size_t’, but argument 8 has type ‘int64_t’ {aka ‘long int’} [-Wformat=]
        289 |                             "Compare input shape of %s and %s failed: time dim 2 must match (got %zu vs %zu).",
        290 |                             INPUT_V_NAME, INPUT_K_NAME, vStorageShape.GetDim(DIM_2), kStorageShape.GetDim(DIM_2)),
            |                                                         ~~~~~~~~~~~~~~~~~~~~~~~~~~~
            |                                                                             |
            |                                                                             int64_t {aka long int}
      /home/w00929470/check0801/ascend/cann-9.2.0/aarch64-linux/include/op_common/log/log.h:1086:13: note: in definition of macro ‘OP_CHECK_IF’
       1086 |             log;                                 \
            |             ^~~
      /home/liz23/flash-linear-attention-npu/fla/ops/ascendc/gdn/chunk_gdn_bwd/prepare_wy_repr_bwd_full/op_host/op_tiling/arch35/../../prepare_wy_repr_bwd_full_tiling_processor.h:288:21: note: in expansion of macro ‘OP_LOGE’
        288 |                     OP_LOGE(ctx_.nodeName,
            |                     ^~~~~~~
      /home/liz23/flash-linear-attention-npu/fla/ops/ascendc/gdn/chunk_gdn_bwd/prepare_wy_repr_bwd_full/op_host/op_tiling/arch35/../../prepare_wy_repr_bwd_full_tiling_processor.h:289:29: warning: format ‘%zu’ expects argument of type ‘size_t’, but argument 9 has type ‘int64_t’ {aka ‘long int’} [-Wformat=]
        289 |                             "Compare input shape of %s and %s failed: time dim 2 must match (got %zu vs %zu).",
        290 |                             INPUT_V_NAME, INPUT_K_NAME, vStorageShape.GetDim(DIM_2), kStorageShape.GetDim(DIM_2)),
            |                                                                                      ~~~~~~~~~~~~~~~~~~~~~~~~~~~
            |                                                                                                          |
            |                                                                                                          int64_t {aka long int}
      /home/w00929470/check0801/ascend/cann-9.2.0/aarch64-linux/include/op_common/log/log.h:1086:13: note: in definition of macro ‘OP_CHECK_IF’
       1086 |             log;                                 \
            |             ^~~
      /home/liz23/flash-linear-attention-npu/fla/ops/ascendc/gdn/chunk_gdn_bwd/prepare_wy_repr_bwd_full/op_host/op_tiling/arch35/../../prepare_wy_repr_bwd_full_tiling_processor.h:288:21: note: in expansion of macro ‘OP_LOGE’
        288 |                     OP_LOGE(ctx_.nodeName,
            |                     ^~~~~~~
      /home/liz23/flash-linear-attention-npu/fla/ops/ascendc/gdn/chunk_gdn_bwd/prepare_wy_repr_bwd_full/op_host/op_tiling/arch35/../../prepare_wy_repr_bwd_full_tiling_processor.h:308:29: warning: format ‘%zu’ expects argument of type ‘size_t’, but argument 8 has type ‘int64_t’ {aka ‘long int’} [-Wformat=]
        308 |                             "Compare input shape of %s and %s failed: batch dim 0 must match (got %zu vs %zu).",
        309 |                             INPUT_K_NAME, INPUT_G_NAME, kStorageShape.GetDim(DIM_0), gStorageShape.GetDim(DIM_0)),
            |                                                         ~~~~~~~~~~~~~~~~~~~~~~~~~~~
            |                                                                             |
            |                                                                             int64_t {aka long int}
      /home/w00929470/check0801/ascend/cann-9.2.0/aarch64-linux/include/op_common/log/log.h:1086:13: note: in definition of macro ‘OP_CHECK_IF’
       1086 |             log;                                 \
            |             ^~~
      /home/liz23/flash-linear-attention-npu/fla/ops/ascendc/gdn/chunk_gdn_bwd/prepare_wy_repr_bwd_full/op_host/op_tiling/arch35/../../prepare_wy_repr_bwd_full_tiling_processor.h:307:21: note: in expansion of macro ‘OP_LOGE’
        307 |                     OP_LOGE(ctx_.nodeName,
            |                     ^~~~~~~
      /home/liz23/flash-linear-attention-npu/fla/ops/ascendc/gdn/chunk_gdn_bwd/prepare_wy_repr_bwd_full/op_host/op_tiling/arch35/../../prepare_wy_repr_bwd_full_tiling_processor.h:308:29: warning: format ‘%zu’ expects argument of type ‘size_t’, but argument 9 has type ‘int64_t’ {aka ‘long int’} [-Wformat=]
        308 |                             "Compare input shape of %s and %s failed: batch dim 0 must match (got %zu vs %zu).",
        309 |                             INPUT_K_NAME, INPUT_G_NAME, kStorageShape.GetDim(DIM_0), gStorageShape.GetDim(DIM_0)),
            |                                                                                      ~~~~~~~~~~~~~~~~~~~~~~~~~~~
            |                                                                                                          |
            |                                                                                                          int64_t {aka long int}
      /home/w00929470/check0801/ascend/cann-9.2.0/aarch64-linux/include/op_common/log/log.h:1086:13: note: in definition of macro ‘OP_CHECK_IF’
       1086 |             log;                                 \
            |             ^~~
      /home/liz23/flash-linear-attention-npu/fla/ops/ascendc/gdn/chunk_gdn_bwd/prepare_wy_repr_bwd_full/op_host/op_tiling/arch35/../../prepare_wy_repr_bwd_full_tiling_processor.h:307:21: note: in expansion of macro ‘OP_LOGE’
        307 |                     OP_LOGE(ctx_.nodeName,
            |                     ^~~~~~~
      /home/liz23/flash-linear-attention-npu/fla/ops/ascendc/gdn/chunk_gdn_bwd/prepare_wy_repr_bwd_full/op_host/op_tiling/arch35/../../prepare_wy_repr_bwd_full_tiling_processor.h:313:29: warning: format ‘%zu’ expects argument of type ‘size_t’, but argument 8 has type ‘int64_t’ {aka ‘long int’} [-Wformat=]
        313 |                             "Compare input shape of %s and %s failed: time dim 2 must match (got %zu vs %zu).",
        314 |                             INPUT_K_NAME, INPUT_G_NAME, kStorageShape.GetDim(DIM_2), gStorageShape.GetDim(DIM_2)),
            |                                                         ~~~~~~~~~~~~~~~~~~~~~~~~~~~
            |                                                                             |
            |                                                                             int64_t {aka long int}
      /home/w00929470/check0801/ascend/cann-9.2.0/aarch64-linux/include/op_common/log/log.h:1086:13: note: in definition of macro ‘OP_CHECK_IF’
       1086 |             log;                                 \
            |             ^~~
      /home/liz23/flash-linear-attention-npu/fla/ops/ascendc/gdn/chunk_gdn_bwd/prepare_wy_repr_bwd_full/op_host/op_tiling/arch35/../../prepare_wy_repr_bwd_full_tiling_processor.h:312:21: note: in expansion of macro ‘OP_LOGE’
        312 |                     OP_LOGE(ctx_.nodeName,
            |                     ^~~~~~~
      /home/liz23/flash-linear-attention-npu/fla/ops/ascendc/gdn/chunk_gdn_bwd/prepare_wy_repr_bwd_full/op_host/op_tiling/arch35/../../prepare_wy_repr_bwd_full_tiling_processor.h:313:29: warning: format ‘%zu’ expects argument of type ‘size_t’, but argument 9 has type ‘int64_t’ {aka ‘long int’} [-Wformat=]
        313 |                             "Compare input shape of %s and %s failed: time dim 2 must match (got %zu vs %zu).",
        314 |                             INPUT_K_NAME, INPUT_G_NAME, kStorageShape.GetDim(DIM_2), gStorageShape.GetDim(DIM_2)),
            |                                                                                      ~~~~~~~~~~~~~~~~~~~~~~~~~~~
            |                                                                                                          |
            |                                                                                                          int64_t {aka long int}
      /home/w00929470/check0801/ascend/cann-9.2.0/aarch64-linux/include/op_common/log/log.h:1086:13: note: in definition of macro ‘OP_CHECK_IF’
       1086 |             log;                                 \
            |             ^~~
      /home/liz23/flash-linear-attention-npu/fla/ops/ascendc/gdn/chunk_gdn_bwd/prepare_wy_repr_bwd_full/op_host/op_tiling/arch35/../../prepare_wy_repr_bwd_full_tiling_processor.h:312:21: note: in expansion of macro ‘OP_LOGE’
        312 |                     OP_LOGE(ctx_.nodeName,
            |                     ^~~~~~~
      /home/liz23/flash-linear-attention-npu/fla/ops/ascendc/gdn/chunk_gdn_bwd/prepare_wy_repr_bwd_full/op_host/op_tiling/arch35/../../prepare_wy_repr_bwd_full_tiling_processor.h:318:29: warning: format ‘%zu’ expects argument of type ‘size_t’, but argument 8 has type ‘int64_t’ {aka ‘long int’} [-Wformat=]
        318 |                             "Compare input shape of %s and %s failed: head dim 1 must match HV (got %zu vs %zu).",
        319 |                             INPUT_V_NAME, INPUT_G_NAME, vStorageShape.GetDim(DIM_1), gStorageShape.GetDim(DIM_1)),
            |                                                         ~~~~~~~~~~~~~~~~~~~~~~~~~~~
            |                                                                             |
            |                                                                             int64_t {aka long int}
      /home/w00929470/check0801/ascend/cann-9.2.0/aarch64-linux/include/op_common/log/log.h:1086:13: note: in definition of macro ‘OP_CHECK_IF’
       1086 |             log;                                 \
            |             ^~~
      /home/liz23/flash-linear-attention-npu/fla/ops/ascendc/gdn/chunk_gdn_bwd/prepare_wy_repr_bwd_full/op_host/op_tiling/arch35/../../prepare_wy_repr_bwd_full_tiling_processor.h:317:21: note: in expansion of macro ‘OP_LOGE’
        317 |                     OP_LOGE(ctx_.nodeName,
            |                     ^~~~~~~
      /home/liz23/flash-linear-attention-npu/fla/ops/ascendc/gdn/chunk_gdn_bwd/prepare_wy_repr_bwd_full/op_host/op_tiling/arch35/../../prepare_wy_repr_bwd_full_tiling_processor.h:318:29: warning: format ‘%zu’ expects argument of type ‘size_t’, but argument 9 has type ‘int64_t’ {aka ‘long int’} [-Wformat=]
        318 |                             "Compare input shape of %s and %s failed: head dim 1 must match HV (got %zu vs %zu).",
        319 |                             INPUT_V_NAME, INPUT_G_NAME, vStorageShape.GetDim(DIM_1), gStorageShape.GetDim(DIM_1)),
            |                                                                                      ~~~~~~~~~~~~~~~~~~~~~~~~~~~
            |                                                                                                          |
            |                                                                                                          int64_t {aka long int}
      /home/w00929470/check0801/ascend/cann-9.2.0/aarch64-linux/include/op_common/log/log.h:1086:13: note: in definition of macro ‘OP_CHECK_IF’
       1086 |             log;                                 \
            |             ^~~
      /home/liz23/flash-linear-attention-npu/fla/ops/ascendc/gdn/chunk_gdn_bwd/prepare_wy_repr_bwd_full/op_host/op_tiling/arch35/../../prepare_wy_repr_bwd_full_tiling_processor.h:317:21: note: in expansion of macro ‘OP_LOGE’
        317 |                     OP_LOGE(ctx_.nodeName,
            |                     ^~~~~~~
      /home/liz23/flash-linear-attention-npu/fla/ops/ascendc/gdn/chunk_gdn_bwd/prepare_wy_repr_bwd_full/op_host/op_tiling/arch35/../../prepare_wy_repr_bwd_full_tiling_processor.h:329:29: warning: format ‘%zu’ expects argument of type ‘size_t’, but argument 8 has type ‘int64_t’ {aka ‘long int’} [-Wformat=]
        329 |                             "Compare input shape of %s and %s failed: last dim K must match (got %zu vs %zu).",
        330 |                             INPUT_DW_NAME, INPUT_K_NAME, dwStorageShape.GetDim(DIM_3), kStorageShape.GetDim(DIM_3)),
            |                                                          ~~~~~~~~~~~~~~~~~~~~~~~~~~~~
            |                                                                               |
            |                                                                               int64_t {aka long int}
      /home/w00929470/check0801/ascend/cann-9.2.0/aarch64-linux/include/op_common/log/log.h:1086:13: note: in definition of macro ‘OP_CHECK_IF’
       1086 |             log;                                 \
            |             ^~~
      /home/liz23/flash-linear-attention-npu/fla/ops/ascendc/gdn/chunk_gdn_bwd/prepare_wy_repr_bwd_full/op_host/op_tiling/arch35/../../prepare_wy_repr_bwd_full_tiling_processor.h:328:21: note: in expansion of macro ‘OP_LOGE’
        328 |                     OP_LOGE(ctx_.nodeName,
            |                     ^~~~~~~
      /home/liz23/flash-linear-attention-npu/fla/ops/ascendc/gdn/chunk_gdn_bwd/prepare_wy_repr_bwd_full/op_host/op_tiling/arch35/../../prepare_wy_repr_bwd_full_tiling_processor.h:329:29: warning: format ‘%zu’ expects argument of type ‘size_t’, but argument 9 has type ‘int64_t’ {aka ‘long int’} [-Wformat=]
        329 |                             "Compare input shape of %s and %s failed: last dim K must match (got %zu vs %zu).",
        330 |                             INPUT_DW_NAME, INPUT_K_NAME, dwStorageShape.GetDim(DIM_3), kStorageShape.GetDim(DIM_3)),
            |                                                                                        ~~~~~~~~~~~~~~~~~~~~~~~~~~~
            |                                                                                                            |
            |                                                                                                            int64_t {aka long int}
      /home/w00929470/check0801/ascend/cann-9.2.0/aarch64-linux/include/op_common/log/log.h:1086:13: note: in definition of macro ‘OP_CHECK_IF’
       1086 |             log;                                 \
            |             ^~~
      /home/liz23/flash-linear-attention-npu/fla/ops/ascendc/gdn/chunk_gdn_bwd/prepare_wy_repr_bwd_full/op_host/op_tiling/arch35/../../prepare_wy_repr_bwd_full_tiling_processor.h:328:21: note: in expansion of macro ‘OP_LOGE’
        328 |                     OP_LOGE(ctx_.nodeName,
            |                     ^~~~~~~
      /home/liz23/flash-linear-attention-npu/fla/ops/ascendc/gdn/chunk_gdn_bwd/prepare_wy_repr_bwd_full/op_host/op_tiling/arch35/../../prepare_wy_repr_bwd_full_tiling_processor.h:334:29: warning: format ‘%zu’ expects argument of type ‘size_t’, but argument 8 has type ‘int64_t’ {aka ‘long int’} [-Wformat=]
        334 |                             "Compare input shape of %s and %s failed: batch dim 0 must match (got %zu vs %zu).",
        335 |                             INPUT_K_NAME, INPUT_A_NAME, kStorageShape.GetDim(DIM_0), aStorageShape.GetDim(DIM_0)),
            |                                                         ~~~~~~~~~~~~~~~~~~~~~~~~~~~
            |                                                                             |
            |                                                                             int64_t {aka long int}
      /home/w00929470/check0801/ascend/cann-9.2.0/aarch64-linux/include/op_common/log/log.h:1086:13: note: in definition of macro ‘OP_CHECK_IF’
       1086 |             log;                                 \
            |             ^~~
      /home/liz23/flash-linear-attention-npu/fla/ops/ascendc/gdn/chunk_gdn_bwd/prepare_wy_repr_bwd_full/op_host/op_tiling/arch35/../../prepare_wy_repr_bwd_full_tiling_processor.h:333:21: note: in expansion of macro ‘OP_LOGE’
        333 |                     OP_LOGE(ctx_.nodeName,
            |                     ^~~~~~~
      /home/liz23/flash-linear-attention-npu/fla/ops/ascendc/gdn/chunk_gdn_bwd/prepare_wy_repr_bwd_full/op_host/op_tiling/arch35/../../prepare_wy_repr_bwd_full_tiling_processor.h:334:29: warning: format ‘%zu’ expects argument of type ‘size_t’, but argument 9 has type ‘int64_t’ {aka ‘long int’} [-Wformat=]
        334 |                             "Compare input shape of %s and %s failed: batch dim 0 must match (got %zu vs %zu).",
        335 |                             INPUT_K_NAME, INPUT_A_NAME, kStorageShape.GetDim(DIM_0), aStorageShape.GetDim(DIM_0)),
            |                                                                                      ~~~~~~~~~~~~~~~~~~~~~~~~~~~
            |                                                                                                          |
            |                                                                                                          int64_t {aka long int}
      /home/w00929470/check0801/ascend/cann-9.2.0/aarch64-linux/include/op_common/log/log.h:1086:13: note: in definition of macro ‘OP_CHECK_IF’
       1086 |             log;                                 \
            |             ^~~
      /home/liz23/flash-linear-attention-npu/fla/ops/ascendc/gdn/chunk_gdn_bwd/prepare_wy_repr_bwd_full/op_host/op_tiling/arch35/../../prepare_wy_repr_bwd_full_tiling_processor.h:333:21: note: in expansion of macro ‘OP_LOGE’
        333 |                     OP_LOGE(ctx_.nodeName,
            |                     ^~~~~~~
      /home/liz23/flash-linear-attention-npu/fla/ops/ascendc/gdn/chunk_gdn_bwd/prepare_wy_repr_bwd_full/op_host/op_tiling/arch35/../../prepare_wy_repr_bwd_full_tiling_processor.h:339:29: warning: format ‘%zu’ expects argument of type ‘size_t’, but argument 8 has type ‘int64_t’ {aka ‘long int’} [-Wformat=]
        339 |                             "Compare input shape of %s and %s failed: time dim 2 must match (got %zu vs %zu).",
        340 |                             INPUT_K_NAME, INPUT_A_NAME, kStorageShape.GetDim(DIM_2), aStorageShape.GetDim(DIM_2)),
            |                                                         ~~~~~~~~~~~~~~~~~~~~~~~~~~~
            |                                                                             |
            |                                                                             int64_t {aka long int}
      /home/w00929470/check0801/ascend/cann-9.2.0/aarch64-linux/include/op_common/log/log.h:1086:13: note: in definition of macro ‘OP_CHECK_IF’
       1086 |             log;                                 \
            |             ^~~
      /home/liz23/flash-linear-attention-npu/fla/ops/ascendc/gdn/chunk_gdn_bwd/prepare_wy_repr_bwd_full/op_host/op_tiling/arch35/../../prepare_wy_repr_bwd_full_tiling_processor.h:338:21: note: in expansion of macro ‘OP_LOGE’
        338 |                     OP_LOGE(ctx_.nodeName,
            |                     ^~~~~~~
      /home/liz23/flash-linear-attention-npu/fla/ops/ascendc/gdn/chunk_gdn_bwd/prepare_wy_repr_bwd_full/op_host/op_tiling/arch35/../../prepare_wy_repr_bwd_full_tiling_processor.h:339:29: warning: format ‘%zu’ expects argument of type ‘size_t’, but argument 9 has type ‘int64_t’ {aka ‘long int’} [-Wformat=]
        339 |                             "Compare input shape of %s and %s failed: time dim 2 must match (got %zu vs %zu).",
        340 |                             INPUT_K_NAME, INPUT_A_NAME, kStorageShape.GetDim(DIM_2), aStorageShape.GetDim(DIM_2)),
            |                                                                                      ~~~~~~~~~~~~~~~~~~~~~~~~~~~
            |                                                                                                          |
            |                                                                                                          int64_t {aka long int}
      /home/w00929470/check0801/ascend/cann-9.2.0/aarch64-linux/include/op_common/log/log.h:1086:13: note: in definition of macro ‘OP_CHECK_IF’
       1086 |             log;                                 \
            |             ^~~
      /home/liz23/flash-linear-attention-npu/fla/ops/ascendc/gdn/chunk_gdn_bwd/prepare_wy_repr_bwd_full/op_host/op_tiling/arch35/../../prepare_wy_repr_bwd_full_tiling_processor.h:338:21: note: in expansion of macro ‘OP_LOGE’
        338 |                     OP_LOGE(ctx_.nodeName,
            |                     ^~~~~~~
      /home/liz23/flash-linear-attention-npu/fla/ops/ascendc/gdn/chunk_gdn_bwd/prepare_wy_repr_bwd_full/op_host/op_tiling/arch35/../../prepare_wy_repr_bwd_full_tiling_processor.h:344:29: warning: format ‘%zu’ expects argument of type ‘size_t’, but argument 8 has type ‘int64_t’ {aka ‘long int’} [-Wformat=]
        344 |                             "Compare input shape of %s and %s failed: head dim 1 must match HV (got %zu vs %zu).",
        345 |                             INPUT_V_NAME, INPUT_A_NAME, vStorageShape.GetDim(DIM_1), aStorageShape.GetDim(DIM_1)),
            |                                                         ~~~~~~~~~~~~~~~~~~~~~~~~~~~
            |                                                                             |
            |                                                                             int64_t {aka long int}
      /home/w00929470/check0801/ascend/cann-9.2.0/aarch64-linux/include/op_common/log/log.h:1086:13: note: in definition of macro ‘OP_CHECK_IF’
       1086 |             log;                                 \
            |             ^~~
      /home/liz23/flash-linear-attention-npu/fla/ops/ascendc/gdn/chunk_gdn_bwd/prepare_wy_repr_bwd_full/op_host/op_tiling/arch35/../../prepare_wy_repr_bwd_full_tiling_processor.h:343:21: note: in expansion of macro ‘OP_LOGE’
        343 |                     OP_LOGE(ctx_.nodeName,
            |                     ^~~~~~~
      /home/liz23/flash-linear-attention-npu/fla/ops/ascendc/gdn/chunk_gdn_bwd/prepare_wy_repr_bwd_full/op_host/op_tiling/arch35/../../prepare_wy_repr_bwd_full_tiling_processor.h:344:29: warning: format ‘%zu’ expects argument of type ‘size_t’, but argument 9 has type ‘int64_t’ {aka ‘long int’} [-Wformat=]
        344 |                             "Compare input shape of %s and %s failed: head dim 1 must match HV (got %zu vs %zu).",
        345 |                             INPUT_V_NAME, INPUT_A_NAME, vStorageShape.GetDim(DIM_1), aStorageShape.GetDim(DIM_1)),
            |                                                                                      ~~~~~~~~~~~~~~~~~~~~~~~~~~~
            |                                                                                                          |
            |                                                                                                          int64_t {aka long int}
      /home/w00929470/check0801/ascend/cann-9.2.0/aarch64-linux/include/op_common/log/log.h:1086:13: note: in definition of macro ‘OP_CHECK_IF’
       1086 |             log;                                 \
            |             ^~~
      /home/liz23/flash-linear-attention-npu/fla/ops/ascendc/gdn/chunk_gdn_bwd/prepare_wy_repr_bwd_full/op_host/op_tiling/arch35/../../prepare_wy_repr_bwd_full_tiling_processor.h:343:21: note: in expansion of macro ‘OP_LOGE’
        343 |                     OP_LOGE(ctx_.nodeName,
            |                     ^~~~~~~
      /home/liz23/flash-linear-attention-npu/fla/ops/ascendc/gdn/chunk_gdn_bwd/prepare_wy_repr_bwd_full/op_host/op_tiling/arch35/prepare_wy_repr_bwd_full_tiling_a5.cpp: In member function ‘ge::graphStatus optiling::PrepareWyReprBwdFullTilingA5::CommonTiling()’:
      /home/liz23/flash-linear-attention-npu/fla/ops/ascendc/gdn/chunk_gdn_bwd/prepare_wy_repr_bwd_full/op_host/op_tiling/arch35/prepare_wy_repr_bwd_full_tiling_a5.cpp:88:25: warning: format ‘%zu’ expects argument of type ‘size_t’, but argument 8 has type ‘int64_t’ {aka ‘long int’} [-Wformat=]
         88 |                         "Compare input shape of %s and %s failed: batch dim 0 must match (got %zu vs %zu).",
         89 |                         INPUT_V_NAME, INPUT_K_NAME, vStorageShape.GetDim(DIM_0), kStorageShape.GetDim(DIM_0)),
            |                                                     ~~~~~~~~~~~~~~~~~~~~~~~~~~~
            |                                                                         |
            |                                                                         int64_t {aka long int}
      /home/w00929470/check0801/ascend/cann-9.2.0/aarch64-linux/include/op_common/log/log.h:1086:13: note: in definition of macro ‘OP_CHECK_IF’
       1086 |             log;                                 \
            |             ^~~
      /home/liz23/flash-linear-attention-npu/fla/ops/ascendc/gdn/chunk_gdn_bwd/prepare_wy_repr_bwd_full/op_host/op_tiling/arch35/prepare_wy_repr_bwd_full_tiling_a5.cpp:87:17: note: in expansion of macro ‘OP_LOGE’
         87 |                 OP_LOGE(context_->GetNodeName(),
            |                 ^~~~~~~
      /home/liz23/flash-linear-attention-npu/fla/ops/ascendc/gdn/chunk_gdn_bwd/prepare_wy_repr_bwd_full/op_host/op_tiling/arch35/prepare_wy_repr_bwd_full_tiling_a5.cpp:88:25: warning: format ‘%zu’ expects argument of type ‘size_t’, but argument 9 has type ‘int64_t’ {aka ‘long int’} [-Wformat=]
         88 |                         "Compare input shape of %s and %s failed: batch dim 0 must match (got %zu vs %zu).",
         89 |                         INPUT_V_NAME, INPUT_K_NAME, vStorageShape.GetDim(DIM_0), kStorageShape.GetDim(DIM_0)),
            |                                                                                  ~~~~~~~~~~~~~~~~~~~~~~~~~~~
            |                                                                                                      |
            |                                                                                                      int64_t {aka long int}
      /home/w00929470/check0801/ascend/cann-9.2.0/aarch64-linux/include/op_common/log/log.h:1086:13: note: in definition of macro ‘OP_CHECK_IF’
       1086 |             log;                                 \
            |             ^~~
      /home/liz23/flash-linear-attention-npu/fla/ops/ascendc/gdn/chunk_gdn_bwd/prepare_wy_repr_bwd_full/op_host/op_tiling/arch35/prepare_wy_repr_bwd_full_tiling_a5.cpp:87:17: note: in expansion of macro ‘OP_LOGE’
         87 |                 OP_LOGE(context_->GetNodeName(),
            |                 ^~~~~~~
      /home/liz23/flash-linear-attention-npu/fla/ops/ascendc/gdn/chunk_gdn_bwd/prepare_wy_repr_bwd_full/op_host/op_tiling/arch35/prepare_wy_repr_bwd_full_tiling_a5.cpp:93:25: warning: format ‘%zu’ expects argument of type ‘size_t’, but argument 8 has type ‘int64_t’ {aka ‘long int’} [-Wformat=]
         93 |                         "Compare input shape of %s and %s failed: time dim 2 must match (got %zu vs %zu).",
         94 |                         INPUT_V_NAME, INPUT_K_NAME, vStorageShape.GetDim(DIM_2), kStorageShape.GetDim(DIM_2)),
            |                                                     ~~~~~~~~~~~~~~~~~~~~~~~~~~~
            |                                                                         |
            |                                                                         int64_t {aka long int}
      /home/w00929470/check0801/ascend/cann-9.2.0/aarch64-linux/include/op_common/log/log.h:1086:13: note: in definition of macro ‘OP_CHECK_IF’
       1086 |             log;                                 \
            |             ^~~
      /home/liz23/flash-linear-attention-npu/fla/ops/ascendc/gdn/chunk_gdn_bwd/prepare_wy_repr_bwd_full/op_host/op_tiling/arch35/prepare_wy_repr_bwd_full_tiling_a5.cpp:92:17: note: in expansion of macro ‘OP_LOGE’
         92 |                 OP_LOGE(context_->GetNodeName(),
            |                 ^~~~~~~
      /home/liz23/flash-linear-attention-npu/fla/ops/ascendc/gdn/chunk_gdn_bwd/prepare_wy_repr_bwd_full/op_host/op_tiling/arch35/prepare_wy_repr_bwd_full_tiling_a5.cpp:93:25: warning: format ‘%zu’ expects argument of type ‘size_t’, but argument 9 has type ‘int64_t’ {aka ‘long int’} [-Wformat=]
         93 |                         "Compare input shape of %s and %s failed: time dim 2 must match (got %zu vs %zu).",
         94 |                         INPUT_V_NAME, INPUT_K_NAME, vStorageShape.GetDim(DIM_2), kStorageShape.GetDim(DIM_2)),
            |                                                                                  ~~~~~~~~~~~~~~~~~~~~~~~~~~~
            |                                                                                                      |
            |                                                                                                      int64_t {aka long int}
      /home/w00929470/check0801/ascend/cann-9.2.0/aarch64-linux/include/op_common/log/log.h:1086:13: note: in definition of macro ‘OP_CHECK_IF’
       1086 |             log;                                 \
            |             ^~~
      /home/liz23/flash-linear-attention-npu/fla/ops/ascendc/gdn/chunk_gdn_bwd/prepare_wy_repr_bwd_full/op_host/op_tiling/arch35/prepare_wy_repr_bwd_full_tiling_a5.cpp:92:17: note: in expansion of macro ‘OP_LOGE’
         92 |                 OP_LOGE(context_->GetNodeName(),
            |                 ^~~~~~~
      /home/liz23/flash-linear-attention-npu/fla/ops/ascendc/gdn/chunk_gdn_bwd/prepare_wy_repr_bwd_full/op_host/op_tiling/arch35/prepare_wy_repr_bwd_full_tiling_a5.cpp:112:25: warning: format ‘%zu’ expects argument of type ‘size_t’, but argument 8 has type ‘int64_t’ {aka ‘long int’} [-Wformat=]
        112 |                         "Compare input shape of %s and %s failed: batch dim 0 must match (got %zu vs %zu).",
        113 |                         INPUT_K_NAME, INPUT_G_NAME, kStorageShape.GetDim(DIM_0), gStorageShape.GetDim(DIM_0)),
            |                                                     ~~~~~~~~~~~~~~~~~~~~~~~~~~~
            |                                                                         |
            |                                                                         int64_t {aka long int}
      /home/w00929470/check0801/ascend/cann-9.2.0/aarch64-linux/include/op_common/log/log.h:1086:13: note: in definition of macro ‘OP_CHECK_IF’
       1086 |             log;                                 \
            |             ^~~
      /home/liz23/flash-linear-attention-npu/fla/ops/ascendc/gdn/chunk_gdn_bwd/prepare_wy_repr_bwd_full/op_host/op_tiling/arch35/prepare_wy_repr_bwd_full_tiling_a5.cpp:111:17: note: in expansion of macro ‘OP_LOGE’
        111 |                 OP_LOGE(context_->GetNodeName(),
            |                 ^~~~~~~
      /home/liz23/flash-linear-attention-npu/fla/ops/ascendc/gdn/chunk_gdn_bwd/prepare_wy_repr_bwd_full/op_host/op_tiling/arch35/prepare_wy_repr_bwd_full_tiling_a5.cpp:112:25: warning: format ‘%zu’ expects argument of type ‘size_t’, but argument 9 has type ‘int64_t’ {aka ‘long int’} [-Wformat=]
        112 |                         "Compare input shape of %s and %s failed: batch dim 0 must match (got %zu vs %zu).",
        113 |                         INPUT_K_NAME, INPUT_G_NAME, kStorageShape.GetDim(DIM_0), gStorageShape.GetDim(DIM_0)),
            |                                                                                  ~~~~~~~~~~~~~~~~~~~~~~~~~~~
            |                                                                                                      |
            |                                                                                                      int64_t {aka long int}
      /home/w00929470/check0801/ascend/cann-9.2.0/aarch64-linux/include/op_common/log/log.h:1086:13: note: in definition of macro ‘OP_CHECK_IF’
       1086 |             log;                                 \
            |             ^~~
      /home/liz23/flash-linear-attention-npu/fla/ops/ascendc/gdn/chunk_gdn_bwd/prepare_wy_repr_bwd_full/op_host/op_tiling/arch35/prepare_wy_repr_bwd_full_tiling_a5.cpp:111:17: note: in expansion of macro ‘OP_LOGE’
        111 |                 OP_LOGE(context_->GetNodeName(),
            |                 ^~~~~~~
      /home/liz23/flash-linear-attention-npu/fla/ops/ascendc/gdn/chunk_gdn_bwd/prepare_wy_repr_bwd_full/op_host/op_tiling/arch35/prepare_wy_repr_bwd_full_tiling_a5.cpp:117:25: warning: format ‘%zu’ expects argument of type ‘size_t’, but argument 8 has type ‘int64_t’ {aka ‘long int’} [-Wformat=]
        117 |                         "Compare input shape of %s and %s failed: time dim 2 must match (got %zu vs %zu).",
        118 |                         INPUT_K_NAME, INPUT_G_NAME, kStorageShape.GetDim(DIM_2), gStorageShape.GetDim(DIM_2)),
            |                                                     ~~~~~~~~~~~~~~~~~~~~~~~~~~~
            |                                                                         |
            |                                                                         int64_t {aka long int}
      /home/w00929470/check0801/ascend/cann-9.2.0/aarch64-linux/include/op_common/log/log.h:1086:13: note: in definition of macro ‘OP_CHECK_IF’
       1086 |             log;                                 \
            |             ^~~
      /home/liz23/flash-linear-attention-npu/fla/ops/ascendc/gdn/chunk_gdn_bwd/prepare_wy_repr_bwd_full/op_host/op_tiling/arch35/prepare_wy_repr_bwd_full_tiling_a5.cpp:116:17: note: in expansion of macro ‘OP_LOGE’
        116 |                 OP_LOGE(context_->GetNodeName(),
            |                 ^~~~~~~
      /home/liz23/flash-linear-attention-npu/fla/ops/ascendc/gdn/chunk_gdn_bwd/prepare_wy_repr_bwd_full/op_host/op_tiling/arch35/prepare_wy_repr_bwd_full_tiling_a5.cpp:117:25: warning: format ‘%zu’ expects argument of type ‘size_t’, but argument 9 has type ‘int64_t’ {aka ‘long int’} [-Wformat=]
        117 |                         "Compare input shape of %s and %s failed: time dim 2 must match (got %zu vs %zu).",
        118 |                         INPUT_K_NAME, INPUT_G_NAME, kStorageShape.GetDim(DIM_2), gStorageShape.GetDim(DIM_2)),
            |                                                                                  ~~~~~~~~~~~~~~~~~~~~~~~~~~~
            |                                                                                                      |
            |                                                                                                      int64_t {aka long int}
      /home/w00929470/check0801/ascend/cann-9.2.0/aarch64-linux/include/op_common/log/log.h:1086:13: note: in definition of macro ‘OP_CHECK_IF’
       1086 |             log;                                 \
            |             ^~~
      /home/liz23/flash-linear-attention-npu/fla/ops/ascendc/gdn/chunk_gdn_bwd/prepare_wy_repr_bwd_full/op_host/op_tiling/arch35/prepare_wy_repr_bwd_full_tiling_a5.cpp:116:17: note: in expansion of macro ‘OP_LOGE’
        116 |                 OP_LOGE(context_->GetNodeName(),
            |                 ^~~~~~~
      /home/liz23/flash-linear-attention-npu/fla/ops/ascendc/gdn/chunk_gdn_bwd/prepare_wy_repr_bwd_full/op_host/op_tiling/arch35/prepare_wy_repr_bwd_full_tiling_a5.cpp:122:25: warning: format ‘%zu’ expects argument of type ‘size_t’, but argument 8 has type ‘int64_t’ {aka ‘long int’} [-Wformat=]
        122 |                         "Compare input shape of %s and %s failed: head dim 1 must match HV (got %zu vs %zu).",
        123 |                         INPUT_V_NAME, INPUT_G_NAME, vStorageShape.GetDim(DIM_1), gStorageShape.GetDim(DIM_1)),
            |                                                     ~~~~~~~~~~~~~~~~~~~~~~~~~~~
            |                                                                         |
            |                                                                         int64_t {aka long int}
      /home/w00929470/check0801/ascend/cann-9.2.0/aarch64-linux/include/op_common/log/log.h:1086:13: note: in definition of macro ‘OP_CHECK_IF’
       1086 |             log;                                 \
            |             ^~~
      /home/liz23/flash-linear-attention-npu/fla/ops/ascendc/gdn/chunk_gdn_bwd/prepare_wy_repr_bwd_full/op_host/op_tiling/arch35/prepare_wy_repr_bwd_full_tiling_a5.cpp:121:17: note: in expansion of macro ‘OP_LOGE’
        121 |                 OP_LOGE(context_->GetNodeName(),
            |                 ^~~~~~~
      /home/liz23/flash-linear-attention-npu/fla/ops/ascendc/gdn/chunk_gdn_bwd/prepare_wy_repr_bwd_full/op_host/op_tiling/arch35/prepare_wy_repr_bwd_full_tiling_a5.cpp:122:25: warning: format ‘%zu’ expects argument of type ‘size_t’, but argument 9 has type ‘int64_t’ {aka ‘long int’} [-Wformat=]
        122 |                         "Compare input shape of %s and %s failed: head dim 1 must match HV (got %zu vs %zu).",
        123 |                         INPUT_V_NAME, INPUT_G_NAME, vStorageShape.GetDim(DIM_1), gStorageShape.GetDim(DIM_1)),
            |                                                                                  ~~~~~~~~~~~~~~~~~~~~~~~~~~~
            |                                                                                                      |
            |                                                                                                      int64_t {aka long int}
      /home/w00929470/check0801/ascend/cann-9.2.0/aarch64-linux/include/op_common/log/log.h:1086:13: note: in definition of macro ‘OP_CHECK_IF’
       1086 |             log;                                 \
            |             ^~~
      /home/liz23/flash-linear-attention-npu/fla/ops/ascendc/gdn/chunk_gdn_bwd/prepare_wy_repr_bwd_full/op_host/op_tiling/arch35/prepare_wy_repr_bwd_full_tiling_a5.cpp:121:17: note: in expansion of macro ‘OP_LOGE’
        121 |                 OP_LOGE(context_->GetNodeName(),
            |                 ^~~~~~~
      /home/liz23/flash-linear-attention-npu/fla/ops/ascendc/gdn/chunk_gdn_bwd/prepare_wy_repr_bwd_full/op_host/op_tiling/arch35/prepare_wy_repr_bwd_full_tiling_a5.cpp:133:25: warning: format ‘%zu’ expects argument of type ‘size_t’, but argument 8 has type ‘int64_t’ {aka ‘long int’} [-Wformat=]
        133 |                         "Compare input shape of %s and %s failed: last dim K must match (got %zu vs %zu).",
        134 |                         INPUT_DW_NAME, INPUT_K_NAME, dwStorageShape.GetDim(DIM_3), kStorageShape.GetDim(DIM_3)),
            |                                                      ~~~~~~~~~~~~~~~~~~~~~~~~~~~~
            |                                                                           |
            |                                                                           int64_t {aka long int}
      /home/w00929470/check0801/ascend/cann-9.2.0/aarch64-linux/include/op_common/log/log.h:1086:13: note: in definition of macro ‘OP_CHECK_IF’
       1086 |             log;                                 \
            |             ^~~
      /home/liz23/flash-linear-attention-npu/fla/ops/ascendc/gdn/chunk_gdn_bwd/prepare_wy_repr_bwd_full/op_host/op_tiling/arch35/prepare_wy_repr_bwd_full_tiling_a5.cpp:132:17: note: in expansion of macro ‘OP_LOGE’
        132 |                 OP_LOGE(context_->GetNodeName(),
            |                 ^~~~~~~
      /home/liz23/flash-linear-attention-npu/fla/ops/ascendc/gdn/chunk_gdn_bwd/prepare_wy_repr_bwd_full/op_host/op_tiling/arch35/prepare_wy_repr_bwd_full_tiling_a5.cpp:133:25: warning: format ‘%zu’ expects argument of type ‘size_t’, but argument 9 has type ‘int64_t’ {aka ‘long int’} [-Wformat=]
        133 |                         "Compare input shape of %s and %s failed: last dim K must match (got %zu vs %zu).",
        134 |                         INPUT_DW_NAME, INPUT_K_NAME, dwStorageShape.GetDim(DIM_3), kStorageShape.GetDim(DIM_3)),
            |                                                                                    ~~~~~~~~~~~~~~~~~~~~~~~~~~~
            |                                                                                                        |
            |                                                                                                        int64_t {aka long int}
      /home/w00929470/check0801/ascend/cann-9.2.0/aarch64-linux/include/op_common/log/log.h:1086:13: note: in definition of macro ‘OP_CHECK_IF’
       1086 |             log;                                 \
            |             ^~~
      /home/liz23/flash-linear-attention-npu/fla/ops/ascendc/gdn/chunk_gdn_bwd/prepare_wy_repr_bwd_full/op_host/op_tiling/arch35/prepare_wy_repr_bwd_full_tiling_a5.cpp:132:17: note: in expansion of macro ‘OP_LOGE’
        132 |                 OP_LOGE(context_->GetNodeName(),
            |                 ^~~~~~~
      /home/liz23/flash-linear-attention-npu/fla/ops/ascendc/gdn/chunk_gdn_bwd/prepare_wy_repr_bwd_full/op_host/op_tiling/arch35/prepare_wy_repr_bwd_full_tiling_a5.cpp:138:25: warning: format ‘%zu’ expects argument of type ‘size_t’, but argument 8 has type ‘int64_t’ {aka ‘long int’} [-Wformat=]
        138 |                         "Compare input shape of %s and %s failed: batch dim 0 must match (got %zu vs %zu).",
        139 |                         INPUT_K_NAME, INPUT_A_NAME, kStorageShape.GetDim(DIM_0), AStorageShape.GetDim(DIM_0)),
            |                                                     ~~~~~~~~~~~~~~~~~~~~~~~~~~~
            |                                                                         |
            |                                                                         int64_t {aka long int}
      /home/w00929470/check0801/ascend/cann-9.2.0/aarch64-linux/include/op_common/log/log.h:1086:13: note: in definition of macro ‘OP_CHECK_IF’
       1086 |             log;                                 \
            |             ^~~
      /home/liz23/flash-linear-attention-npu/fla/ops/ascendc/gdn/chunk_gdn_bwd/prepare_wy_repr_bwd_full/op_host/op_tiling/arch35/prepare_wy_repr_bwd_full_tiling_a5.cpp:137:17: note: in expansion of macro ‘OP_LOGE’
        137 |                 OP_LOGE(context_->GetNodeName(),
            |                 ^~~~~~~
      /home/liz23/flash-linear-attention-npu/fla/ops/ascendc/gdn/chunk_gdn_bwd/prepare_wy_repr_bwd_full/op_host/op_tiling/arch35/prepare_wy_repr_bwd_full_tiling_a5.cpp:138:25: warning: format ‘%zu’ expects argument of type ‘size_t’, but argument 9 has type ‘int64_t’ {aka ‘long int’} [-Wformat=]
        138 |                         "Compare input shape of %s and %s failed: batch dim 0 must match (got %zu vs %zu).",
        139 |                         INPUT_K_NAME, INPUT_A_NAME, kStorageShape.GetDim(DIM_0), AStorageShape.GetDim(DIM_0)),
            |                                                                                  ~~~~~~~~~~~~~~~~~~~~~~~~~~~
            |                                                                                                      |
            |                                                                                                      int64_t {aka long int}
      /home/w00929470/check0801/ascend/cann-9.2.0/aarch64-linux/include/op_common/log/log.h:1086:13: note: in definition of macro ‘OP_CHECK_IF’
       1086 |             log;                                 \
            |             ^~~
      /home/liz23/flash-linear-attention-npu/fla/ops/ascendc/gdn/chunk_gdn_bwd/prepare_wy_repr_bwd_full/op_host/op_tiling/arch35/prepare_wy_repr_bwd_full_tiling_a5.cpp:137:17: note: in expansion of macro ‘OP_LOGE’
        137 |                 OP_LOGE(context_->GetNodeName(),
            |                 ^~~~~~~
      /home/liz23/flash-linear-attention-npu/fla/ops/ascendc/gdn/chunk_gdn_bwd/prepare_wy_repr_bwd_full/op_host/op_tiling/arch35/prepare_wy_repr_bwd_full_tiling_a5.cpp:143:25: warning: format ‘%zu’ expects argument of type ‘size_t’, but argument 8 has type ‘int64_t’ {aka ‘long int’} [-Wformat=]
        143 |                         "Compare input shape of %s and %s failed: time dim 2 must match (got %zu vs %zu).",
        144 |                         INPUT_K_NAME, INPUT_A_NAME, kStorageShape.GetDim(DIM_2), AStorageShape.GetDim(DIM_2)),
            |                                                     ~~~~~~~~~~~~~~~~~~~~~~~~~~~
            |                                                                         |
            |                                                                         int64_t {aka long int}
      /home/w00929470/check0801/ascend/cann-9.2.0/aarch64-linux/include/op_common/log/log.h:1086:13: note: in definition of macro ‘OP_CHECK_IF’
       1086 |             log;                                 \
            |             ^~~
      /home/liz23/flash-linear-attention-npu/fla/ops/ascendc/gdn/chunk_gdn_bwd/prepare_wy_repr_bwd_full/op_host/op_tiling/arch35/prepare_wy_repr_bwd_full_tiling_a5.cpp:142:17: note: in expansion of macro ‘OP_LOGE’
        142 |                 OP_LOGE(context_->GetNodeName(),
            |                 ^~~~~~~
      /home/liz23/flash-linear-attention-npu/fla/ops/ascendc/gdn/chunk_gdn_bwd/prepare_wy_repr_bwd_full/op_host/op_tiling/arch35/prepare_wy_repr_bwd_full_tiling_a5.cpp:143:25: warning: format ‘%zu’ expects argument of type ‘size_t’, but argument 9 has type ‘int64_t’ {aka ‘long int’} [-Wformat=]
        143 |                         "Compare input shape of %s and %s failed: time dim 2 must match (got %zu vs %zu).",
        144 |                         INPUT_K_NAME, INPUT_A_NAME, kStorageShape.GetDim(DIM_2), AStorageShape.GetDim(DIM_2)),
            |                                                                                  ~~~~~~~~~~~~~~~~~~~~~~~~~~~
            |                                                                                                      |
            |                                                                                                      int64_t {aka long int}
      /home/w00929470/check0801/ascend/cann-9.2.0/aarch64-linux/include/op_common/log/log.h:1086:13: note: in definition of macro ‘OP_CHECK_IF’
       1086 |             log;                                 \
            |             ^~~
      /home/liz23/flash-linear-attention-npu/fla/ops/ascendc/gdn/chunk_gdn_bwd/prepare_wy_repr_bwd_full/op_host/op_tiling/arch35/prepare_wy_repr_bwd_full_tiling_a5.cpp:142:17: note: in expansion of macro ‘OP_LOGE’
        142 |                 OP_LOGE(context_->GetNodeName(),
            |                 ^~~~~~~
      /home/liz23/flash-linear-attention-npu/fla/ops/ascendc/gdn/chunk_gdn_bwd/prepare_wy_repr_bwd_full/op_host/op_tiling/arch35/prepare_wy_repr_bwd_full_tiling_a5.cpp:148:25: warning: format ‘%zu’ expects argument of type ‘size_t’, but argument 8 has type ‘int64_t’ {aka ‘long int’} [-Wformat=]
        148 |                         "Compare input shape of %s and %s failed: head dim 1 must match HV (got %zu vs %zu).",
        149 |                         INPUT_V_NAME, INPUT_A_NAME, vStorageShape.GetDim(DIM_1), AStorageShape.GetDim(DIM_1)),
            |                                                     ~~~~~~~~~~~~~~~~~~~~~~~~~~~
            |                                                                         |
            |                                                                         int64_t {aka long int}
      /home/w00929470/check0801/ascend/cann-9.2.0/aarch64-linux/include/op_common/log/log.h:1086:13: note: in definition of macro ‘OP_CHECK_IF’
       1086 |             log;                                 \
            |             ^~~
      /home/liz23/flash-linear-attention-npu/fla/ops/ascendc/gdn/chunk_gdn_bwd/prepare_wy_repr_bwd_full/op_host/op_tiling/arch35/prepare_wy_repr_bwd_full_tiling_a5.cpp:147:17: note: in expansion of macro ‘OP_LOGE’
        147 |                 OP_LOGE(context_->GetNodeName(),
            |                 ^~~~~~~
      /home/liz23/flash-linear-attention-npu/fla/ops/ascendc/gdn/chunk_gdn_bwd/prepare_wy_repr_bwd_full/op_host/op_tiling/arch35/prepare_wy_repr_bwd_full_tiling_a5.cpp:148:25: warning: format ‘%zu’ expects argument of type ‘size_t’, but argument 9 has type ‘int64_t’ {aka ‘long int’} [-Wformat=]
        148 |                         "Compare input shape of %s and %s failed: head dim 1 must match HV (got %zu vs %zu).",
        149 |                         INPUT_V_NAME, INPUT_A_NAME, vStorageShape.GetDim(DIM_1), AStorageShape.GetDim(DIM_1)),
            |                                                                                  ~~~~~~~~~~~~~~~~~~~~~~~~~~~
            |                                                                                                      |
            |                                                                                                      int64_t {aka long int}
      /home/w00929470/check0801/ascend/cann-9.2.0/aarch64-linux/include/op_common/log/log.h:1086:13: note: in definition of macro ‘OP_CHECK_IF’
       1086 |             log;                                 \
            |             ^~~
      /home/liz23/flash-linear-attention-npu/fla/ops/ascendc/gdn/chunk_gdn_bwd/prepare_wy_repr_bwd_full/op_host/op_tiling/arch35/prepare_wy_repr_bwd_full_tiling_a5.cpp:147:17: note: in expansion of macro ‘OP_LOGE’
        147 |                 OP_LOGE(context_->GetNodeName(),
            |                 ^~~~~~~
      /home/liz23/flash-linear-attention-npu/fla/ops/ascendc/gdn/chunk_gdn_bwd/prepare_wy_repr_bwd_full/op_host/op_tiling/arch35/prepare_wy_repr_bwd_full_tiling_a5.cpp: In member function ‘ge::graphStatus optiling::PrepareWyReprBwdFullTilingA5::VariableLenTiling()’:
      /home/liz23/flash-linear-attention-npu/fla/ops/ascendc/gdn/chunk_gdn_bwd/prepare_wy_repr_bwd_full/op_host/op_tiling/arch35/prepare_wy_repr_bwd_full_tiling_a5.cpp:253:25: warning: format ‘%ld’ expects argument of type ‘long int’, but argument 6 has type ‘std::vector<long int>::size_type’ {aka ‘long unsigned int’} [-Wformat=]
        253 |                         "Check chunk_indices shape failed, the len of chunk_indices should be %ld, but get %ld.",
        254 |                         expectChunkIndices.size(), chunkIndicesDim0),
            |                         ~~~~~~~~~~~~~~~~~~~~~~~~~
            |                                                |
            |                                                std::vector<long int>::size_type {aka long unsigned int}
      /home/w00929470/check0801/ascend/cann-9.2.0/aarch64-linux/include/op_common/log/log.h:1086:13: note: in definition of macro ‘OP_CHECK_IF’
       1086 |             log;                                 \
            |             ^~~
      /home/liz23/flash-linear-attention-npu/fla/ops/ascendc/gdn/chunk_gdn_bwd/prepare_wy_repr_bwd_full/op_host/op_tiling/arch35/prepare_wy_repr_bwd_full_tiling_a5.cpp:252:17: note: in expansion of macro ‘OP_LOGE’
        252 |                 OP_LOGE(context_->GetNodeName(),
            |                 ^~~~~~~
      /home/liz23/flash-linear-attention-npu/fla/ops/ascendc/gdn/chunk_gdn_bwd/prepare_wy_repr_bwd_full/op_host/op_tiling/arch35/prepare_wy_repr_bwd_full_tiling_a5.cpp: In member function ‘ge::graphStatus optiling::PrepareWyReprBwdFullTilingA5::SetDkGatherVecRowRegbase(uint64_t, ge::DataType, ge::DataType)’:
      /home/liz23/flash-linear-attention-npu/fla/ops/ascendc/gdn/chunk_gdn_bwd/prepare_wy_repr_bwd_full/op_host/op_tiling/arch35/prepare_wy_repr_bwd_full_tiling_a5.cpp:403:14: warning: variable ‘sizeofBetaType’ set but not used [-Wunused-but-set-variable]
        403 |     uint64_t sizeofBetaType = SIZE_FP32;
            |              ^~~~~~~~~~~~~~
      In file included from /home/w00929470/check0801/ascend/cann-9.2.0/include/external/ge_common/api_error_codes.h:16,
                       from /home/w00929470/check0801/ascend/cann-9.2.0/include/exe_graph/runtime/continuous_vector.h:20,
                       from /home/w00929470/check0801/ascend/cann-9.2.0/include/exe_graph/runtime/tiling_context.h:15,
                       from /home/liz23/flash-linear-attention-npu/common/include/tiling_base/tiling_base.h:20,
                       from /home/liz23/flash-linear-attention-npu/fla/ops/ascendc/gdn/recurrent_gdn/recurrent_gated_delta_rule/op_host/recurrent_gated_delta_rule_tiling.h:18,
                       from /home/liz23/flash-linear-attention-npu/fla/ops/ascendc/gdn/recurrent_gdn/recurrent_gated_delta_rule/op_host/recurrent_gated_delta_rule_tiling.cpp:14:
      /home/w00929470/check0801/ascend/cann-9.2.0/include/external/ge_common/ge_error_codes.h:15:122: note: ‘#pragma message: Warning: ge_error_codes.h is deprecated and will be removed after 2027-06. Include "graph/error_codes.h" instead.’
         15 |     "Warning: ge_error_codes.h is deprecated and will be removed after 2027-06. Include \"graph/error_codes.h\" instead.")
            |                                                                                                                          ^
      In file included from /home/w00929470/check0801/ascend/cann-9.2.0/include/external/ge_common/api_error_codes.h:17,
                       from /home/w00929470/check0801/ascend/cann-9.2.0/include/exe_graph/runtime/continuous_vector.h:20,
                       from /home/w00929470/check0801/ascend/cann-9.2.0/include/exe_graph/runtime/tiling_context.h:15,
                       from /home/liz23/flash-linear-attention-npu/common/include/tiling_base/tiling_base.h:20,
                       from /home/liz23/flash-linear-attention-npu/fla/ops/ascendc/gdn/recurrent_gdn/recurrent_gated_delta_rule/op_host/recurrent_gated_delta_rule_tiling.h:18,
                       from /home/liz23/flash-linear-attention-npu/fla/ops/ascendc/gdn/recurrent_gdn/recurrent_gated_delta_rule/op_host/recurrent_gated_delta_rule_tiling.cpp:14:
      /home/w00929470/check0801/ascend/cann-9.2.0/include/external/ge_common/ge_api_types.h:15:122: note: ‘#pragma message: Warning: ge_api_types.h is deprecated and will be removed after 2027-06. Include "ge_common_api_types.h" instead.’
         15 |     "Warning: ge_api_types.h is deprecated and will be removed after 2027-06. Include \"ge_common_api_types.h\" instead.")
            |                                                                                                                          ^
      In file included from /home/w00929470/check0801/ascend/cann-9.2.0/include/external/ge_common/api_error_codes.h:16,
                       from /home/w00929470/check0801/ascend/cann-9.2.0/include/exe_graph/runtime/continuous_vector.h:20,
                       from /home/w00929470/check0801/ascend/cann-9.2.0/include/exe_graph/runtime/runtime_attrs.h:16,
                       from /home/w00929470/check0801/ascend/cann-9.2.0/include/exe_graph/runtime/infer_shape_context.h:16,
                       from /home/w00929470/check0801/ascend/cann-9.2.0/include/register/op_impl_registry.h:19,
                       from /home/liz23/flash-linear-attention-npu/fla/ops/ascendc/gdn/chunk_gdn_fwd/chunk_gated_delta_rule_fwd_h/op_host/chunk_gated_delta_rule_fwd_h_tiling.cpp:16:
      /home/w00929470/check0801/ascend/cann-9.2.0/include/external/ge_common/ge_error_codes.h:15:122: note: ‘#pragma message: Warning: ge_error_codes.h is deprecated and will be removed after 2027-06. Include "graph/error_codes.h" instead.’
         15 |     "Warning: ge_error_codes.h is deprecated and will be removed after 2027-06. Include \"graph/error_codes.h\" instead.")
            |                                                                                                                          ^
      In file included from /home/w00929470/check0801/ascend/cann-9.2.0/include/external/ge_common/api_error_codes.h:17,
                       from /home/w00929470/check0801/ascend/cann-9.2.0/include/exe_graph/runtime/continuous_vector.h:20,
                       from /home/w00929470/check0801/ascend/cann-9.2.0/include/exe_graph/runtime/runtime_attrs.h:16,
                       from /home/w00929470/check0801/ascend/cann-9.2.0/include/exe_graph/runtime/infer_shape_context.h:16,
                       from /home/w00929470/check0801/ascend/cann-9.2.0/include/register/op_impl_registry.h:19,
                       from /home/liz23/flash-linear-attention-npu/fla/ops/ascendc/gdn/chunk_gdn_fwd/chunk_gated_delta_rule_fwd_h/op_host/chunk_gated_delta_rule_fwd_h_tiling.cpp:16:
      /home/w00929470/check0801/ascend/cann-9.2.0/include/external/ge_common/ge_api_types.h:15:122: note: ‘#pragma message: Warning: ge_api_types.h is deprecated and will be removed after 2027-06. Include "ge_common_api_types.h" instead.’
         15 |     "Warning: ge_api_types.h is deprecated and will be removed after 2027-06. Include \"ge_common_api_types.h\" instead.")
            |                                                                                                                          ^
      In file included from /home/w00929470/check0801/ascend/cann-9.2.0/aarch64-linux/include/op_common/log/log.h:25,
                       from /home/liz23/flash-linear-attention-npu/common/include/tiling_base/tiling_base.h:24,
                       from /home/liz23/flash-linear-attention-npu/fla/ops/ascendc/gdn/recurrent_gdn/recurrent_gated_delta_rule/op_host/recurrent_gated_delta_rule_tiling.h:18,
                       from /home/liz23/flash-linear-attention-npu/fla/ops/ascendc/gdn/recurrent_gdn/recurrent_gated_delta_rule/op_host/recurrent_gated_delta_rule_tiling.cpp:14:
      /home/w00929470/check0801/ascend/cann-9.2.0/include/graph/ge_error_codes.h:15:122: note: ‘#pragma message: Warning: ge_error_codes.h is deprecated and will be removed after 2027-06. Include "graph/error_codes.h" instead.’
         15 |     "Warning: ge_error_codes.h is deprecated and will be removed after 2027-06. Include \"graph/error_codes.h\" instead.")
            |                                                                                                                          ^
      In file included from /home/w00929470/check0801/ascend/cann-9.2.0/aarch64-linux/include/op_common/log/log.h:25,
                       from /home/liz23/flash-linear-attention-npu/common/include/tiling_base/tiling_base.h:24,
                       from /home/liz23/flash-linear-attention-npu/common/include/tiling_base/tiling_templates_registry.h:23,
                       from /home/liz23/flash-linear-attention-npu/fla/ops/ascendc/gdn/chunk_gdn_bwd/chunk_bwd_dqkwg/op_host/op_tiling/chunk_bwd_dqkwg_tiling.cpp:18:
      /home/w00929470/check0801/ascend/cann-9.2.0/include/graph/ge_error_codes.h:15:122: note: ‘#pragma message: Warning: ge_error_codes.h is deprecated and will be removed after 2027-06. Include "graph/error_codes.h" instead.’
         15 |     "Warning: ge_error_codes.h is deprecated and will be removed after 2027-06. Include \"graph/error_codes.h\" instead.")
            |                                                                                                                          ^
      In file included from /home/w00929470/check0801/ascend/cann-9.2.0/aarch64-linux/include/op_common/log/log.h:25,
                       from /home/liz23/flash-linear-attention-npu/common/include/tiling_base/tiling_base.h:24,
                       from /home/liz23/flash-linear-attention-npu/common/include/tiling_base/tiling_templates_registry.h:23,
                       from /home/liz23/flash-linear-attention-npu/fla/ops/ascendc/gdn/chunk_gdn_fwd/chunk_gated_delta_rule_fwd_h/op_host/chunk_gated_delta_rule_fwd_h_tiling.cpp:18:
      /home/w00929470/check0801/ascend/cann-9.2.0/include/graph/ge_error_codes.h:15:122: note: ‘#pragma message: Warning: ge_error_codes.h is deprecated and will be removed after 2027-06. Include "graph/error_codes.h" instead.’
         15 |     "Warning: ge_error_codes.h is deprecated and will be removed after 2027-06. Include \"graph/error_codes.h\" instead.")
            |                                                                                                                          ^
       16:25:33] -- Configuring done
      [2026-08-05 16:25:33] -- Generating done
      [2026-08-05 16:25:33] -- extracting...
      [2026-08-05 16:25:33]      src='/home/liz23/flash-linear-attention-npu/third_party/pkg/protobuf-25.1.tar.gz'
      [2026-08-05 16:25:33]      dst='/home/liz23/flash-linear-attention-npu/third_party/ascend_protobuf'
      [2026-08-05 16:25:33] -- extracting... [tar xfz]
      [2026-08-05 16:25:33] -- Build files have been written to: /home/liz23/flash-linear-attention-npu/build/common/tiling_sink_task-prefix/src/tiling_sink_task-build
      [2026-08-05 16:25:33] [ 46%] Performing build step for 'tiling_sink_task'
      [2026-08-05 16:25:33] [ 46%] No install step for 'tiling_sink_task'
      [2026-08-05 16:25:33] [ 46%] Built target opbase_util_objs
      [2026-08-05 16:25:33] [ 46%] Completed 'tiling_sink_task'
      [2026-08-05 16:25:33] [ 46%] Built target tiling_sink_task
      [2026-08-05 16:25:33] -- extracting... [analysis]
      [2026-08-05 16:25:33] -- extracting... [rename]
      [2026-08-05 16:25:33] -- extracting... [clean up]
      [2026-08-05 16:25:33] -- extracting... done
      [2026-08-05 16:25:33] [ 46%] No update step for 'ascend_protobuf_build_transformer'
      [2026-08-05 16:25:33] [ 46%] Performing patch step for 'ascend_protobuf_build_transformer'
      [2026-08-05 16:25:33] (Stripping trailing CRs from patch; use --binary to disable.)
      [2026-08-05 16:25:33] patching file CMakeLists.txt
      [2026-08-05 16:25:33] (Stripping trailing CRs from patch; use --binary to disable.)
      [2026-08-05 16:25:33] patching file src/google/protobuf/arenastring.cc
      [2026-08-05 16:25:33] (Stripping trailing CRs from patch; use --binary to disable.)
      [2026-08-05 16:25:33] patching file src/google/protobuf/arenastring.h
      [2026-08-05 16:25:33] (Stripping trailing CRs from patch; use --binary to disable.)
      [2026-08-05 16:25:33] patching file src/google/protobuf/compiler/cpp/field_generators/string_field.cc
      [2026-08-05 16:25:33] (Stripping trailing CRs from patch; use --binary to disable.)
      [2026-08-05 16:25:33] patching file src/google/protobuf/compiler/cpp/helpers.cc
      [2026-08-05 16:25:33] (Stripping trailing CRs from patch; use --binary to disable.)
      [2026-08-05 16:25:33] patching file src/google/protobuf/compiler/cpp/helpers.h
      [2026-08-05 16:25:33] (Stripping trailing CRs from patch; use --binary to disable.)
      [2026-08-05 16:25:33] patching file src/google/protobuf/compiler/csharp/csharp_helpers.cc
      [2026-08-05 16:25:33] (Stripping trailing CRs from patch; use --binary to disable.)
      [2026-08-05 16:25:33] patching file src/google/protobuf/compiler/java/names.cc
      [2026-08-05 16:25:33] (Stripping trailing CRs from patch; use --binary to disable.)
      [2026-08-05 16:25:33] patching file src/google/protobuf/extension_set.h
      [2026-08-05 16:25:33] (Stripping trailing CRs from patch; use --binary to disable.)
      [2026-08-05 16:25:33] patching file src/google/protobuf/message_lite.h
      [2026-08-05 16:25:33] (Stripping trailing CRs from patch; use --binary to disable.)
      [2026-08-05 16:25:33] patching file src/google/protobuf/port_def.inc
      [2026-08-05 16:25:33] patch unexpectedly ends in middle of line
      [2026-08-05 16:25:33] Hunk #1 succeeded at 572 with fuzz 1.
      [2026-08-05 16:25:33] [ 47%] Performing configure step for 'ascend_protobuf_build_transformer'
      [2026-08-05 16:25:33] [ 47%] Built target opbase_infer_objs
      [2026-08-05 16:25:33] [ 47%] Built target common_transformer_obj
      [2026-08-05 16:25:33] [ 47%] Linking CXX shared library ../../../libopapi_math.so
      [2026-08-05 16:25:33] [ 47%] Built target opapi_math
      [2026-08-05 16:25:33] [ 47%] Built target ophost_transformer_infer_obj
      [2026-08-05 16:25:33] [ 47%] Linking CXX shared library libop_host_aclnn.so
      [2026-08-05 16:25:33] [ 47%] Built target op_host_aclnn
      [2026-08-05 16:25:33] [ 47%] Built target opbuild_gen_default
      [2026-08-05 16:25:34] [ 47%] Building CXX object CMakeFiles/ops_aclnn.dir/autogen/aclnn_chunk_scaled_dot_kkt.cpp.o
      [2026-08-05 16:25:34] [ 47%] Building CXX object CMakeFiles/ops_aclnn.dir/autogen/aclnn_causal_conv1d.cpp.o
      [2026-08-05 16:25:34] [ 48%] Building CXX object CMakeFiles/ops_aclnn.dir/autogen/aclnn_causal_conv1d_bwd.cpp.o
      [2026-08-05 16:25:34] [ 48%] Linking CXX sh<command-line>: warning: "__FILE__" redefined [-Wbuiltin-macro-redefined]
      <command-line>: warning: "__FILE__" redefined [-Wbuiltin-macro-redefined]
      <command-line>: warning: "__FILE__" redefined [-Wbuiltin-macro-redefined]
      <command-line>: warning: "__FILE__" redefined [-Wbuiltin-macro-redefined]
      <command-line>: warning: "__FILE__" redefined [-Wbuiltin-macro-redefined]
      <command-line>: warning: "__FILE__" redefined [-Wbuiltin-macro-redefined]
      <command-line>: warning: "__FILE__" redefined [-Wbuiltin-macro-redefined]
      <command-line>: warning: "__FILE__" redefined [-Wbuiltin-macro-redefined]
      <command-line>: warning: "__FILE__" redefined [-Wbuiltin-macro-redefined]
      <command-line>: warning: "__FILE__" redefined [-Wbuiltin-macro-redefined]
      <command-line>: warning: "__FILE__" redefined [-Wbuiltin-macro-redefined]
      <command-line>: warning: "__FILE__" redefined [-Wbuiltin-macro-redefined]
      <command-line>: warning: "__FILE__" redefined [-Wbuiltin-macro-redefined]
      <command-line>: warning: "__FILE__" redefined [-Wbuiltin-macro-redefined]
      <command-line>: warning: "__FILE__" redefined [-Wbuiltin-macro-redefined]
      <command-line>: warning: "__FILE__" redefined [-Wbuiltin-macro-redefined]
      <command-line>: warning: "__FILE__" redefined [-Wbuiltin-macro-redefined]
      <command-line>: warning: "__FILE__" redefined [-Wbuiltin-macro-redefined]
      <command-line>: warning: "__FILE__" redefined [-Wbuiltin-macro-redefined]
      <command-line>: warning: "__FILE__" redefined [-Wbuiltin-macro-redefined]
      gmake[1]: *** [CMakeFiles/Makefile2:6475: fla/ops/ascendc/gdn/chunk_gdn_bwd/chunk_bwd_dqkwg/op_host/CMakeFiles/opbase_tiling_objs.dir/all] Error 2
      gmake[1]: *** Waiting for unfinished jobs....
      ared library libop_host_aclnnExc.so
      [2026-08-05 16:25:34] [ 48%] Built target op_host_aclnnExc
      [2026-08-05 16:25:34] [ 48%] Built target opbuild_gen_exc
      [2026-08-05 16:25:34] [ 48%] Filtering proto srcs from update files
      [2026-08-05 16:25:34] [ 48%] Generating autogen/aic-ascend910_93-ops-info.json
      [2026-08-05 16:25:34] [ 48%] Building CXX object CMakeFiles/proto_transformer_cust.dir/autogen/causal_conv1d_proto.cpp.o
      [2026-08-05 16:25:34] [ 48%] Building CXX object CMakeFiles/proto_transformer_cust.dir/autogen/chunk_scaled_dot_kkt_proto.cpp.o
      [2026-08-05 16:25:34] [ 49%] Building CXX object CMakeFiles/proto_transformer_cust.dir/autogen/causal_conv1d_bwd_proto.cpp.o
      [2026-08-05 16:25:34] [ 49%] Building CXX object CMakeFiles/proto_transformer_cust.dir/autogen/exc/chunk_bwd_dv_local_proto.cpp.o
      [2026-08-05 16:25:34] [ 49%] Building CXX object CMakeFiles/proto_transformer_cust.dir/autogen/exc/prepare_wy_repr_bwd_da_proto.cpp.o
      [2026-08-05 16:25:34] [ 49%] Building CXX object CMakeFiles/proto_transformer_cust.dir/autogen/exc/chunk_gated_delta_rule_fwd_h_proto.cpp.o
      [2026-08-05 16:25:34] [ 49%] Building CXX object CMakeFiles/proto_transformer_cust.dir/autogen/exc/prepare_wy_repr_bwd_full_proto.cpp.o
      [2026-08-05 16:25:34] [ 50%] Building CXX object CMakeFiles/proto_transformer_cust.dir/autogen/exc/chunk_local_cumsum_proto.cpp.o
      [2026-08-05 16:25:34] [ 50%] Building CXX object CMakeFiles/proto_transformer_cust.dir/autogen/exc/chunk_fwd_o_proto.cpp.o
      [2026-08-05 16:25:34] [ 50%] Building CXX object CMakeFiles/proto_transformer_cust.dir/autogen/exc/chunk_bwd_dqkwg_proto.cpp.o
      [2026-08-05 16:25:34] [ 51%] Building CXX object CMakeFiles/proto_transformer_cust.dir/autogen/exc/chunk_gated_delta_rule_bwd_dhu_proto.cpp.o
      [2026-08-05 16:25:34] [ 52%] Building CXX object CMakeFiles/proto_transformer_cust.dir/autogen/exc/solve_tri_proto.cpp.o
      [2026-08-05 16:25:34] [ 52%] Building CXX object CMakeFiles/proto_transformer_cust.dir/autogen/exc/recompute_wu_fwd_proto.cpp.o
      [2026-08-05 16:25:34] [ 52%] Building CXX object CMakeFiles/proto_transformer_cust.dir/autogen/exc/chunk_kda_bwd_intra_proto.cpp.o
      [2026-08-05 16:25:34] [ 52%] Building CXX object CMakeFiles/proto_transformer_cust.dir/autogen/exc/recurrent_gated_delta_rule_proto.cpp.o
      [2026-08-05 16:25:34] [ 53%] Built target generate_proto_filtered_target
      [2026-08-05 16:25:34] [ 55%] Building CXX object CMakeFiles/proto_transformer_cust.dir/autogen/exc/chunk_kda_fwd_proto.cpp.o
      [2026-08-05 16:25:34] [ 55%] Building CXX object CMakeFiles/proto_transformer_cust.dir/autogen/exc/chunk_kda_fwd_post_wu_proto.cpp.o
      [2026-08-05 16:25:34] [ 55%] Building CXX object CMakeFiles/proto_transformer_cust.dir/autogen/exc/chunk_kda_fwd_prepare_proto.cpp.o
      [2026-08-05 16:25:34] [ 55%] Building CXX object CMakeFiles/proto_transformer_cust.dir/autogen/exc/chunk_kda_fwd_finalize_proto.cpp.o
      [2026-08-05 16:25:34] [ 55%] Building CXX object CMakeFiles/proto_transformer_cust.dir/autogen/exc/kda_gate_cumsum_proto.cpp.o
      [2026-08-05 16:25:34]
      [2026-08-05 16:25:34]
      [2026-08-05 16:25:34] ==============check valid for ops info start==============
      [2026-08-05 16:25:34] ==============check valid for ops info end================
      [2026-08-05 16:25:34]
      [2026-08-05 16:25:34]
      [2026-08-05 16:25:34] Compile op info cfg successfully.
      [2026-08-05 16:25:34] bisheng_flags is:
      [2026-08-05 16:25:34] bisheng_flags is:
      [2026-08-05 16:25:34] bisheng_flags is:
      [2026-08-05 16:25:34] bisheng_flags is:
      [2026-08-05 16:25:34] bisheng_flags is:
      [2026-08-05 16:25:34] bisheng_flags is:
      [2026-08-05 16:25:34] bisheng_flags is:
      [2026-08-05 16:25:34] [ 55%] Built target generate_ops_info_ascend910_93
      [2026-08-05 16:25:34] [ 55%] Built target generate_ops_info
      [2026-08-05 16:25:34] INFO: /home/liz23/flash-linear-attention-npu/build/autogen/inner/aic-ascend910_93-ops-info.ini does not exists in this project, skip generating compile commands.
      [2026-08-05 16:25:34] [ 55%] Built target generate_transformer_adapt_py
      [2026-08-05 16:25:34] -- Configuring done
      [2026-08-05 16:25:34] bisheng_flags is:
      [2026-08-05 16:25:34] bisheng_flags is:
      [2026-0CMake Warning:
        Manually-specified variables were not used by the project:
      
          CMAKE_CXX_LDFLAGS
      
      
      8-05 16:25:34] bisheng_flags is:
      [2026-08-05 16:25:34] bisheng_flags is:
      [2026-08-05 16:25:34] bisheng_flags is:
      [2026-08-05 16:25:34] bisheng_flags is:
      [2026-08-05 16:25:34] bisheng_flags is:
      [2026-08-05 16:25:34] bisheng_flags is:
      [2026-08-05 16:25:34] bisheng_flags is:
      [2026-08-05 16:25:34] bisheng_flags is:
      [2026-08-05 16:25:34] bisheng_flags is:
      [2026-08-05 16:25:34] bisheng_flags is:
      [2026-08-05 16:25:34] bisheng_flags is:
      [2026-08-05 16:25:34] bisheng_flags is:
      [2026-08-05 16:25:34] bisheng_flags is:
      [2026-08-05 16:25:34] bisheng_flags is:
      [2026-08-05 16:25:34] bisheng_flags is:
      [2026-08-05 16:25:34] bisheng_flags is:
      [2026-08-05 16:25:34] bisheng_flags is:
      [2026-08-05 16:25:34] bisheng_flags is:
      [2026-08-05 16:25:34] bisheng_flags is:
      [2026-08-05 16:25:34] bisheng_flags is:
      [2026-08-05 16:25:34] bisheng_flags is:
      [2026-08-05 16:25:34] bisheng_flags is:
      [2026-08-05 16:25:34] bisheng_flags is:
      [2026-08-05 16:25:34] bisheng_flags is:
      [2026-08-05 16:25:34] bisheng_flags is:
      [2026-08-05 16:25:34] bisheng_flags is:
      [2026-08-05 16:25:34] bisheng_flags is:
      [2026-08-05 16:25:34] bisheng_flags is:
      [2026-08-05 16:25:34] bisheng_flags is:
      [2026-08-05 16:25:34] bisheng_flags is:
      [2026-08-05 16:25:34] bisheng_flags is:
      [2026-08-05 16:25:34] bisheng_flags is:
      [2026-08-05 16:25:34] bisheng_flags is:
      [2026-08-05 16:25:34] bisheng_flags is:
      [2026-08-05 16:25:34] bisheng_flags is:
      [2026-08-05 16:25:34] bisheng_flags is:
      [2026-08-05 16:25:34] bisheng_flags is:
      [2026-08-05 16:25:34] bisheng_flags is:
      [2026-08-05 16:25:34] bisheng_flags is:
      [2026-08-05 16:25:34] bisheng_flags is:
      [2026-08-05 16:25:34] bisheng_flags is:
      [2026-08-05 16:25:34] bisheng_flags is:
      [2026-08-05 16:25:34] bisheng_flags is:
      [2026-08-05 16:25:34] bisheng_flags is:
      [2026-08-05 16:25:34] bisheng_flags is:
      [2026-08-05 16:25:34] bisheng_flags is:
      [2026-08-05 16:25:34] bisheng_flags is:
      [2026-08-05 16:25:34] bisheng_flags is:
      [2026-08-05 16:25:34] bisheng_flags is:
      [2026-08-05 16:25:34] bisheng_flags is:
      [2026-08-05 16:25:34] bisheng_flags is:
      [2026-08-05 16:25:34] bisheng_flags is:
      [2026-08-05 16:25:34] bisheng_flags is:
      [2026-08-05 16:25:34] bisheng_flags is:
      [2026-08-05 16:25:34] bisheng_flags is:
      [2026-08-05 16:25:34] bisheng_flags is:
      [2026-08-05 16:25:34] bisheng_flags is:
      [2026-08-05 16:25:34] bisheng_flags is:
      [2026-08-05 16:25:34] [ 55%] Built target generate_compile_cmd_ascend910_93
      [2026-08-05 16:25:34] [ 55%] Linking CXX shared library ../../../liboptiling.so
      [2026-08-05 16:25:34] [ 55%] Built target optiling
      [2026-08-05 16:25:34] -- Generating done
      [2026-08-05 16:25:34] -- Build files have been written to: /home/liz23/flash-linear-attention-npu/build/ascend_protobuf_build_transformer-prefix/src/ascend_protobuf_build_transformer-build
      [2026-08-05 16:25:34] [ 55%] Performing build step for 'ascend_protobuf_build_transformer'
      [2026-08-05 16:25:34] [  1%] Building CXX object third_party/abseil-cpp/absl/base/CMakeFiles/log_severity.dir/log_severity.cc.o
      [2026-08-05 16:25:34] [  1%] Building CXX object third_party/abseil-cpp/absl/debugging/CMakeFiles/leak_check.dir/leak_check.cc.o
      [2026-08-05 16:25:34] [  1%] Building CXX object third_party/abseil-cpp/absl/time/CMakeFiles/civil_time.dir/internal/cctz/src/civil_time_detail.cc.o
      [2026-08-05 16:25:34] [  1%] Building CXX object third_party/abseil-cpp/absl/time/CMakeFiles/time_zone.dir/internal/cctz/src/time_zone_fixed.cc.o
      [2026-08-05 16:25:34] [  1%] Building CXX object third_party/abseil-cpp/absl/profiling/CMakeFiles/exponential_biased.dir/internal/exponential_biased.cc.o
      [2026-08-05 16:25:34] [  2%] Building CXX object third_party/abseil-cpp/absl/time/CMakeFiles/time_zone.dir/internal/cctz/src/time_zone_format.cc.o
      [2026-08-05 16:25:34] [  2%] Building CXX object third_party/abseil-cpp/absl/time/CMakeFiles/time_zone.dir/internal/cctz/src/time_zone_if.cc.o
      [2026-08-05 16:25:34] [  2%] Building CXX object third_party/abseil-cpp/absl/time/CMakeFiles/time_zone.dir/internal/cctz/src/time_zone_libc.cc.o
      [2026-08-05 16:25:34] [  2%] Building CXX object third_pIn file included from /home/w00929470/check0801/ascend/cann-9.2.0/include/external/ge_common/api_error_codes.h:16,
                       from /home/w00929470/check0801/ascend/cann-9.2.0/include/exe_graph/runtime/continuous_vector.h:20,
                       from /home/w00929470/check0801/ascend/cann-9.2.0/include/exe_graph/runtime/runtime_attrs.h:16,
                       from /home/w00929470/check0801/ascend/cann-9.2.0/include/exe_graph/runtime/infer_shape_context.h:16,
                       from /home/w00929470/check0801/ascend/cann-9.2.0/include/register/op_impl_registry.h:19,
                       from /home/liz23/flash-linear-attention-npu/build/autogen/causal_conv1d_bwd_proto.h:5,
                       from /home/liz23/flash-linear-attention-npu/build/autogen/causal_conv1d_bwd_proto.cpp:1:
      /home/w00929470/check0801/ascend/cann-9.2.0/include/external/ge_common/ge_error_codes.h:15:122: note: ‘#pragma message: Warning: ge_error_codes.h is deprecated and will be removed after 2027-06. Include "graph/error_codes.h" instead.’
         15 |     "Warning: ge_error_codes.h is deprecated and will be removed after 2027-06. Include \"graph/error_codes.h\" instead.")
            |                                                                                                                          ^
      In file included from /home/w00929470/check0801/ascend/cann-9.2.0/include/external/ge_common/api_error_codes.h:17,
                       from /home/w00929470/check0801/ascend/cann-9.2.0/include/exe_graph/runtime/continuous_vector.h:20,
                       from /home/w00929470/check0801/ascend/cann-9.2.0/include/exe_graph/runtime/runtime_attrs.h:16,
                       from /home/w00929470/check0801/ascend/cann-9.2.0/include/exe_graph/runtime/infer_shape_context.h:16,
                       from /home/w00929470/check0801/ascend/cann-9.2.0/include/register/op_impl_registry.h:19,
                       from /home/liz23/flash-linear-attention-npu/build/autogen/causal_conv1d_bwd_proto.h:5,
                       from /home/liz23/flash-linear-attention-npu/build/autogen/causal_conv1d_bwd_proto.cpp:1:
      /home/w00929470/check0801/ascend/cann-9.2.0/include/external/ge_common/ge_api_types.h:15:122: note: ‘#pragma message: Warning: ge_api_types.h is deprecated and will be removed after 2027-06. Include "ge_common_api_types.h" instead.’
         15 |     "Warning: ge_api_types.h is deprecated and will be removed after 2027-06. Include \"ge_common_api_types.h\" instead.")
            |                                                                                                                          ^
      In file included from /home/w00929470/check0801/ascend/cann-9.2.0/include/external/ge_common/api_error_codes.h:16,
                       from /home/w00929470/check0801/ascend/cann-9.2.0/include/exe_graph/runtime/continuous_vector.h:20,
                       from /home/w00929470/check0801/ascend/cann-9.2.0/include/exe_graph/runtime/runtime_attrs.h:16,
                       from /home/w00929470/check0801/ascend/cann-9.2.0/include/exe_graph/runtime/infer_shape_context.h:16,
                       from /home/w00929470/check0801/ascend/cann-9.2.0/include/register/op_impl_registry.h:19,
                       from /home/liz23/flash-linear-attention-npu/build/autogen/chunk_scaled_dot_kkt_proto.h:5,
                       from /home/liz23/flash-linear-attention-npu/build/autogen/chunk_scaled_dot_kkt_proto.cpp:1:
      /home/w00929470/check0801/ascend/cann-9.2.0/include/external/ge_common/ge_error_codes.h:15:122: note: ‘#pragma message: Warning: ge_error_codes.h is deprecated and will be removed after 2027-06. Include "graph/error_codes.h" instead.’
         15 |     "Warning: ge_error_codes.h is deprecated and will be removed after 2027-06. Include \"graph/error_codes.h\" instead.")
            |                                                                                                                          ^
      In file included from /home/w00929470/check0801/ascend/cann-9.2.0/include/external/ge_common/api_error_codes.h:17,
                       from /home/w00929470/check0801/ascend/cann-9.2.0/include/exe_graph/runtime/continuous_vector.h:20,
                       from /home/w00929470/check0801/ascend/cann-9.2.0/include/exe_graph/runtime/runtime_attrs.h:16,
                       from /home/w00929470/check0801/ascend/cann-9.2.0/include/exe_graph/runtime/infer_shape_context.h:16,
                       from /home/w00929470/check0801/ascend/cann-9.2.0/include/register/op_impl_registry.h:19,
                       from /home/liz23/flash-linear-attention-npu/build/autogen/chunk_scaled_dot_kkt_proto.h:5,
                       from /home/liz23/flash-linear-attention-npu/build/autogen/chunk_scaled_dot_kkt_proto.cpp:1:
      /home/w00929470/check0801/ascend/cann-9.2.0/include/external/ge_common/ge_api_types.h:15:122: note: ‘#pragma message: Warning: ge_api_types.h is deprecated and will be removed after 2027-06. Include "ge_common_api_types.h" instead.’
         15 |     "Warning: ge_api_types.h is deprecated and will be removed after 2027-06. Include \"ge_common_api_types.h\" instead.")
            |                                                                                                                          ^
      In file included from /home/w00929470/check0801/ascend/cann-9.2.0/include/external/ge_common/api_error_codes.h:16,
                       from /home/w00929470/check0801/ascend/cann-9.2.0/include/exe_graph/runtime/continuous_vector.h:20,
                       from /home/w00929470/check0801/ascend/cann-9.2.0/include/exe_graph/runtime/runtime_attrs.h:16,
                       from /home/w00929470/check0801/ascend/cann-9.2.0/include/exe_graph/runtime/infer_shape_context.h:16,
                       from /home/w00929470/check0801/ascend/cann-9.2.0/include/register/op_impl_registry.h:19,
                       from /home/liz23/flash-linear-attention-npu/build/autogen/exc/chunk_local_cumsum_proto.h:5,
                       from /home/liz23/flash-linear-attention-npu/build/autogen/exc/chunk_local_cumsum_proto.cpp:1:
      /home/w00929470/check0801/ascend/cann-9.2.0/include/external/ge_common/ge_error_codes.h:15:122: note: ‘#pragma message: Warning: ge_error_codes.h is deprecated and will be removed after 2027-06. Include "graph/error_codes.h" instead.’
         15 |     "Warning: ge_error_codes.h is deprecated and will be removed after 2027-06. Include \"graph/error_codes.h\" instead.")
            |                                                                                                                          ^
      In file included from /home/w00929470/check0801/ascend/cann-9.2.0/include/external/ge_common/api_error_codes.h:17,
                       from /home/w00929470/check0801/ascend/cann-9.2.0/include/exe_graph/runtime/continuous_vector.h:20,
                       from /home/w00929470/check0801/ascend/cann-9.2.0/include/exe_graph/runtime/runtime_attrs.h:16,
                       from /home/w00929470/check0801/ascend/cann-9.2.0/include/exe_graph/runtime/infer_shape_context.h:16,
                       from /home/w00929470/check0801/ascend/cann-9.2.0/include/register/op_impl_registry.h:19,
                       from /home/liz23/flash-linear-attention-npu/build/autogen/exc/chunk_local_cumsum_proto.h:5,
                       from /home/liz23/flash-linear-attention-npu/build/autogen/exc/chunk_local_cumsum_proto.cpp:1:
      /home/w00929470/check0801/ascend/cann-9.2.0/include/external/ge_common/ge_api_types.h:15:122: note: ‘#pragma message: Warning: ge_api_types.h is deprecated and will be removed after 2027-06. Include "ge_common_api_types.h" instead.’
         15 |     "Warning: ge_api_types.h is deprecated and will be removed after 2027-06. Include \"ge_common_api_types.h\" instead.")
            |                                                                                                                          ^
      In file included from /home/w00929470/check0801/ascend/cann-9.2.0/include/external/ge_common/api_error_codes.h:16,
                       from /home/w00929470/check0801/ascend/cann-9.2.0/include/exe_graph/runtime/continuous_vector.h:20,
                       from /home/w00929470/check0801/ascend/cann-9.2.0/include/exe_graph/runtime/runtime_attrs.h:16,
                       from /home/w00929470/check0801/ascend/cann-9.2.0/include/exe_graph/runtime/infer_shape_context.h:16,
                       from /home/w00929470/check0801/ascend/cann-9.2.0/include/register/op_impl_registry.h:19,
                       from /home/liz23/flash-linear-attention-npu/build/autogen/exc/chunk_bwd_dv_local_proto.h:5,
                       from /home/liz23/flash-linear-attention-npu/build/autogen/exc/chunk_bwd_dv_local_proto.cpp:1:
      /home/w00929470/check0801/ascend/cann-9.2.0/include/external/ge_common/ge_error_codes.h:15:122: note: ‘#pragma message: Warning: ge_error_codes.h is deprecated and will be removed after 2027-06. Include "graph/error_codes.h" instead.’
         15 |     "Warning: ge_error_codes.h is deprecated and will be removed after 2027-06. Include \"graph/error_codes.h\" instead.")
            |                                                                                                                          ^
      In file included from /home/w00929470/check0801/ascend/cann-9.2.0/include/external/ge_common/api_error_codes.h:17,
                       from /home/w00929470/check0801/ascend/cann-9.2.0/include/exe_graph/runtime/continuous_vector.h:20,
                       from /home/w00929470/check0801/ascend/cann-9.2.0/include/exe_graph/runtime/runtime_attrs.h:16,
                       from /home/w00929470/check0801/ascend/cann-9.2.0/include/exe_graph/runtime/infer_shape_context.h:16,
                       from /home/w00929470/check0801/ascend/cann-9.2.0/include/register/op_impl_registry.h:19,
                       from /home/liz23/flash-linear-attention-npu/build/autogen/exc/chunk_bwd_dv_local_proto.h:5,
                       from /home/liz23/flash-linear-attention-npu/build/autogen/exc/chunk_bwd_dv_local_proto.cpp:1:
      /home/w00929470/check0801/ascend/cann-9.2.0/include/external/ge_common/ge_api_types.h:15:122: note: ‘#pragma message: Warning: ge_api_types.h is deprecated and will be removed after 2027-06. Include "ge_common_api_types.h" instead.’
         15 |     "Warning: ge_api_types.h is deprecated and will be removed after 2027-06. Include \"ge_common_api_types.h\" instead.")
            |                                                                                                                          ^
      In file included from /home/w00929470/check0801/ascend/cann-9.2.0/include/external/ge_common/api_error_codes.h:16,
                       from /home/w00929470/check0801/ascend/cann-9.2.0/include/exe_graph/runtime/continuous_vector.h:20,
                       from /home/w00929470/check0801/ascend/cann-9.2.0/include/exe_graph/runtime/runtime_attrs.h:16,
                       from /home/w00929470/check0801/ascend/cann-9.2.0/include/exe_graph/runtime/infer_shape_context.h:16,
                       from /home/w00929470/check0801/ascend/cann-9.2.0/include/register/op_impl_registry.h:19,
                       from /home/liz23/flash-linear-attention-npu/build/autogen/exc/chunk_gated_delta_rule_fwd_h_proto.h:5,
                       from /home/liz23/flash-linear-attention-npu/build/autogen/exc/chunk_gated_delta_rule_fwd_h_proto.cpp:1:
      /home/w00929470/check0801/ascend/cann-9.2.0/include/external/ge_common/ge_error_codes.h:15:122: note: ‘#pragma message: Warning: ge_error_codes.h is deprecated and will be removed after 2027-06. Include "graph/error_codes.h" instead.’
         15 |     "Warning: ge_error_codes.h is deprecated and will be removed after 2027-06. Include \"graph/error_codes.h\" instead.")
            |                                                                                                                          ^
      In file included from /home/w00929470/check0801/ascend/cann-9.2.0/include/external/ge_common/api_error_codes.h:17,
                       from /home/w00929470/check0801/ascend/cann-9.2.0/include/exe_graph/runtime/continuous_vector.h:20,
                       from /home/w00929470/check0801/ascend/cann-9.2.0/include/exe_graph/runtime/runtime_attrs.h:16,
                       from /home/w00929470/check0801/ascend/cann-9.2.0/include/exe_graph/runtime/infer_shape_context.h:16,
                       from /home/w00929470/check0801/ascend/cann-9.2.0/include/register/op_impl_registry.h:19,
                       from /home/liz23/flash-linear-attention-npu/build/autogen/exc/chunk_gated_delta_rule_fwd_h_proto.h:5,
                       from /home/liz23/flash-linear-attention-npu/build/autogen/exc/chunk_gated_delta_rule_fwd_h_proto.cpp:1:
      /home/w00929470/check0801/ascend/cann-9.2.0/include/external/ge_common/ge_api_types.h:15:122: note: ‘#pragma message: Warning: ge_api_types.h is deprecated and will be removed after 2027-06. Include "ge_common_api_types.h" instead.’
         15 |     "Warning: ge_api_types.h is deprecated and will be removed after 2027-06. Include \"ge_common_api_types.h\" instead.")
            |                                                                                                                          ^
      In file included from /home/w00929470/check0801/ascend/cann-9.2.0/include/external/ge_common/api_error_codes.h:16,
                       from /home/w00929470/check0801/ascend/cann-9.2.0/include/exe_graph/runtime/continuous_vector.h:20,
                       from /home/w00929470/check0801/ascend/cann-9.2.0/include/exe_graph/runtime/runtime_attrs.h:16,
                       from /home/w00929470/check0801/ascend/cann-9.2.0/include/exe_graph/runtime/infer_shape_context.h:16,
                       from /home/w00929470/check0801/ascend/cann-9.2.0/include/register/op_impl_registry.h:19,
                       from /home/liz23/flash-linear-attention-npu/build/autogen/exc/recurrent_gated_delta_rule_proto.h:5,
                       from /home/liz23/flash-linear-attention-npu/build/autogen/exc/recurrent_gated_delta_rule_proto.cpp:1:
      /home/w00929470/check0801/ascend/cann-9.2.0/include/external/ge_common/ge_error_codes.h:15:122: note: ‘#pragma message: Warning: ge_error_codes.h is deprecated and will be removed after 2027-06. Include "graph/error_codes.h" instead.’
         15 |     "Warning: ge_error_codes.h is deprecated and will be removed after 2027-06. Include \"graph/error_codes.h\" instead.")
            |                                                                                                                          ^
      In file included from /home/w00929470/check0801/ascend/cann-9.2.0/include/external/ge_common/api_error_codes.h:17,
                       from /home/w00929470/check0801/ascend/cann-9.2.0/include/exe_graph/runtime/continuous_vector.h:20,
                       from /home/w00929470/check0801/ascend/cann-9.2.0/include/exe_graph/runtime/runtime_attrs.h:16,
                       from /home/w00929470/check0801/ascend/cann-9.2.0/include/exe_graph/runtime/infer_shape_context.h:16,
                       from /home/w00929470/check0801/ascend/cann-9.2.0/include/register/op_impl_registry.h:19,
                       from /home/liz23/flash-linear-attention-npu/build/autogen/exc/recurrent_gated_delta_rule_proto.h:5,
                       from /home/liz23/flash-linear-attention-npu/build/autogen/exc/recurrent_gated_delta_rule_proto.cpp:1:
      /home/w00929470/check0801/ascend/cann-9.2.0/include/external/ge_common/ge_api_types.h:15:122: note: ‘#pragma message: Warning: ge_api_types.h is deprecated and will be removed after 2027-06. Include "ge_common_api_types.h" instead.’
         15 |     "Warning: ge_api_types.h is deprecated and will be removed after 2027-06. Include \"ge_common_api_types.h\" instead.")
            |                                                                                                                          ^
      In file included from /home/w00929470/check0801/ascend/cann-9.2.0/include/external/ge_common/api_error_codes.h:16,
                       from /home/w00929470/check0801/ascend/cann-9.2.0/include/exe_graph/runtime/continuous_vector.h:20,
                       from /home/w00929470/check0801/ascend/cann-9.2.0/include/exe_graph/runtime/runtime_attrs.h:16,
                       from /home/w00929470/check0801/ascend/cann-9.2.0/include/exe_graph/runtime/infer_shape_context.h:16,
                       from /home/w00929470/check0801/ascend/cann-9.2.0/include/register/op_impl_registry.h:19,
                       from /home/liz23/flash-linear-attention-npu/build/autogen/exc/chunk_gated_delta_rule_bwd_dhu_proto.h:5,
                       from /home/liz23/flash-linear-attention-npu/build/autogen/exc/chunk_gated_delta_rule_bwd_dhu_proto.cpp:1:
      /home/w00929470/check0801/ascend/cann-9.2.0/include/external/ge_common/ge_error_codes.h:15:122: note: ‘#pragma message: Warning: ge_error_codes.h is deprecated and will be removed after 2027-06. Include "graph/error_codes.h" instead.’
         15 |     "Warning: ge_error_codes.h is deprecated and will be removed after 2027-06. Include \"graph/error_codes.h\" instead.")
            |                                                                                                                          ^
      In file included from /home/w00929470/check0801/ascend/cann-9.2.0/include/external/ge_common/api_error_codes.h:17,
                       from /home/w00929470/check0801/ascend/cann-9.2.0/include/exe_graph/runtime/continuous_vector.h:20,
                       from /home/w00929470/check0801/ascend/cann-9.2.0/include/exe_graph/runtime/runtime_attrs.h:16,
                       from /home/w00929470/check0801/ascend/cann-9.2.0/include/exe_graph/runtime/infer_shape_context.h:16,
                       from /home/w00929470/check0801/ascend/cann-9.2.0/include/register/op_impl_registry.h:19,
                       from /home/liz23/flash-linear-attention-npu/build/autogen/exc/chunk_gated_delta_rule_bwd_dhu_proto.h:5,
                       from /home/liz23/flash-linear-attention-npu/build/autogen/exc/chunk_gated_delta_rule_bwd_dhu_proto.cpp:1:
      /home/w00929470/check0801/ascend/cann-9.2.0/include/external/ge_common/ge_api_types.h:15:122: note: ‘#pragma message: Warning: ge_api_types.h is deprecated and will be removed after 2027-06. Include "ge_common_api_types.h" instead.’
         15 |     "Warning: ge_api_types.h is deprecated and will be removed after 2027-06. Include \"ge_common_api_types.h\" instead.")
            |                                                                                                                          ^
      In file included from /home/w00929470/check0801/ascend/cann-9.2.0/include/external/ge_common/api_error_codes.h:16,
                       from /home/w00929470/check0801/ascend/cann-9.2.0/include/exe_graph/runtime/continuous_vector.h:20,
                       from /home/w00929470/check0801/ascend/cann-9.2.0/include/exe_graph/runtime/runtime_attrs.h:16,
                       from /home/w00929470/check0801/ascend/cann-9.2.0/include/exe_graph/runtime/infer_shape_context.h:16,
                       from /home/w00929470/check0801/ascend/cann-9.2.0/include/register/op_impl_registry.h:19,
                       from /home/liz23/flash-linear-attention-npu/build/autogen/exc/solve_tri_proto.h:5,
                       from /home/liz23/flash-linear-attention-npu/build/autogen/exc/solve_tri_proto.cpp:1:
      /home/w00929470/check0801/ascend/cann-9.2.0/include/external/ge_common/ge_error_codes.h:15:122: note: ‘#pragma message: Warning: ge_error_codes.h is deprecated and will be removed after 2027-06. Include "graph/error_codes.h" instead.’
         15 |     "Warning: ge_error_codes.h is deprecated and will be removed after 2027-06. Include \"graph/error_codes.h\" instead.")
            |                                                                                                                          ^
      In file included from /home/w00929470/check0801/ascend/cann-9.2.0/include/external/ge_common/api_error_codes.h:17,
                       from /home/w00929470/check0801/ascend/cann-9.2.0/include/exe_graph/runtime/continuous_vector.h:20,
                       from /home/w00929470/check0801/ascend/cann-9.2.0/include/exe_graph/runtime/runtime_attrs.h:16,
                       from /home/w00929470/check0801/ascend/cann-9.2.0/include/exe_graph/runtime/infer_shape_context.h:16,
                       from /home/w00929470/check0801/ascend/cann-9.2.0/include/register/op_impl_registry.h:19,
                       from /home/liz23/flash-linear-attention-npu/build/autogen/exc/solve_tri_proto.h:5,
                       from /home/liz23/flash-linear-attention-npu/build/autogen/exc/solve_tri_proto.cpp:1:
      /home/w00929470/check0801/ascend/cann-9.2.0/include/external/ge_common/ge_api_types.h:15:122: note: ‘#pragma message: Warning: ge_api_types.h is deprecated and will be removed after 2027-06. Include "ge_common_api_types.h" instead.’
         15 |     "Warning: ge_api_types.h is deprecated and will be removed after 2027-06. Include \"ge_common_api_types.h\" instead.")
            |                                                                                                                          ^
      In file included from /home/w00929470/check0801/ascend/cann-9.2.0/include/external/ge_common/api_error_codes.h:16,
                       from /home/w00929470/check0801/ascend/cann-9.2.0/include/exe_graph/runtime/continuous_vector.h:20,
                       from /home/w00929470/check0801/ascend/cann-9.2.0/include/exe_graph/runtime/runtime_attrs.h:16,
                       from /home/w00929470/check0801/ascend/cann-9.2.0/include/exe_graph/runtime/infer_shape_context.h:16,
                       from /home/w00929470/check0801/ascend/cann-9.2.0/include/register/op_impl_registry.h:19,
                       from /home/liz23/flash-linear-attention-npu/build/autogen/exc/recompute_wu_fwd_proto.h:5,
                       from /home/liz23/flash-linear-attention-npu/build/autogen/exc/recompute_wu_fwd_proto.cpp:1:
      /home/w00929470/check0801/ascend/cann-9.2.0/include/external/ge_common/ge_error_codes.h:15:122: note: ‘#pragma message: Warning: ge_error_codes.h is deprecated and will be removed after 2027-06. Include "graph/error_codes.h" instead.’
         15 |     "Warning: ge_error_codes.h is deprecated and will be removed after 2027-06. Include \"graph/error_codes.h\" instead.")
            |                                                                                                                          ^
      In file included from /home/w00929470/check0801/ascend/cann-9.2.0/include/external/ge_common/api_error_codes.h:17,
                       from /home/w00929470/check0801/ascend/cann-9.2.0/include/exe_graph/runtime/continuous_vector.h:20,
                       from /home/w00929470/check0801/ascend/cann-9.2.0/include/exe_graph/runtime/runtime_attrs.h:16,
                       from /home/w00929470/check0801/ascend/cann-9.2.0/include/exe_graph/runtime/infer_shape_context.h:16,
                       from /home/w00929470/check0801/ascend/cann-9.2.0/include/register/op_impl_registry.h:19,
                       from /home/liz23/flash-linear-attention-npu/build/autogen/exc/recompute_wu_fwd_proto.h:5,
                       from /home/liz23/flash-linear-attention-npu/build/autogen/exc/recompute_wu_fwd_proto.cpp:1:
      /home/w00929470/check0801/ascend/cann-9.2.0/include/external/ge_common/ge_api_types.h:15:122: note: ‘#pragma message: Warning: ge_api_types.h is deprecated and will be removed after 2027-06. Include "ge_common_api_types.h" instead.’
         15 |     "Warning: ge_api_types.h is deprecated and will be removed after 2027-06. Include \"ge_common_api_types.h\" instead.")
            |                                                                                                                          ^
      In file included from /home/w00929470/check0801/ascend/cann-9.2.0/include/external/ge_common/api_error_codes.h:16,
                       from /home/w00929470/check0801/ascend/cann-9.2.0/include/exe_graph/runtime/continuous_vector.h:20,
                       from /home/w00929470/check0801/ascend/cann-9.2.0/include/exe_graph/runtime/runtime_attrs.h:16,
                       from /home/w00929470/check0801/ascend/cann-9.2.0/include/exe_graph/runtime/infer_shape_context.h:16,
                       from /home/w00929470/check0801/ascend/cann-9.2.0/include/register/op_impl_registry.h:19,
                       from /home/liz23/flash-linear-attention-npu/build/autogen/exc/kda_gate_cumsum_proto.h:5,
                       from /home/liz23/flash-linear-attention-npu/build/autogen/exc/kda_gate_cumsum_proto.cpp:1:
      /home/w00929470/check0801/ascend/cann-9.2.0/include/external/ge_common/ge_error_codes.h:15:122: note: ‘#pragma message: Warning: ge_error_codes.h is deprecated and will be removed after 2027-06. Include "graph/error_codes.h" instead.’
         15 |     "Warning: ge_error_codes.h is deprecated and will be removed after 2027-06. Include \"graph/error_codes.h\" instead.")
            |                                                                                                                          ^
      In file included from /home/w00929470/check0801/ascend/cann-9.2.0/include/external/ge_common/api_error_codes.h:17,
                       from /home/w00929470/check0801/ascend/cann-9.2.0/include/exe_graph/runtime/continuous_vector.h:20,
                       from /home/w00929470/check0801/ascend/cann-9.2.0/include/exe_graph/runtime/runtime_attrs.h:16,
                       from /home/w00929470/check0801/ascend/cann-9.2.0/include/exe_graph/runtime/infer_shape_context.h:16,
                       from /home/w00929470/check0801/ascend/cann-9.2.0/include/register/op_impl_registry.h:19,
                       from /home/liz23/flash-linear-attention-npu/build/autogen/exc/kda_gate_cumsum_proto.h:5,
                       from /home/liz23/flash-linear-attention-npu/build/autogen/exc/kda_gate_cumsum_proto.cpp:1:
      /home/w00929470/check0801/ascend/cann-9.2.0/include/external/ge_common/ge_api_types.h:15:122: note: ‘#pragma message: Warning: ge_api_types.h is deprecated and will be removed after 2027-06. Include "ge_common_api_types.h" instead.’
         15 |     "Warning: ge_api_types.h is deprecated and will be removed after 2027-06. Include \"ge_common_api_types.h\" instead.")
            |                                                                                                                          ^
      In file included from /home/w00929470/check0801/ascend/cann-9.2.0/include/external/ge_common/api_error_codes.h:16,
                       from /home/w00929470/check0801/ascend/cann-9.2.0/include/exe_graph/runtime/continuous_vector.h:20,
                       from /home/w00929470/check0801/ascend/cann-9.2.0/include/exe_graph/runtime/runtime_attrs.h:16,
                       from /home/w00929470/check0801/ascend/cann-9.2.0/include/exe_graph/runtime/infer_shape_context.h:16,
                       from /home/w00929470/check0801/ascend/cann-9.2.0/include/register/op_impl_registry.h:19,
                       from /home/liz23/flash-linear-attention-npu/build/autogen/exc/chunk_kda_bwd_intra_proto.h:5,
                       from /home/liz23/flash-linear-attention-npu/build/autogen/exc/chunk_kda_bwd_intra_proto.cpp:1:
      /home/w00929470/check0801/ascend/cann-9.2.0/include/external/ge_common/ge_error_codes.h:15:122: note: ‘#pragma message: Warning: ge_error_codes.h is deprecated and will be removed after 2027-06. Include "graph/error_codes.h" instead.’
         15 |     "Warning: ge_error_codes.h is deprecated and will be removed after 2027-06. Include \"graph/error_codes.h\" instead.")
            |                                                                                                                          ^
      In file included from /home/w00929470/check0801/ascend/cann-9.2.0/include/external/ge_common/api_error_codes.h:17,
                       from /home/w00929470/check0801/ascend/cann-9.2.0/include/exe_graph/runtime/continuous_vector.h:20,
                       from /home/w00929470/check0801/ascend/cann-9.2.0/include/exe_graph/runtime/runtime_attrs.h:16,
                       from /home/w00929470/check0801/ascend/cann-9.2.0/include/exe_graph/runtime/infer_shape_context.h:16,
                       from /home/w00929470/check0801/ascend/cann-9.2.0/include/register/op_impl_registry.h:19,
                       from /home/liz23/flash-linear-attention-npu/build/autogen/exc/chunk_kda_bwd_intra_proto.h:5,
                       from /home/liz23/flash-linear-attention-npu/build/autogen/exc/chunk_kda_bwd_intra_proto.cpp:1:
      /home/w00929470/check0801/ascend/cann-9.2.0/include/external/ge_common/ge_api_types.h:15:122: note: ‘#pragma message: Warning: ge_api_types.h is deprecated and will be removed after 2027-06. Include "ge_common_api_types.h" instead.’
         15 |     "Warning: ge_api_types.h is deprecated and will be removed after 2027-06. Include \"ge_common_api_types.h\" instead.")
            |                                                                                                                          ^
      In file included from /home/w00929470/check0801/ascend/cann-9.2.0/include/external/ge_common/api_error_codes.h:16,
                       from /home/w00929470/check0801/ascend/cann-9.2.0/include/exe_graph/runtime/continuous_vector.h:20,
                       from /home/w00929470/check0801/ascend/cann-9.2.0/include/exe_graph/runtime/runtime_attrs.h:16,
                       from /home/w00929470/check0801/ascend/cann-9.2.0/include/exe_graph/runtime/infer_shape_context.h:16,
                       from /home/w00929470/check0801/ascend/cann-9.2.0/include/register/op_impl_registry.h:19,
                       from /home/liz23/flash-linear-attention-npu/build/autogen/exc/chunk_kda_fwd_post_wu_proto.h:5,
                       from /home/liz23/flash-linear-attention-npu/build/autogen/exc/chunk_kda_fwd_post_wu_proto.cpp:1:
      /home/w00929470/check0801/ascend/cann-9.2.0/include/external/ge_common/ge_error_codes.h:15:122: note: ‘#pragma message: Warning: ge_error_codes.h is deprecated and will be removed after 2027-06. Include "graph/error_codes.h" instead.’
         15 |     "Warning: ge_error_codes.h is deprecated and will be removed after 2027-06. Include \"graph/error_codes.h\" instead.")
            |                                                                                                                          ^
      In file included from /home/w00929470/check0801/ascend/cann-9.2.0/include/external/ge_common/api_error_codes.h:17,
                       from /home/w00929470/check0801/ascend/cann-9.2.0/include/exe_graph/runtime/continuous_vector.h:20,
                       from /home/w00929470/check0801/ascend/cann-9.2.0/include/exe_graph/runtime/runtime_attrs.h:16,
                       from /home/w00929470/check0801/ascend/cann-9.2.0/include/exe_graph/runtime/infer_shape_context.h:16,
                       from /home/w00929470/check0801/ascend/cann-9.2.0/include/register/op_impl_registry.h:19,
                       from /home/liz23/flash-linear-attention-npu/build/autogen/exc/chunk_kda_fwd_post_wu_proto.h:5,
                       from /home/liz23/flash-linear-attention-npu/build/autogen/exc/chunk_kda_fwd_post_wu_proto.cpp:1:
      /home/w00929470/check0801/ascend/cann-9.2.0/include/external/ge_common/ge_api_types.h:15:122: note: ‘#pragma message: Warning: ge_api_types.h is deprecated and will be removed after 2027-06. Include "ge_common_api_types.h" instead.’
         15 |     "Warning: ge_api_types.h is deprecated and will be removed after 2027-06. Include \"ge_common_api_types.h\" instead.")
            |                                                                                                                          ^
      In file included from /home/w00929470/check0801/ascend/cann-9.2.0/include/external/ge_common/api_error_codes.h:16,
                       from /home/w00929470/check0801/ascend/cann-9.2.0/include/exe_graph/runtime/continuous_vector.h:20,
                       from /home/w00929470/check0801/ascend/cann-9.2.0/include/exe_graph/runtime/runtime_attrs.h:16,
                       from /home/w00929470/check0801/ascend/cann-9.2.0/include/exe_graph/runtime/infer_shape_context.h:16,
                       from /home/w00929470/check0801/ascend/cann-9.2.0/include/register/op_impl_registry.h:19,
                       from /home/liz23/flash-linear-attention-npu/build/autogen/exc/chunk_kda_fwd_prepare_proto.h:5,
                       from /home/liz23/flash-linear-attention-npu/build/autogen/exc/chunk_kda_fwd_prepare_proto.cpp:1:
      /home/w00929470/check0801/ascend/cann-9.2.0/include/external/ge_common/ge_error_codes.h:15:122: note: ‘#pragma message: Warning: ge_error_codes.h is deprecated and will be removed after 2027-06. Include "graph/error_codes.h" instead.’
         15 |     "Warning: ge_error_codes.h is deprecated and will be removed after 2027-06. Include \"graph/error_codes.h\" instead.")
            |                                                                                                                          ^
      In file included from /home/w00929470/check0801/ascend/cann-9.2.0/include/external/ge_common/api_error_codes.h:17,
                       from /home/w00929470/check0801/ascend/cann-9.2.0/include/exe_graph/runtime/continuous_vector.h:20,
                       from /home/w00929470/check0801/ascend/cann-9.2.0/include/exe_graph/runtime/runtime_attrs.h:16,
                       from /home/w00929470/check0801/ascend/cann-9.2.0/include/exe_graph/runtime/infer_shape_context.h:16,
                       from /home/w00929470/check0801/ascend/cann-9.2.0/include/register/op_impl_registry.h:19,
                       from /home/liz23/flash-linear-attention-npu/build/autogen/exc/chunk_kda_fwd_prepare_proto.h:5,
                       from /home/liz23/flash-linear-attention-npu/build/autogen/exc/chunk_kda_fwd_prepare_proto.cpp:1:
      /home/w00929470/check0801/ascend/cann-9.2.0/include/external/ge_common/ge_api_types.h:15:122: note: ‘#pragma message: Warning: ge_api_types.h is deprecated and will be removed after 2027-06. Include "ge_common_api_types.h" instead.’
         15 |     "Warning: ge_api_types.h is deprecated and will be removed after 2027-06. Include \"ge_common_api_types.h\" instead.")
            |                                                                                                                          ^
      In file included from /home/w00929470/check0801/ascend/cann-9.2.0/include/external/ge_common/api_error_codes.h:16,
                       from /home/w00929470/check0801/ascend/cann-9.2.0/include/exe_graph/runtime/continuous_vector.h:20,
                       from /home/w00929470/check0801/ascend/cann-9.2.0/include/exe_graph/runtime/runtime_attrs.h:16,
                       from /home/w00929470/check0801/ascend/cann-9.2.0/include/exe_graph/runtime/infer_shape_context.h:16,
                       from /home/w00929470/check0801/ascend/cann-9.2.0/include/register/op_impl_registry.h:19,
                       from /home/liz23/flash-linear-attention-npu/build/autogen/exc/chunk_kda_fwd_finalize_proto.h:5,
                       from /home/liz23/flash-linear-attention-npu/build/autogen/exc/chunk_kda_fwd_finalize_proto.cpp:1:
      /home/w00929470/check0801/ascend/cann-9.2.0/include/external/ge_common/ge_error_codes.h:15:122: note: ‘#pragma message: Warning: ge_error_codes.h is deprecated and will be removed after 2027-06. Include "graph/error_codes.h" instead.’
         15 |     "Warning: ge_error_codes.h is deprecated and will be removed after 2027-06. Include \"graph/error_codes.h\" instead.")
            |                                                                                                                          ^
      In file included from /home/w00929470/check0801/ascend/cann-9.2.0/include/external/ge_common/api_error_codes.h:17,
                       from /home/w00929470/check0801/ascend/cann-9.2.0/include/exe_graph/runtime/continuous_vector.h:20,
                       from /home/w00929470/check0801/ascend/cann-9.2.0/include/exe_graph/runtime/runtime_attrs.h:16,
                       from /home/w00929470/check0801/ascend/cann-9.2.0/include/exe_graph/runtime/infer_shape_context.h:16,
                       from /home/w00929470/check0801/ascend/cann-9.2.0/include/register/op_impl_registry.h:19,
                       from /home/liz23/flash-linear-attention-npu/build/autogen/exc/chunk_kda_fwd_finalize_proto.h:5,
                       from /home/liz23/flash-linear-attention-npu/build/autogen/exc/chunk_kda_fwd_finalize_proto.cpp:1:
      /home/w00929470/check0801/ascend/cann-9.2.0/include/external/ge_common/ge_api_types.h:15:122: note: ‘#pragma message: Warning: ge_api_types.h is deprecated and will be removed after 2027-06. Include "ge_common_api_types.h" instead.’
         15 |     "Warning: ge_api_types.h is deprecated and will be removed after 2027-06. Include \"ge_common_api_types.h\" instead.")
            |                                                                                                                          ^
      In file included from /home/w00929470/check0801/ascend/cann-9.2.0/include/external/ge_common/api_error_codes.h:16,
                       from /home/w00929470/check0801/ascend/cann-9.2.0/include/exe_graph/runtime/continuous_vector.h:20,
                       from /home/w00929470/check0801/ascend/cann-9.2.0/include/exe_graph/runtime/runtime_attrs.h:16,
                       from /home/w00929470/check0801/ascend/cann-9.2.0/include/exe_graph/runtime/infer_shape_context.h:16,
                       from /home/w00929470/check0801/ascend/cann-9.2.0/include/register/op_impl_registry.h:19,
                       from /home/liz23/flash-linear-attention-npu/build/autogen/exc/chunk_kda_fwd_proto.h:5,
                       from /home/liz23/flash-linear-attention-npu/build/autogen/exc/chunk_kda_fwd_proto.cpp:1:
      /home/w00929470/check0801/ascend/cann-9.2.0/include/external/ge_common/ge_error_codes.h:15:122: note: ‘#pragma message: Warning: ge_error_codes.h is deprecated and will be removed after 2027-06. Include "graph/error_codes.h" instead.’
         15 |     "Warning: ge_error_codes.h is deprecated and will be removed after 2027-06. Include \"graph/error_codes.h\" instead.")
            |                                                                                                                          ^
      In file included from /home/w00929470/check0801/ascend/cann-9.2.0/include/external/ge_common/api_error_codes.h:17,
                       from /home/w00929470/check0801/ascend/cann-9.2.0/include/exe_graph/runtime/continuous_vector.h:20,
                       from /home/w00929470/check0801/ascend/cann-9.2.0/include/exe_graph/runtime/runtime_attrs.h:16,
                       from /home/w00929470/check0801/ascend/cann-9.2.0/include/exe_graph/runtime/infer_shape_context.h:16,
                       from /home/w00929470/check0801/ascend/cann-9.2.0/include/register/op_impl_registry.h:19,
                       from /home/liz23/flash-linear-attention-npu/build/autogen/exc/chunk_kda_fwd_proto.h:5,
                       from /home/liz23/flash-linear-attention-npu/build/autogen/exc/chunk_kda_fwd_proto.cpp:1:
      /home/w00929470/check0801/ascend/cann-9.2.0/include/external/ge_common/ge_api_types.h:15:122: note: ‘#pragma message: Warning: ge_api_types.h is deprecated and will be removed after 2027-06. Include "ge_common_api_types.h" instead.’
         15 |     "Warning: ge_api_types.h is deprecated and will be removed after 2027-06. Include \"ge_common_api_types.h\" instead.")
            |                                                                                                                          ^
      In file included from /home/w00929470/check0801/ascend/cann-9.2.0/include/external/ge_common/api_error_codes.h:16,
                       from /home/w00929470/check0801/ascend/cann-9.2.0/include/exe_graph/runtime/continuous_vector.h:20,
                       from /home/w00929470/check0801/ascend/cann-9.2.0/include/exe_graph/runtime/runtime_attrs.h:16,
                       from /home/w00929470/check0801/ascend/cann-9.2.0/include/exe_graph/runtime/infer_shape_context.h:16,
                       from /home/w00929470/check0801/ascend/cann-9.2.0/include/register/op_impl_registry.h:19,
                       from /home/liz23/flash-linear-attention-npu/build/autogen/exc/chunk_fwd_o_proto.h:5,
                       from /home/liz23/flash-linear-attention-npu/build/autogen/exc/chunk_fwd_o_proto.cpp:1:
      /home/w00929470/check0801/ascend/cann-9.2.0/include/external/ge_common/ge_error_codes.h:15:122: note: ‘#pragma message: Warning: ge_error_codes.h is deprecated and will be removed after 2027-06. Include "graph/error_codes.h" instead.’
         15 |     "Warning: ge_error_codes.h is deprecated and will be removed after 2027-06. Include \"graph/error_codes.h\" instead.")
            |                                                                                                                          ^
      In file included from /home/w00929470/check0801/ascend/cann-9.2.0/include/external/ge_common/api_error_codes.h:17,
                       from /home/w00929470/check0801/ascend/cann-9.2.0/include/exe_graph/runtime/continuous_vector.h:20,
                       from /home/w00929470/check0801/ascend/cann-9.2.0/include/exe_graph/runtime/runtime_attrs.h:16,
                       from /home/w00929470/check0801/ascend/cann-9.2.0/include/exe_graph/runtime/infer_shape_context.h:16,
                       from /home/w00929470/check0801/ascend/cann-9.2.0/include/register/op_impl_registry.h:19,
                       from /home/liz23/flash-linear-attention-npu/build/autogen/exc/chunk_fwd_o_proto.h:5,
                       from /home/liz23/flash-linear-attention-npu/build/autogen/exc/chunk_fwd_o_proto.cpp:1:
      /home/w00929470/check0801/ascend/cann-9.2.0/include/external/ge_common/ge_api_types.h:15:122: note: ‘#pragma message: Warning: ge_api_types.h is deprecated and will be removed after 2027-06. Include "ge_common_api_types.h" instead.’
         15 |     "Warning: ge_api_types.h is deprecated and will be removed after 2027-06. Include \"ge_common_api_types.h\" instead.")
            |                                                                                                                          ^
      In file included from /home/w00929470/check0801/ascend/cann-9.2.0/include/external/ge_common/api_error_codes.h:16,
                       from /home/w00929470/check0801/ascend/cann-9.2.0/include/exe_graph/runtime/continuous_vector.h:20,
                       from /home/w00929470/check0801/ascend/cann-9.2.0/include/exe_graph/runtime/runtime_attrs.h:16,
                       from /home/w00929470/check0801/ascend/cann-9.2.0/include/exe_graph/runtime/infer_shape_context.h:16,
                       from /home/w00929470/check0801/ascend/cann-9.2.0/include/register/op_impl_registry.h:19,
                       from /home/liz23/flash-linear-attention-npu/build/autogen/exc/chunk_bwd_dqkwg_proto.h:5,
                       from /home/liz23/flash-linear-attention-npu/build/autogen/exc/chunk_bwd_dqkwg_proto.cpp:1:
      /home/w00929470/check0801/ascend/cann-9.2.0/include/external/ge_common/ge_error_codes.h:15:122: note: ‘#pragma message: Warning: ge_error_codes.h is deprecated and will be removed after 2027-06. Include "graph/error_codes.h" instead.’
         15 |     "Warning: ge_error_codes.h is deprecated and will be removed after 2027-06. Include \"graph/error_codes.h\" instead.")
            |                                                                                                                          ^
      In file included from /home/w00929470/check0801/ascend/cann-9.2.0/include/external/ge_common/api_error_codes.h:17,
                       from /home/w00929470/check0801/ascend/cann-9.2.0/include/exe_graph/runtime/continuous_vector.h:20,
                       from /home/w00929470/check0801/ascend/cann-9.2.0/include/exe_graph/runtime/runtime_attrs.h:16,
                       from /home/w00929470/check0801/ascend/cann-9.2.0/include/exe_graph/runtime/infer_shape_context.h:16,
                       from /home/w00929470/check0801/ascend/cann-9.2.0/include/register/op_impl_registry.h:19,
                       from /home/liz23/flash-linear-attention-npu/build/autogen/exc/chunk_bwd_dqkwg_proto.h:5,
                       from /home/liz23/flash-linear-attention-npu/build/autogen/exc/chunk_bwd_dqkwg_proto.cpp:1:
      /home/w00929470/check0801/ascend/cann-9.2.0/include/external/ge_common/ge_api_types.h:15:122: note: ‘#pragma message: Warning: ge_api_types.h is deprecated and will be removed after 2027-06. Include "ge_common_api_types.h" instead.’
         15 |     "Warning: ge_api_types.h is deprecated and will be removed after 2027-06. Include \"ge_common_api_types.h\" instead.")
            |                                                                                                                          ^
      In file included from /home/w00929470/check0801/ascend/cann-9.2.0/include/external/ge_common/api_error_codes.h:16,
                       from /home/w00929470/check0801/ascend/cann-9.2.0/include/exe_graph/runtime/continuous_vector.h:20,
                       from /home/w00929470/check0801/ascend/cann-9.2.0/include/exe_graph/runtime/runtime_attrs.h:16,
                       from /home/w00929470/check0801/ascend/cann-9.2.0/include/exe_graph/runtime/infer_shape_context.h:16,
                       from /home/w00929470/check0801/ascend/cann-9.2.0/include/register/op_impl_registry.h:19,
                       from /home/liz23/flash-linear-attention-npu/build/autogen/exc/prepare_wy_repr_bwd_da_proto.h:5,
                       from /home/liz23/flash-linear-attention-npu/build/autogen/exc/prepare_wy_repr_bwd_da_proto.cpp:1:
      /home/w00929470/check0801/ascend/cann-9.2.0/include/external/ge_common/ge_error_codes.h:15:122: note: ‘#pragma message: Warning: ge_error_codes.h is deprecated and will be removed after 2027-06. Include "graph/error_codes.h" instead.’
         15 |     "Warning: ge_error_codes.h is deprecated and will be removed after 2027-06. Include \"graph/error_codes.h\" instead.")
            |                                                                                                                          ^
      In file included from /home/w00929470/check0801/ascend/cann-9.2.0/include/external/ge_common/api_error_codes.h:17,
                       from /home/w00929470/check0801/ascend/cann-9.2.0/include/exe_graph/runtime/continuous_vector.h:20,
                       from /home/w00929470/check0801/ascend/cann-9.2.0/include/exe_graph/runtime/runtime_attrs.h:16,
                       from /home/w00929470/check0801/ascend/cann-9.2.0/include/exe_graph/runtime/infer_shape_context.h:16,
                       from /home/w00929470/check0801/ascend/cann-9.2.0/include/register/op_impl_registry.h:19,
                       from /home/liz23/flash-linear-attention-npu/build/autogen/exc/prepare_wy_repr_bwd_da_proto.h:5,
                       from /home/liz23/flash-linear-attention-npu/build/autogen/exc/prepare_wy_repr_bwd_da_proto.cpp:1:
      /home/w00929470/check0801/ascend/cann-9.2.0/include/external/ge_common/ge_api_types.h:15:122: note: ‘#pragma message: Warning: ge_api_types.h is deprecated and will be removed after 2027-06. Include "ge_common_api_types.h" instead.’
         15 |     "Warning: ge_api_types.h is deprecated and will be removed after 2027-06. Include \"ge_common_api_types.h\" instead.")
            |                                                                                                                          ^
      In file included from /home/w00929470/check0801/ascend/cann-9.2.0/include/external/ge_common/api_error_codes.h:16,
                       from /home/w00929470/check0801/ascend/cann-9.2.0/include/exe_graph/runtime/continuous_vector.h:20,
                       from /home/w00929470/check0801/ascend/cann-9.2.0/include/exe_graph/runtime/runtime_attrs.h:16,
                       from /home/w00929470/check0801/ascend/cann-9.2.0/include/exe_graph/runtime/infer_shape_context.h:16,
                       from /home/w00929470/check0801/ascend/cann-9.2.0/include/register/op_impl_registry.h:19,
                       from /home/liz23/flash-linear-attention-npu/build/autogen/causal_conv1d_proto.h:5,
                       from /home/liz23/flash-linear-attention-npu/build/autogen/causal_conv1d_proto.cpp:1:
      /home/w00929470/check0801/ascend/cann-9.2.0/include/external/ge_common/ge_error_codes.h:15:122: note: ‘#pragma message: Warning: ge_error_codes.h is deprecated and will be removed after 2027-06. Include "graph/error_codes.h" instead.’
         15 |     "Warning: ge_error_codes.h is deprecated and will be removed after 2027-06. Include \"graph/error_codes.h\" instead.")
            |                                                                                                                          ^
      In file included from /home/w00929470/check0801/ascend/cann-9.2.0/include/external/ge_common/api_error_codes.h:17,
                       from /home/w00929470/check0801/ascend/cann-9.2.0/include/exe_graph/runtime/continuous_vector.h:20,
                       from /home/w00929470/check0801/ascend/cann-9.2.0/include/exe_graph/runtime/runtime_attrs.h:16,
                       from /home/w00929470/check0801/ascend/cann-9.2.0/include/exe_graph/runtime/infer_shape_context.h:16,
                       from /home/w00929470/check0801/ascend/cann-9.2.0/include/register/op_impl_registry.h:19,
                       from /home/liz23/flash-linear-attention-npu/build/autogen/causal_conv1d_proto.h:5,
                       from /home/liz23/flash-linear-attention-npu/build/autogen/causal_conv1d_proto.cpp:1:
      /home/w00929470/check0801/ascend/cann-9.2.0/include/external/ge_common/ge_api_types.h:15:122: note: ‘#pragma message: Warning: ge_api_types.h is deprecated and will be removed after 2027-06. Include "ge_common_api_types.h" instead.’
         15 |     "Warning: ge_api_types.h is deprecated and will be removed after 2027-06. Include \"ge_common_api_types.h\" instead.")
            |                                                                                                                          ^
      In file included from /home/w00929470/check0801/ascend/cann-9.2.0/include/external/ge_common/api_error_codes.h:16,
                       from /home/w00929470/check0801/ascend/cann-9.2.0/include/exe_graph/runtime/continuous_vector.h:20,
                       from /home/w00929470/check0801/ascend/cann-9.2.0/include/exe_graph/runtime/runtime_attrs.h:16,
                       from /home/w00929470/check0801/ascend/cann-9.2.0/include/exe_graph/runtime/infer_shape_context.h:16,
                       from /home/w00929470/check0801/ascend/cann-9.2.0/include/register/op_impl_registry.h:19,
                       from /home/liz23/flash-linear-attention-npu/build/autogen/exc/prepare_wy_repr_bwd_full_proto.h:5,
                       from /home/liz23/flash-linear-attention-npu/build/autogen/exc/prepare_wy_repr_bwd_full_proto.cpp:1:
      /home/w00929470/check0801/ascend/cann-9.2.0/include/external/ge_common/ge_error_codes.h:15:122: note: ‘#pragma message: Warning: ge_error_codes.h is deprecated and will be removed after 2027-06. Include "graph/error_codes.h" instead.’
         15 |     "Warning: ge_error_codes.h is deprecated and will be removed after 2027-06. Include \"graph/error_codes.h\" instead.")
            |                                                                                                                          ^
      In file included from /home/w00929470/check0801/ascend/cann-9.2.0/include/external/ge_common/api_error_codes.h:17,
                       from /home/w00929470/check0801/ascend/cann-9.2.0/include/exe_graph/runtime/continuous_vector.h:20,
                       from /home/w00929470/check0801/ascend/cann-9.2.0/include/exe_graph/runtime/runtime_attrs.h:16,
                       from /home/w00929470/check0801/ascend/cann-9.2.0/include/exe_graph/runtime/infer_shape_context.h:16,
                       from /home/w00929470/check0801/ascend/cann-9.2.0/include/register/op_impl_registry.h:19,
                       from /home/liz23/flash-linear-attention-npu/build/autogen/exc/prepare_wy_repr_bwd_full_proto.h:5,
                       from /home/liz23/flash-linear-attention-npu/build/autogen/exc/prepare_wy_repr_bwd_full_proto.cpp:1:
      /home/w00929470/check0801/ascend/cann-9.2.0/include/external/ge_common/ge_api_types.h:15:122: note: ‘#pragma message: Warning: ge_api_types.h is deprecated and will be removed after 2027-06. Include "ge_common_api_types.h" instead.’
         15 |     "Warning: ge_api_types.h is deprecated and will be removed after 2027-06. Include \"ge_common_api_types.h\" instead.")
            |                                                                                                                          ^
      arty/abseil-cpp/absl/time/CMakeFiles/time_zone.dir/internal/cctz/src/time_zone_info.cc.o
      [2026-08-05 16:25:34] [  2%] Building CXX object third_party/abseil-cpp/absl/time/CMakeFiles/time_zone.dir/internal/cctz/src/time_zone_impl.cc.o
      [2026-08-05 16:25:34] [  3%] Building CXX object third_party/abseil-cpp/absl/base/CMakeFiles/spinlock_wait.dir/internal/spinlock_wait.cc.o
      [2026-08-05 16:25:34] [  3%] Building CXX object third_party/abseil-cpp/absl/numeric/CMakeFiles/int128.dir/int128.cc.o
      [2026-08-05 16:25:34] [  3%] Building CXX object third_party/abseil-cpp/absl/time/CMakeFiles/time_zone.dir/internal/cctz/src/time_zone_lookup.cc.o
      [2026-08-05 16:25:34] [  3%] Building CXX object third_party/abseil-cpp/absl/base/CMakeFiles/strerror.dir/internal/strerror.cc.o
      [2026-08-05 16:25:34] [  4%] Building CXX object third_party/abseil-cpp/absl/log/CMakeFiles/log_internal_nullguard.dir/internal/nullguard.cc.o
      [2026-08-05 16:25:34] [  4%] Building CXX object third_party/abseil-cpp/absl/time/CMakeFiles/time_zone.dir/internal/cctz/src/time_zone_posix.cc.o
      [2026-08-05 16:25:34] [  4%] Building CXX object third_party/abseil-cpp/absl/flags/CMakeFiles/flags_commandlineflag_internal.dir/internal/commandlineflag.cc.o
      [2026-08-05 16:25:34] [  4%] Building CXX object third_party/abseil-cpp/absl/random/CMakeFiles/random_internal_platform.dir/internal/randen_round_keys.cc.o
      [2026-08-05 16:25:34] [  4%] Building CXX object third_party/abseil-cpp/absl/time/CMakeFiles/time_zone.dir/internal/cctz/src/zone_info_source.cc.o
      [2026-08-05 16:25:34] [  4%] Building C object third_party/utf8_range/CMakeFiles/utf8_range.dir/range2-sse.c.o
      [2026-08-05 16:25:34] [  5%] Building CXX object third_party/abseil-cpp/absl/random/CMakeFiles/random_seed_gen_exception.dir/seed_gen_exception.cc.o
      [2026-08-05 16:25:34] [  4%] Building C object third_party/utf8_range/CMakeFiles/utf8_range.dir/naive.c.o
      [2026-08-05 16:25:34] [  6%] Building C object third_party/utf8_range/CMakeFiles/utf8_range.dir/range2-neon.c.o
      [2026-08-05 16:25:34] [ 55%] Linking CXX static library libops_aclnn.a
      [2026-08-05 16:25:34] [  7%] Linking CXX static library libabsl_random_internal_platform.a
      [2026-08-05 16:25:34] [  7%] Linking CXX static library libabsl_flags_commandlineflag_internal.a
      [2026-08-05 16:25:34] [ 56%] Built target ops_aclnn
      [2026-08-05 16:25:34] [  7%] Linking CXX static library libabsl_leak_check.a
      [2026-08-05 16:25:34] [  7%] Built target random_internal_platform
      [2026-08-05 16:25:34] [  7%] Built target flags_commandlineflag_internal
      [2026-08-05 16:25:34] [  7%] Linking CXX static library libabsl_log_internal_nullguard.a
      [2026-08-05 16:25:34] [  7%] Built target leak_check
      [2026-08-05 16:25:34] [  7%] Building CXX object third_party/abseil-cpp/absl/random/CMakeFiles/random_internal_randen_hwaes_impl.dir/internal/randen_hwaes.cc.o
      [2026-08-05 16:25:34] [  8%] Building CXX object third_party/abseil-cpp/absl/random/CMakeFiles/random_internal_randen_slow.dir/internal/randen_slow.cc.o
      [2026-08-05 16:25:34] [  8%] Built target log_internal_nullguard
      [2026-08-05 16:25:34] [  8%] Linking CXX static library libabsl_spinlock_wait.a
      [2026-08-05 16:25:34] [  8%] Built target spinlock_wait
      [2026-08-05 16:25:34] [  8%] Linking C static library libutf8_range.a
      [2026-08-05 16:25:34] [  9%] Linking CXX static library libabsl_exponential_biased.a
      [2026-08-05 16:25:34] [  9%] Built target utf8_range
      [2026-08-05 16:25:34] [  9%] Built target exponential_biased
      [2026-08-05 16:25:34] [  9%] Linking CXX static library libabsl_strerror.a
      [2026-08-05 16:25:34] [  9%] Building CXX object third_party/abseil-cpp/absl/profiling/CMakeFiles/periodic_sampler.dir/internal/periodic_sampler.cc.o
      [2026-08-05 16:25:34] [  9%] Built target strerror
      [2026-08-05 16:25:34] [  9%] Linking CXX static library libabsl_log_severity.a
      [2026-08-05 16:25:34] [  9%] Linking CXX static library libabsl_random_seed_gen_exception.a
      [2026-08-05 16:25:34] [  9%] Built target log_severity
      [2026-08-05 16:25:34] [  9%] Built target random_seed_gen_exception
      [2026-08-05 16:25:34] [ 10%] Linking CXX static library libabsl_periodic_samIn file included from /home/liz23/flash-linear-attention-npu/fla/ops/ascendc/gdn/recurrent_gdn/recurrent_gated_delta_rule/op_host/recurrent_gated_delta_rule_tiling.h:21,
                       from /home/liz23/flash-linear-attention-npu/fla/ops/ascendc/gdn/recurrent_gdn/recurrent_gated_delta_rule/op_host/recurrent_gated_delta_rule_tiling.cpp:14:
      /home/liz23/flash-linear-attention-npu/fla/ops/ascendc/gdn/recurrent_gdn/recurrent_gated_delta_rule/op_host/recurrent_gated_delta_rule_tiling_processor.h: In member function ‘ge::graphStatus optiling::RecurrentGatedDeltaRuleTiling::AnalyzeShapes()’:
      /home/liz23/flash-linear-attention-npu/fla/ops/ascendc/gdn/recurrent_gdn/recurrent_gated_delta_rule/op_host/recurrent_gated_delta_rule_tiling_processor.h:71:59: warning: ‘<anonymous>.optiling::RecurrentGatedDeltaRuleTilingContext::aivNum’ is used uninitialized in this function [-Wuninitialized]
         71 |         tiling.vectorCoreNum = static_cast<uint32_t>(ctx_.aivNum);
            |                                                      ~~~~~^~~~~~
      pler.a
      [2026-08-05 16:25:34] [ 10%] Building CXX object third_party/abseil-cpp/absl/base/CMakeFiles/raw_logging_internal.dir/internal/raw_logging.cc.o
      [2026-08-05 16:25:34] [ 10%] Built target periodic_sampler
      [2026-08-05 16:25:35] [ 10%] Linking CXX static library libabsl_random_internal_randen_slow.a
      [2026-08-05 16:25:35] [ 10%] Built target random_internal_randen_slow
      [2026-08-05 16:25:35] [ 10%] Linking CXX static library libabsl_civil_time.a
      [2026-08-05 16:25:35] [ 10%] Linking CXX static library libabsl_int128.a
      [2026-08-05 16:25:35] [ 10%] Built target civil_time
      [2026-08-05 16:25:35] [ 10%] Built target int128
      [2026-08-05 16:25:35] [ 56%] Linking CXX shared library libproto_transformer_cust.so
      [2026-08-05 16:25:35] [ 10%] Linking CXX static library libabsl_raw_logging_internal.a
      [2026-08-05 16:25:35] [ 10%] Linking CXX static library libabsl_random_internal_randen_hwaes_impl.a
      [2026-08-05 16:25:35] [ 10%] Built target raw_logging_internal
      [2026-08-05 16:25:35] [ 10%] Built target random_internal_randen_hwaes_impl
      [2026-08-05 16:25:35] [ 10%] Building CXX object third_party/abseil-cpp/absl/base/CMakeFiles/base.dir/internal/cycleclock.cc.o
      [2026-08-05 16:25:35] [ 10%] Building CXX object third_party/abseil-cpp/absl/base/CMakeFiles/base.dir/internal/spinlock.cc.o
      [2026-08-05 16:25:35] [ 11%] Building CXX object third_party/abseil-cpp/absl/types/CMakeFiles/bad_variant_access.dir/bad_variant_access.cc.o
      [2026-08-05 16:25:35] [ 11%] Building CXX object third_party/abseil-cpp/absl/base/CMakeFiles/base.dir/internal/sysinfo.cc.o
      [2026-08-05 16:25:35] [ 11%] Building CXX object third_party/abseil-cpp/absl/base/CMakeFiles/throw_delegate.dir/internal/throw_delegate.cc.o
      [2026-08-05 16:25:35] [ 11%] Building CXX object third_party/abseil-cpp/absl/base/CMakeFiles/base.dir/internal/unscaledcycleclock.cc.o
      [2026-08-05 16:25:35] [ 11%] Building CXX object third_party/abseil-cpp/absl/debugging/CMakeFiles/debugging_internal.dir/internal/address_is_readable.cc.o
      [2026-08-05 16:25:35] [ 11%] Building CXX object third_party/abseil-cpp/absl/debugging/CMakeFiles/debugging_internal.dir/internal/elf_mem_image.cc.o
      [2026-08-05 16:25:35] [ 12%] Building CXX object third_party/abseil-cpp/absl/debugging/CMakeFiles/debugging_internal.dir/internal/vdso_support.cc.o
      [2026-08-05 16:25:35] [ 12%] Building CXX object third_party/abseil-cpp/absl/strings/CMakeFiles/cordz_functions.dir/internal/cordz_functions.cc.o
      [2026-08-05 16:25:35] [ 12%] Building CXX object third_party/abseil-cpp/absl/types/CMakeFiles/bad_optional_access.dir/bad_optional_access.cc.o
      [2026-08-05 16:25:35] [ 12%] Building CXX object third_party/abseil-cpp/absl/types/CMakeFiles/bad_any_cast_impl.dir/bad_any_cast.cc.o
      [2026-08-05 16:25:35] [ 13%] Building CXX object third_party/abseil-cpp/absl/base/CMakeFiles/base.dir/internal/thread_identity.cc.o
      [2026-08-05 16:25:35] [ 13%] Building CXX object third_party/abseil-cpp/absl/base/CMakeFiles/scoped_set_env.dir/internal/scoped_set_env.cc.o
      [2026-08-05 16:25:35] [ 13%] Building CXX object third_party/abseil-cpp/absl/random/CMakeFiles/random_internal_randen_hwaes.dir/internal/randen_detect.cc.o
      [2026-08-05 16:25:35] [ 13%] Linking CXX static library libabsl_random_internal_randen_hwaes.a
      [2026-08-05 16:25:35] [ 13%] Built target random_internal_randen_hwaes
      [2026-08-05 16:25:35] [ 56%] Built target proto_transformer_cust
      [2026-08-05 16:25:35] [ 13%] Building CXX object third_party/abseil-cpp/absl/random/CMakeFiles/random_internal_randen.dir/internal/randen.cc.o
      [2026-08-05 16:25:35] [ 13%] Linking CXX static library libabsl_bad_optional_access.a
      [2026-08-05 16:25:35] [ 13%] Linking CXX static library libabsl_bad_variant_access.a
      [2026-08-05 16:25:35] [ 13%] Linking CXX static library libabsl_bad_any_cast_impl.a
      [2026-08-05 16:25:35] [ 14%] Linking CXX static library libabsl_scoped_set_env.a
      [2026-08-05 16:25:35] [ 14%] Built target bad_optional_access
      [2026-08-05 16:25:35] [ 14%] Built target bad_any_cast_impl
      [2026-08-05 16:25:35] [ 14%] Built target bad_variant_access
      [2026-08-05 16:25:35] [ 14%] Built target scoped_set_env
      [2026-08-05 16:25:35] [ 15%] Linking CXX static library libabsl_throw_delegate.a
      [2026-08-05 16:25:35] [ 16%] Linking CXX static library libabsl_random_internal_randen.a
      [2026-08-05 16:25:35] [ 16%] Linking CXX static library libabsl_debugging_internal.a
      [2026-08-05 16:25:35] [ 16%] Built target throw_delegate
      [2026-08-05 16:25:35] [ 16%] Linking CXX static library libabsl_cordz_functions.a
      [2026-08-05 16:25:35] [ 16%] Built target debugging_internal
      [2026-08-05 16:25:35] [ 16%] Built target random_internal_randen
      [2026-08-05 16:25:35] [ 16%] Built target cordz_functions
      [2026-08-05 16:25:35] [ 16%] Building CXX object third_party/abseil-cpp/absl/debugging/CMakeFiles/stacktrace.dir/stacktrace.cc.o
      [2026-08-05 16:25:35] [ 16%] Linking CXX static library libabsl_base.a
      [2026-08-05 16:25:35] [ 16%] Built target base
      [2026-08-05 16:25:35] [ 16%] Building CXX object third_party/abseil-cpp/absl/base/CMakeFiles/malloc_internal.dir/internal/low_level_alloc.cc.o
      [2026-08-05 16:25:35] [ 16%] Building CXX object third_party/abseil-cpp/absl/strings/CMakeFiles/strings_internal.dir/internal/ostringstream.cc.o
      [2026-08-05 16:25:35] [ 17%] Building CXX object third_party/abseil-cpp/absl/strings/CMakeFiles/strings_internal.dir/internal/escaping.cc.o
      [2026-08-05 16:25:35] [ 17%] Building CXX object third_party/abseil-cpp/absl/strings/CMakeFiles/strings_internal.dir/internal/utf8.cc.o
      [2026-08-05 16:25:35] [ 17%] Building CXX object third_party/abseil-cpp/absl/debugging/CMakeFiles/demangle_internal.dir/internal/demangle.cc.o
      [2026-08-05 16:25:35] [ 17%] Building CXX object third_party/abseil-cpp/absl/crc/CMakeFiles/crc_cpu_detect.dir/internal/cpu_detect.cc.o
      [2026-08-05 16:25:35] [ 17%] Building CXX object third_party/abseil-cpp/absl/hash/CMakeFiles/city.dir/internal/city.cc.o
      [2026-08-05 16:25:35] [ 18%] Building CXX object third_party/abseil-cpp/absl/log/CMakeFiles/log_internal_conditions.dir/internal/conditions.cc.o
      [2026-08-05 16:25:35] [ 19%] Building CXX object third_party/abseil-cpp/absl/strings/CMakeFiles/string_view.dir/string_view.cc.o
      [2026-08-05 16:25:35] [ 19%] Building CXX object third_party/abseil-cpp/absl/hash/CMakeFiles/low_level_hash.dir/internal/low_level_hash.cc.o
      [2026-08-05 16:25:36] [ 19%] Linking CXX static library libabsl_log_internal_conditions.a
      [2026-08-05 16:25:36] [ 19%] Built target log_internal_conditions
      [2026-08-05 16:25:36] [ 19%] Linking CXX static library libabsl_crc_cpu_detect.a
      [2026-08-05 16:25:36] [ 19%] Built target crc_cpu_detect
      [2026-08-05 16:25:36] [ 20%] Building CXX object third_party/abseil-cpp/absl/crc/CMakeFiles/crc_internal.dir/internal/crc.cc.o
      [2026-08-05 16:25:36] [ 20%] Building CXX object third_party/abseil-cpp/absl/crc/CMakeFiles/crc_internal.dir/internal/crc_x86_arm_combined.cc.o
      [2026-08-05 16:25:36] [ 20%] Linking CXX static library libabsl_time_zone.a
      [2026-08-05 16:25:36] [ 21%] Linking CXX static library libabsl_low_level_hash.a
      [2026-08-05 16:25:36] [ 21%] Linking CXX static library libabsl_stacktrace.a
      [2026-08-05 16:25:36] [ 21%] Built target time_zone
      [2026-08-05 16:25:36] [ 22%] Linking CXX static library libabsl_city.a
      [2026-08-05 16:25:36] [ 22%] Built target low_level_hash
      [2026-08-05 16:25:36] [ 22%] Built target stacktrace
      [2026-08-05 16:25:36] [ 22%] Built target city
      [2026-08-05 16:25:36] [ 22%] Linking CXX static library libabsl_string_view.a
      [2026-08-05 16:25:36] [ 22%] Linking CXX static library libabsl_strings_internal.a
      [2026-08-05 16:25:36] [ 22%] Built target string_view
      [2026-08-05 16:25:36] [ 22%] Built target strings_internal
      [2026-08-05 16:25:36] [ 22%] Building CXX object third_party/abseil-cpp/absl/strings/CMakeFiles/strings.dir/ascii.cc.o
      [2026-08-05 16:25:36] [ 22%] Building CXX object third_party/abseil-cpp/absl/strings/CMakeFiles/strings.dir/charconv.cc.o
      [2026-08-05 16:25:36] [ 22%] Building CXX object third_party/abseil-cpp/absl/strings/CMakeFiles/strings.dir/internal/charconv_bigint.cc.o
      [2026-08-05 16:25:36] [ 23%] Building CXX object third_party/abseil-cpp/absl/strings/CMakeFiles/strings.dir/escaping.cc.o
      [2026-08-05 16:25:36] [ 23%] Building CXX object third_party/abseil-cpp/absl/strings/CMakeFiles/strings.dir/internal/damerau_levenshtein_distance.cc.o
      [2026-08-05 16:25:36] [ 23%] Building CXX object third_party/abseil-cpp/absl/strings/CMakeFiles/strings.dir/internal/memutil.cc.o
      [2026-08-05 16:25:36] [ 23%] Building CXX object third_party/abseil-cpp/absl/strings/CMakeFiles/strings.dir/internal/charconv_parse.cc.o
      [2026-08-05 16:25:36] [ 23%] Building CXX object third_party/abseil-cpp/absl/strings/CMakeFiles/strings.dir/match.cc.o
      [2026-08-05 16:25:36] [ 24%] Building CXX object third_party/abseil-cpp/absl/strings/CMakeFiles/strings.dir/str_cat.cc.o
      [2026-08-05 16:25:36] [ 23%] Building CXX object third_party/abseil-cpp/absl/strings/CMakeFiles/strings.dir/substitute.cc.o
      [2026-08-05 16:25:36] [ 24%] Building CXX object third_party/abseil-cpp/absl/strings/CMakeFiles/strings.dir/numbers.cc.o
      [2026-08-05 16:25:36] [ 24%] Building CXX object third_party/abseil-cpp/absl/strings/CMakeFiles/strings.dir/str_replace.cc.o
      [2026-08-05 16:25:36] [ 25%] Building CXX object third_party/abseil-cpp/absl/strings/CMakeFiles/strings.dir/internal/stringify_sink.cc.o
      [2026-08-05 16:25:36] [ 25%] Building CXX object third_party/abseil-cpp/absl/strings/CMakeFiles/strings.dir/str_split.cc.o
      [2026-08-05 16:25:36] [ 25%] Linking CXX static library libabsl_malloc_internal.a
      [2026-08-05 16:25:36] [ 25%] Built target malloc_internal
      [2026-08-05 16:25:36] [ 25%] Building CXX object third_party/abseil-cpp/absl/synchronization/CMakeFiles/graphcycles_internal.dir/internal/graphcycles.cc.o
      [2026-08-05 16:25:36] [ 25%] Linking CXX static library libabsl_demangle_internal.a
      [2026-08-05 16:25:36] [ 25%] Built target demangle_internal
      [2026-08-05 16:25:36] [ 25%] Linking CXX static library libabsl_crc_internal.a
      [2026-08-05 16:25:36] [ 25%] Built target crc_internal
      [2026-08-05 16:25:36] [ 56%] Built target ophost_transformer_tiling_obj
      [2026-08-05 16:25:37] [ 26%] Linking CXX static library libabsl_graphcycles_internal.a
      [2026-08-05 16:25:37] [ 26%] Built target graphcycles_internal
      [2026-08-05 16:25:37] [ 26%] Linking CXX static library libabsl_strings.a
      [2026-08-05 16:25:37] [ 26%] Built target strings
      [2026-08-05 16:25:37] [ 26%] Building CXX object third_party/utf8_range/CMakeFiles/utf8_validity.dir/utf8_validity.cc.o
      [2026-08-05 16:25:37] [ 26%] Building CXX object third_party/abseil-cpp/absl/debugging/CMakeFiles/symbolize.dir/symbolize.cc.o
      [2026-08-05 16:25:37] [ 26%] Building CXX object third_party/abseil-cpp/absl/hash/CMakeFiles/hash.dir/internal/hash.cc.o
      [2026-08-05 16:25:37] [ 26%] Building CXX object third_party/abseil-cpp/absl/time/CMakeFiles/time.dir/clock.cc.o
      [2026-08-05 16:25:37] [ 26%] Building CXX object third_party/abseil-cpp/absl/time/CMakeFiles/time.dir/civil_time.cc.o
      [2026-08-05 16:25:37] [ 27%] Building CXX object third_party/abseil-cpp/absl/strings/CMakeFiles/str_format_internal.dir/internal/str_format/arg.cc.o
      [2026-08-05 16:25:37] [ 27%] Building CXX object third_party/abseil-cpp/absl/strings/CMakeFiles/str_format_internal.dir/internal/str_format/extension.cc.o
      [2026-08-05 16:25:37] [ 27%] Building CXX object third_party/abseil-cpp/absl/random/CMakeFiles/random_distributions.dir/gaussian_distribution.cc.o
      [2026-08-05 16:25:37] [ 27%] Building CXX object third_party/abseil-cpp/absl/random/CMakeFiles/random_internal_seed_material.dir/internal/seed_material.cc.o
      [2026-08-05 16:25:37] [ 27%] Building CXX object third_party/abseil-cpp/absl/time/CMakeFiles/time.dir/time.cc.o
      [2026-08-05 16:25:37] [ 27%] Building CXX object third_party/abseil-cpp/absl/random/CMakeFiles/random_distributions.dir/discrete_distribution.cc.o
      [2026-08-05 16:25:37] [ 28%] Building CXX object third_party/abseil-cpp/absl/time/CMakeFiles/time.dir/format.cc.o
      [2026-08-05 16:25:37] [ 28%] Building CXX object third_party/abseil-cpp/absl/strings/CMakeFiles/str_format_internal.dir/internal/str_format/float_conversion.cc.o
      [2026-08-05 16:25:37] [ 29%] Building CXX object third_party/abseil-cpp/absl/strings/CMakeFiles/str_format_internal.dir/internal/str_format/parser.cc.o
      [2026-08-05 16:25:37] [ 29%] Building CXX object third_party/abseil-cpp/absl/strings/CMakeFiles/str_format_internal.dir/internal/str_format/output.cc.o
      [2026-08-05 16:25:37] [ 30%] Building CXX object third_party/abseil-cpp/absl/time/CMakeFiles/time.dir/duration.cc.o
      [2026-08-05 16:25:37] [ 30%] Building CXX object third_party/abseil-cpp/absl/flags/CMakeFiles/flags_commandlineflag.dir/commandlineflag.cc.o
      [2026-08-05 16:25:37] [ 30%] Building CXX object third_party/abseil-cpp/absl/strings/CMakeFiles/str_format_internal.dir/internal/str_format/bind.cc.o
      [2026-08-05 16:25:37] [ 30%] Building CXX object third_party/abseil-cpp/absl/log/CMakeFiles/log_internal_proto.dir/internal/proto.cc.o
      [2026-08-05 16:25:37] [ 31%] Linking CXX static library libutf8_validity.a
      [2026-08-05 16:25:37] [ 31%] Built target utf8_validity
      [2026-08-05 16:25:37] [ 31%] Linking CXX static library libabsl_flags_commandlineflag.a
      [2026-08-05 16:25:37] [ 31%] Built target flags_commandlineflag
      [2026-08-05 16:25:37] [ 31%] Building CXX object third_party/abseil-cpp/absl/flags/CMakeFiles/flags_private_handle_accessor.dir/internal/private_handle_accessor.cc.o
      [2026-08-05 16:25:37] [ 31%] Linking CXX static library libabsl_log_internal_proto.a
      [2026-08-05 16:25:37] [ 31%] Built target log_internal_proto
      [2026-08-05 16:25:37] [ 32%] Linking CXX static library libabsl_random_distributions.a
      [2026-08-05 16:25:37] [ 32%] Built target random_distributions
      [2026-08-05 16:25:37] [ 32%] Linking CXX static library libabsl_random_internal_seed_material.a
      [2026-08-05 16:25:37] [ 32%] Linking CXX static library libabsl_hash.a
      [2026-08-05 16:25:37] [ 32%] Built target random_internal_seed_material
      [2026-08-05 16:25:37] [ 32%] Built target hash
      [2026-08-05 16:25:37] [ 32%] Building CXX object third_party/abseil-cpp/absl/random/CMakeFiles/random_internal_pool_urbg.dir/internal/pool_urbg.cc.o
      [2026-08-05 16:25:37] [ 32%] Building CXX object third_party/abseil-cpp/absl/log/CMakeFiles/log_globals.dir/globals.cc.o
      [2026-08-05 16:25:37] [ 32%] Linking CXX static library libabsl_symbolize.a
      [2026-08-05 16:25:38] [ 32%] Built target symbolize
      [2026-08-05 16:25:38] [ 32%] Linking CXX static library libabsl_flags_private_handle_accessor.a
      [2026-08-05 16:25:38] [ 32%] Building CXX object third_party/abseil-cpp/absl/debugging/CMakeFiles/examine_stack.dir/internal/examine_stack.cc.o
      [2026-08-05 16:25:38] [ 32%] Built target flags_private_handle_accessor
      [2026-08-05 16:25:38] [ 32%] Linking CXX static library libabsl_time.a
      [2026-08-05 16:25:38] [ 32%] Built target time
      [2026-08-05 16:25:38] [ 32%] Building CXX object third_party/abseil-cpp/absl/log/CMakeFiles/log_internal_globals.dir/internal/globals.cc.o
      [2026-08-05 16:25:38] [ 32%] Building CXX object third_party/abseil-cpp/absl/log/CMakeFiles/log_entry.dir/log_entry.cc.o
      [2026-08-05 16:25:38] [ 32%] Building CXX object third_party/abseil-cpp/absl/synchronization/CMakeFiles/kernel_timeout_internal.dir/internal/kernel_timeout.cc.o
      [2026-08-05 16:25:38] [ 32%] Linking CXX static library libabsl_examine_stack.a
      [2026-08-05 16:25:38] [ 32%] Built target examine_stack
      [2026-08-05 16:25:38] [ 32%] Building CXX object third_party/abseil-cpp/absl/debugging/CMakeFiles/failure_signal_handler.dir/failure_signal_handler.cc.o
      [2026-08-05 16:25:38] [ 32%] Linking CXX static library libabsl_random_internal_pool_urbg.a
      [2026-08-05 16:25:38] [ 32%] Linking CXX static library libabsl_str_format_internal.a
      [2026-08-05 16:25:38] [ 32%] Built target random_internal_pool_urbg
      [2026-08-05 16:25:38] [ 32%] Built target str_format_internal
      [2026-08-05 16:25:38] [ 32%] Building CXX object third_party/abseil-cpp/absl/random/CMakeFiles/random_seed_sequences.dir/seed_sequences.cc.o
      [2026-08-05 16:25:38] [ 33%] Building CXX object third_party/abseil-cpp/absl/random/CMakeFiles/random_internal_distribution_test_util.dir/internal/distribution_test_util.cc.o
      [2026-08-05 16:25:38] [ 33%] Building CXX object third_party/abseil-cpp/absl/crc/CMakeFiles/crc32c.dir/crc32c.cc.o
      [2026-08-05 16:25:38] [ 33%] Building CXX object third_party/abseil-cpp/absl/crc/CMakeFiles/crc32c.dir/internal/crc_memcpy_fallback.cc.o
      [2026-08-05 16:25:38] [ 33%] Building CXX object third_party/abseil-cpp/absl/flags/CMakeFiles/flags_marshalling.dir/marshalling.cc.o
      [2026-08-05 16:25:38] [ 33%] Building CXX object third_party/abseil-cpp/absl/random/CMakeFiles/random_internal_distribution_test_util.dir/internal/chi_square.cc.o
      [2026-08-05 16:25:38] [ 33%] Building CXX object third_party/abseil-cpp/absl/crc/CMakeFiles/crc32c.dir/internal/crc_memcpy_x86_64.cc.o
      [2026-08-05 16:25:38] [ 33%] Building CXX object third_party/abseil-cpp/absl/crc/CMakeFiles/crc32c.dir/internal/crc_non_temporal_memcpy.cc.o
      [2026-08-05 16:25:38] [ 33%] Linking CXX static library libabsl_log_globals.a
      [2026-08-05 16:25:38] [ 34%] Linking CXX static library libabsl_log_entry.a
      [2026-08-05 16:25:38] [ 34%] Built target log_globals
      [2026-08-05 16:25:38] [ 34%] Built target log_entry
      [2026-08-05 16:25:38] [ 35%] Linking CXX static library libabsl_log_internal_globals.a
      [2026-08-05 16:25:38] [ 35%] Building CXX object third_party/abseil-cpp/absl/log/CMakeFiles/log_sink.dir/log_sink.cc.o
      [2026-08-05 16:25:38] [ 35%] Built target log_internal_globals
      [2026-08-05 16:25:38] [ 35%] Building CXX object third_party/abseil-cpp/absl/log/CMakeFiles/log_internal_format.dir/internal/log_format.cc.o
      [2026-08-05 16:25:38] [ 36%] Building CXX object third_party/abseil-cpp/absl/log/CMakeFiles/log_initialize.dir/initialize.cc.o
      [2026-08-05 16:25:38] [ 37%] Linking CXX static library libabsl_kernel_timeout_internal.a
      [2026-08-05 16:25:38] [ 37%] Built target kernel_timeout_internal
      [2026-08-05 16:25:38] [ 37%] Building CXX object third_party/abseil-cpp/absl/synchronization/CMakeFiles/synchronization.dir/internal/create_thread_identity.cc.o
      [2026-08-05 16:25:38] [ 37%] Building CXX object third_party/abseil-cpp/absl/synchronization/CMakeFiles/synchronization.dir/blocking_counter.cc.o
      [2026-08-05 16:25:38] [ 37%] Building CXX object third_party/abseil-cpp/absl/synchronization/CMakeFiles/synchronization.dir/internal/futex_waiter.cc.o
      [2026-08-05 16:25:38] [ 38%] Building CXX object third_party/abseil-cpp/absl/synchronization/CMakeFiles/synchronization.dir/barrier.cc.o
      [2026-08-05 16:25:38] [ 39%] Building CXX object third_party/abseil-cpp/absl/synchronization/CMakeFiles/synchronization.dir/internal/pthread_waiter.cc.o
      [2026-08-05 16:25:38] [ 39%] Building CXX object third_party/abseil-cpp/absl/synchronization/CMakeFiles/synchronization.dir/internal/per_thread_sem.cc.o
      [2026-08-05 16:25:38] [ 39%] Building CXX object third_party/abseil-cpp/absl/synchronization/CMakeFiles/synchronization.dir/internal/stdcpp_waiter.cc.o
      [2026-08-05 16:25:38] [ 39%] Building CXX object third_party/abseil-cpp/absl/synchronization/CMakeFiles/synchronization.dir/internal/waiter_base.cc.o
      [2026-08-05 16:25:38] [ 40%] Building CXX object third_party/abseil-cpp/absl/synchronization/CMakeFiles/synchronization.dir/internal/win32_waiter.cc.o
      [2026-08-05 16:25:38] [ 40%] Building CXX object third_party/abseil-cpp/absl/synchronization/CMakeFiles/synchronization.dir/internal/sem_waiter.cc.o
      [2026-08-05 16:25:38] [ 40%] Building CXX object third_party/abseil-cpp/absl/synchronization/CMakeFiles/synchronization.dir/notification.cc.o
      [2026-08-05 16:25:38] [ 40%] Building CXX object third_party/abseil-cpp/absl/synchronization/CMakeFiles/synchronization.dir/mutex.cc.o
      [2026-08-05 16:25:38] [ 40%] Linking CXX static library libabsl_failure_signal_handler.a
      [2026-08-05 16:25:38] [ 40%] Built target failure_signal_handler
      [2026-08-05 16:25:39] [ 40%] Linking CXX static library libabsl_random_seed_sequences.a
      [2026-08-05 16:25:39] [ 40%] Built target random_seed_sequences
      [2026-08-05 16:25:39] [ 40%] Linking CXX static library libabsl_log_sink.a
      [2026-08-05 16:25:39] [ 40%] Linking CXX static library libabsl_log_initialize.a
      [2026-08-05 16:25:39] [ 40%] Built target log_sink
      [2026-08-05 16:25:39] [ 40%] Built target log_initialize
      [2026-08-05 16:25:39] [ 40%] Linking CXX static library libabsl_random_internal_distribution_test_util.a
      [2026-08-05 16:25:39] [ 40%] Built target random_internal_distribution_test_util
      [2026-08-05 16:25:39] [ 40%] Linking CXX static library libabsl_log_internal_format.a
      [2026-08-05 16:25:39] [ 40%] Built target log_internal_format
      [2026-08-05 16:25:39] [ 40%] Linking CXX static library libabsl_crc32c.a
      [2026-08-05 16:25:39] [ 40%] Built target crc32c
      [2026-08-05 16:25:39] [ 41%] Building CXX object third_party/abseil-cpp/absl/crc/CMakeFiles/crc_cord_state.dir/internal/crc_cord_state.cc.o
      [2026-08-05 16:25:39] [ 42%] Linking CXX static library libabsl_flags_marshalling.a
      [2026-08-05 16:25:39] [ 42%] Built target flags_marshalling
      [2026-08-05 16:25:40] [ 42%] Linking CXX static library libabsl_synchronization.a
      [2026-08-05 16:25:40] [ 42%] Built target synchronization
      [2026-08-05 16:25:40] [ 42%] Building CXX object third_party/abseil-cpp/absl/log/CMakeFiles/log_internal_log_sink_set.dir/internal/log_sink_set.cc.o
      [2026-08-05 16:25:40] [ 42%] Building CXX object third_party/abseil-cpp/absl/container/CMakeFiles/hashtablez_sampler.dir/internal/hashtablez_sampler.cc.o
      [2026-08-05 16:25:40] [ 43%] Building CXX object third_party/abseil-cpp/absl/flags/CMakeFiles/flags_program_name.dir/internal/program_name.cc.o
      [2026-08-05 16:25:40] [ 44%] Building CXX object third_party/abseil-cpp/absl/strings/CMakeFiles/cordz_handle.dir/internal/cordz_handle.cc.o
      [2026-08-05 16:25:40] [ 44%] Building CXX object third_party/abseil-cpp/absl/container/CMakeFiles/hashtablez_sampler.dir/internal/hashtablez_sampler_force_weak_definition.cc.o
      [2026-08-05 16:25:40] [ 44%] Linking CXX static library libabsl_flags_program_name.a
      [2026-08-05 16:25:40] [ 44%] Built target flags_program_name
      [2026-08-05 16:25:40] [ 45%] Building CXX object third_party/abseil-cpp/absl/flags/CMakeFiles/flags_config.dir/usage_config.cc.o
      [2026-08-05 16:25:40] [ 45%] Linking CXX static library libabsl_crc_cord_state.a
      [2026-08-05 16:25:40] [ 45%] Built target crc_cord_state
      [2026-08-05 16:25:40] [ 45%] Linking CXX static library libabsl_cordz_handle.a
      [2026-08-05 16:25:40] [ 45%] Building CXX object third_party/abseil-cpp/absl/strings/CMakeFiles/cord_internal.dir/internal/cord_internal.cc.o
      [2026-08-05 16:25:40] [ 45%] Building CXX object third_party/abseil-cpp/absl/strings/CMakeFiles/cord_internal.dir/internal/cord_rep_btree.cc.o
      [2026-08-05 16:25:40] [ 46%] Building CXX object third_party/abseil-cpp/absl/strings/CMakeFiles/cord_internal.dir/internal/cord_rep_btree_navigator.cc.o
      [2026-08-05 16:25:40] [ 46%] Building CXX object third_party/abseil-cpp/absl/strings/CMakeFiles/cord_internal.dir/internal/cord_rep_btree_reader.cc.o
      [2026-08-05 16:25:40] [ 46%] Building CXX object third_party/abseil-cpp/absl/strings/CMakeFiles/cord_internal.dir/internal/cord_rep_consume.cc.o
      [2026-08-05 16:25:40] [ 46%] Building CXX object third_party/abseil-cpp/absl/strings/CMakeFiles/cord_internal.dir/internal/cord_rep_crc.cc.o
      [2026-08-05 16:25:40] [ 46%] Building CXX object third_party/abseil-cpp/absl/strings/CMakeFiles/cord_internal.dir/internal/cord_rep_ring.cc.o
      [2026-08-05 16:25:40] [ 46%] Built target cordz_handle
      [2026-08-05 16:25:40] [ 46%] Linking CXX static library libabsl_hashtablez_sampler.a
      [2026-08-05 16:25:40] [ 46%] Built target hashtablez_sampler
      [2026-08-05 16:25:40] [ 46%] Linking CXX static library libabsl_log_internal_log_sink_set.a
      [2026-08-05 16:25:40] [ 46%] Building CXX object third_party/abseil-cpp/absl/container/CMakeFiles/raw_hash_set.dir/internal/raw_hash_set.cc.o
      [2026-08-05 16:25:40] [ 46%] Built target log_internal_log_sink_set
      [2026-08-05 16:25:40] [ 46%] Building CXX object third_party/abseil-cpp/absl/log/CMakeFiles/log_internal_message.dir/internal/log_message.cc.o
      [2026-08-05 16:25:41] [ 46%] Linking CXX static library libabsl_flags_config.a
      [2026-08-05 16:25:41] [ 46%] Built target flags_config
      [2026-08-05 16:25:41] [ 46%] Building CXX object third_party/abseil-cpp/absl/flags/CMakeFiles/flags_internal.dir/internal/flag.cc.o
      [2026-08-05 16:25:41] [ 46%] Linking CXX static library libabsl_log_internal_message.a
      [2026-08-05 16:25:41] [ 46%] Built target log_internal_message
      [2026-08-05 16:25:41] [ 46%] Building CXX object third_party/abseil-cpp/absl/log/CMakeFiles/die_if_null.dir/die_if_null.cc.o
      [2026-08-05 16:25:41] [ 46%] Building CXX object third_party/abseil-cpp/absl/log/CMakeFiles/log_internal_check_op.dir/internal/check_op.cc.o
      [2026-08-05 16:25:41] [ 47%] Linking CXX static library libabsl_raw_hash_set.a
      [2026-08-05 16:25:41] [ 47%] Built target raw_hash_set
      [2026-08-05 16:25:42] [ 48%] Linking CXX static library libabsl_cord_internal.a
      [2026-08-05 16:25:42] [ 48%] Built target cord_internal
      [2026-08-05 16:25:42] [ 49%] Building CXX object third_party/abseil-cpp/absl/strings/CMakeFiles/cordz_info.dir/internal/cordz_info.cc.o
      [2026-08-05 16:25:42] [ 49%] Linking CXX static library libabsl_flags_internal.a
      [2026-08-05 16:25:42] [ 49%] Built target flags_internal
      [2026-08-05 16:25:42] [ 50%] Linking CXX static library libabsl_die_if_null.a
      [2026-08-05 16:25:42] [ 50%] Built target die_if_null
      [2026-08-05 16:25:42] [ 50%] Linking CXX static library libabsl_log_internal_check_op.a
      [2026-08-05 16:25:42] [ 50%] Built target log_internal_check_op
      [2026-08-05 16:25:43] [ 50%] Linking CXX static library libabsl_cordz_info.a
      [2026-08-05 16:25:43] [ 50%] Built target cordz_info
      [2026-08-05 16:25:43] [ 50%] Building CXX object third_party/abseil-cpp/absl/strings/CMakeFiles/cord.dir/cord_analysis.cc.o
      [2026-08-05 16:25:43] [ 50%] Building CXX object third_party/abseil-cpp/absl/strings/CMakeFiles/cord.dir/cord.cc.o
      [2026-08-05 16:25:43] [ 50%] Building CXX object third_party/abseil-cpp/absl/strings/CMakeFiles/cordz_sample_token.dir/internal/cordz_sample_token.cc.o
      [2026-08-05 16:25:43] [ 51%] Building CXX object third_party/abseil-cpp/absl/strings/CMakeFiles/cord.dir/cord_buffer.cc.o
      [2026-08-05 16:25:43] [ 51%] Linking CXX static library libabsl_cordz_sample_token.a
      [2026-08-05 16:25:43] [ 51%] Built target cordz_sample_token
      [2026-08-05 16:25:46] [ 51%] Linking CXX static library libabsl_cord.a
      [2026-08-05 16:25:46] [ 51%] Built target cord
      [2026-08-05 16:25:46] [ 51%] Building CXX object third_party/abseil-cpp/absl/status/CMakeFiles/status.dir/status_payload_printer.cc.o
      [2026-08-05 16:25:46] [ 51%] Building CXX object third_party/abseil-cpp/absl/flags/CMakeFiles/flags_reflection.dir/reflection.cc.o
      [2026-08-05 16:25:46] [ 52%] Building CXX object third_party/abseil-cpp/absl/status/CMakeFiles/status.dir/status.cc.o
      [2026-08-05 16:25:47] [ 52%] Linking CXX static library libabsl_status.a
      [2026-08-05 16:25:47] [ 52%] Built target status
      [2026-08-05 16:25:47] [ 52%] Building CXX object third_party/abseil-cpp/absl/status/CMakeFiles/statusor.dir/statusor.cc.o
      [2026-08-05 16:25:48] [ 52%] Linking CXX static library libabsl_flags_reflection.a
      [2026-08-05 16:25:48] [ 52%] Built target flags_reflection
      [2026-08-05 16:25:48] [ 52%] Building CXX object third_party/abseil-cpp/absl/flags/CMakeFiles/flags.dir/flag.cc.o
      [2026-08-05 16:25:48] [ 52%] Linking CXX static library libabsl_statusor.a
      [2026-08-05 16:25:48] [ 52%] Built target statusor
      [2026-08-05 16:25:48] [ 52%] Linking CXX static library libabsl_flags.a
      [2026-08-05 16:25:49] [ 52%] Built target flags
      [2026-08-05 16:25:49] [ 52%] Building CXX object third_party/abseil-cpp/absl/flags/CMakeFiles/flags_usage_internal.dir/internal/usage.cc.o
      [2026-08-05 16:25:49] [ 52%] Building CXX object third_party/abseil-cpp/absl/log/CMakeFiles/log_flags.dir/flags.cc.o
      [2026-08-05 16:25:49] [ 52%] Building CXX object CMakeFiles/libprotobuf-lite.dir/src/google/protobuf/any_lite.cc.o
      [2026-08-05 16:25:49] [ 52%] Building CXX object CMakeFiles/libprotobuf-lite.dir/src/google/protobuf/arena.cc.o
      [2026-08-05 16:25:49] [ 52%] Building CXX object CMakeFiles/libprotobuf-lite.dir/src/google/protobuf/arenaz_sampler.cc.o
      [2026-08-05 16:25:49] [ 52%] Building CXX object CMakeFiles/libprotobuf-lite.dir/src/google/protobuf/extension_set.cc.o
      [2026-08-05 16:25:49] [ 52%] Building CXX object CMakeFiles/libprotobuf.dir/src/google/protobuf/any.pb.cc.o
      [2026-08-05 16:25:49] [ 53%] Building CXX object CMakeFiles/libprotobuf-lite.dir/src/google/protobuf/generated_enum_util.cc.o
      [2026-08-05 16:25:49] [ 53%] Building CXX object CMakeFiles/libprotobuf-lite.dir/src/google/protobuf/generated_message_tctable_lite.cc.o
      [2026-08-05 16:25:49] [ 54%] Building CXX object CMakeFiles/libprotobuf-lite.dir/src/google/protobuf/arenastring.cc.o
      [2026-08-05 16:25:49] [ 54%] Building CXX object CMakeFiles/libprotobuf-lite.dir/src/google/protobuf/arena_align.cc.o
      [2026-08-05 16:25:49] [ 54%] Building CXX object CMakeFiles/libprotobuf.dir/src/google/protobuf/duration.pb.cc.o
      [2026-08-05 16:25:49] [ 54%] Building CXX object CMakeFiles/libprotobuf.dir/src/google/protobuf/empty.pb.cc.o
      [2026-08-05 16:25:49] [ 54%] Building CXX object CMakeFiles/libprotobuf-lite.dir/src/google/protobuf/io/zero_copy_stream.cc.o
      [2026-08-05 16:25:49] [ 56%] Building CXX object CMakeFiles/libprotobuf-lite.dir/src/google/protobuf/io/zero_copy_stream_impl.cc.o
      [2026-08-05 16:25:49] [ 56%] Building CXX object CMakeFiles/libprotobuf-lite.dir/src/google/protobuf/map.cc.o
      [2026-08-05 16:25:49] [ 56%] Building CXX object CMakeFiles/libprotobuf-lite.dir/src/google/protobuf/io/zero_copy_stream_impl_lite.cc.o
      [2026-08-05 16:25:49] [ 56%] Building CXX object CMakeFiles/libprotobuf.dir/src/google/protobuf/api.pb.cc.o
      [2026-08-05 16:25:49] [ 56%] Building CXX object CMakeFiles/libprotobuf.dir/src/google/protobuf/timestamp.pb.cc.o
      [2026-08-05 16:25:49] [ 56%] Building CXX object CMakeFiles/libprotobuf-lite.dir/src/google/protobuf/generated_message_util.cc.o
      [2026-08-05 16:25:49] [ 56%] Building CXX object CMakeFiles/libprotobuf-lite.dir/src/google/protobuf/message_lite.cc.o
      [2026-08-05 16:25:49] [ 56%] Building CXX object CMakeFiles/libprotobuf-lite.dir/src/google/protobuf/implicit_weak_message.cc.o
      [2026-08-05 16:25:49] [ 56%] Building CXX object CMakeFiles/libprotobuf-lite.dir/src/google/protobuf/parse_context.cc.o
      [2026-08-05 16:25:49] [ 56%] Building CXX object CMakeFiles/libprotobuf.dir/src/google/protobuf/type.pb.cc.o
      [2026-08-05 16:25:49] [ 56%] Building CXX object CMakeFiles/libprotobuf-lite.dir/src/google/protobuf/inlined_string_field.cc.o
      [2026-08-05 16:25:49] [ 56%] Building CXX object CMakeFiles/libprotobuf.dir/src/google/protobuf/wrappers.pb.cc.o
      [2026-08-05 16:25:49] [ 56%] Building CXX object CMakeFiles/libprotobuf.dir/src/google/protobuf/field_mask.pb.cc.o
      [2026-08-05 16:25:49] [ 56%] Building CXX object CMakeFiles/libprotobuf-lite.dir/src/google/protobuf/io/io_win32.cc.o
      [2026-08-05 16:25:49] [ 57%] Building CXX object CMakeFiles/libprotobuf-lite.dir/src/google/protobuf/port.cc.o
      [2026-08-05 16:25:49] [ 57%] Building CXX object CMakeFiles/libprotobuf-lite.dir/src/google/protobuf/repeated_field.cc.o
      [2026-08-05 16:25:49] [ 57%] Building CXX object CMakeFiles/libprotobuf-lite.dir/src/google/protobuf/raw_ptr.cc.o
      [2026-08-05 16:25:49] [ 58%] Building CXX object CMakeFiles/libprotobuf-lite.dir/src/google/protobuf/io/coded_stream.cc.o
      [2026-08-05 16:25:49] [ 58%] Building CXX object CMakeFiles/libprotobuf-lite.dir/src/google/protobuf/repeated_ptr_field.cc.o
      [2026-08-05 16:25:49] [ 58%] Building CXX object CMakeFiles/libprotobuf.dir/src/google/protobuf/any.cc.o
      [2026-08-05 16:25:49] [ 59%] Building CXX object CMakeFiles/libprotobuf.dir/src/google/protobuf/struct.pb.cc.o
      [2026-08-05 16:25:49] [ 59%] Building CXX object CMakeFiles/libprotobuf.dir/src/google/protobuf/source_context.pb.cc.o
      [2026-08-05 16:25:49] [ 60%] Building CXX object CMakeFiles/libprotobuf.dir/src/google/protobuf/any_lite.cc.o
      [2026-08-05 16:25:49] [ 61%] Building CXX object CMakeFiles/libprotobuf.dir/src/google/protobuf/arenaz_sampler.cc.o
      [2026-08-05 16:25:49] [ 61%] Building CXX object CMakeFiles/libprotobuf.dir/src/google/protobuf/arena.cc.o
      [2026-08-05 16:25:49] [ 61%] Building CXX object CMakeFiles/libprotobuf.dir/src/google/protobuf/arena_align.cc.o
      [2026-08-05 16:25:49] [ 61%] Building CXX object CMakeFiles/libprotobuf.dir/src/google/protobuf/cpp_features.pb.cc.o
      [2026-08-05 16:25:49] [ 61%] Building CXX object CMakeFiles/libprotobuf.dir/src/google/protobuf/compiler/parser.cc.o
      [2026-08-05 16:25:49] [ 61%] Building CXX object CMakeFiles/libprotobuf.dir/src/google/protobuf/compiler/importer.cc.o
      [2026-08-05 16:25:49] [ 61%] Building CXX object CMakeFiles/libprotobuf-lite.dir/src/google/protobuf/stubs/common.cc.o
      [2026-08-05 16:25:49] [ 61%] Building CXX object CMakeFiles/libprotobuf.dir/src/google/protobuf/descriptor.cc.o
      [2026-08-05 16:25:49] [ 63%] Building CXX object CMakeFiles/libprotobuf.dir/src/google/protobuf/descriptor.pb.cc.o
      [2026-08-05 16:25:49] [ 63%] Building CXX object CMakeFiles/libprotobuf-lite.dir/src/google/protobuf/wire_format_lite.cc.o
      [2026-08-05 16:25:49] [ 63%] Building CXX object CMakeFiles/libprotobuf.dir/src/google/protobuf/arenastring.cc.o
      [2026-08-05 16:25:49] [ 64%] Building CXX object CMakeFiles/libprotobuf.dir/src/google/protobuf/extension_set_heavy.cc.o
      [2026-08-05 16:25:49] [ 63%] Building CXX object CMakeFiles/libprotobuf.dir/src/google/protobuf/extension_set.cc.o
      [2026-08-05 16:25:49] [ 63%] Building CXX object CMakeFiles/libprotobuf.dir/src/google/protobuf/dynamic_message.cc.o
      [2026-08-05 16:25:49] [ 63%] Building CXX object CMakeFiles/libprotobuf.dir/src/google/protobuf/generated_enum_util.cc.o
      [2026-08-05 16:25:49] [ 63%] Building CXX object CMakeFiles/libprotobuf.dir/src/google/protobuf/descriptor_database.cc.o
      [2026-08-05 16:25:49] [ 63%] Building CXX object CMakeFiles/libprotobuf.dir/src/google/protobuf/feature_resolver.cc.o
      [2026-08-05 16:25:49] [ 63%] Building CXX object CMakeFiles/libprotobuf.dir/src/google/protobuf/generated_message_bases.cc.o
      [2026-08-05 16:25:49] [ 64%] Building CXX object CMakeFiles/libprotobuf.dir/src/google/protobuf/generated_message_reflection.cc.o
      [2026-08-05 16:25:49] [ 65%] Building CXX object CMakeFiles/libprotobuf.dir/src/google/protobuf/generated_message_tctable_full.cc.o
      [2026-08-05 16:25:49] [ 65%] Building CXX object CMakeFiles/libprotobuf.dir/src/google/protobuf/generated_message_tctable_lite.cc.o
      [2026-08-05 16:25:49] [ 65%] Building CXX object CMakeFiles/libprotobuf.dir/src/google/protobuf/generated_message_tctable_gen.cc.o
      [2026-08-05 16:25:49] [ 65%] Building CXX object CMakeFiles/libprotobuf.dir/src/google/protobuf/generated_message_util.cc.o
      [2026-08-05 16:25:49] [ 65%] Building CXX object CMakeFiles/libprotobuf.dir/src/google/protobuf/implicit_weak_message.cc.o
      [2026-08-05 16:25:49] [ 65%] Building CXX object CMakeFiles/libprotobuf.dir/src/google/protobuf/internal_message_util.cc.o
      [2026-08-05 16:25:49] [ 66%] Building CXX object CMakeFiles/libprotobuf.dir/src/google/protobuf/inlined_string_field.cc.o
      [2026-08-05 16:25:49] [ 66%] Building CXX object CMakeFiles/libprotobuf.dir/src/google/protobuf/io/coded_stream.cc.o
      [2026-08-05 16:25:49] [ 67%] Building CXX object CMakeFiles/libprotobuf.dir/src/google/protobuf/io/io_win32.cc.o
      [2026-08-05 16:25:49] [ 67%] Building CXX object CMakeFiles/libprotobuf.dir/src/google/protobuf/io/printer.cc.o
      [2026-08-05 16:25:49] [ 67%] Building CXX object CMakeFiles/libprotobuf.dir/src/google/protobuf/io/gzip_stream.cc.o
      [2026-08-05 16:25:49] [ 67%] Building CXX object CMakeFiles/libprotobuf.dir/src/google/protobuf/io/tokenizer.cc.o
      [2026-08-05 16:25:49] [ 67%] Building CXX object CMakeFiles/libprotobuf.dir/src/google/protobuf/io/strtod.cc.o
      [2026-08-05 16:25:49] [ 68%] Building CXX object CMakeFiles/libprotobuf.dir/src/google/protobuf/io/zero_copy_stream.cc.o
      [2026-08-05 16:25:49] [ 68%] Building CXX object CMakeFiles/libprotobuf.dir/src/google/protobuf/io/zero_copy_stream_impl.cc.o
      [2026-08-05 16:25:49] [ 68%] Building CXX object CMakeFiles/libprotobuf.dir/src/google/protobuf/io/zero_copy_stream_impl_lite.cc.o
      [2026-08-05 16:25:49] [ 69%] Building CXX object CMakeFiles/libprotobuf.dir/src/google/protobuf/json/internal/message_path.cc.o
      [2026-08-05 16:25:49] [ 69%] Building CXX object CMakeFiles/libprotobuf.dir/src/google/protobuf/json/internal/lexer.cc.o
      [2026-08-05 16:25:49] [ 69%] Building CXX object CMakeFiles/libprotobuf.dir/src/google/protobuf/json/internal/parser.cc.o
      [2026-08-05 16:25:49] [ 69%] Building CXX object CMakeFiles/libprotobuf.dir/src/google/protobuf/json/internal/unparser.cc.o
      [2026-08-05 16:25:49] [ 69%] Building CXX object CMakeFiles/libprotobuf.dir/src/google/protobuf/json/internal/untyped_message.cc.o
      [2026-08-05 16:25:49] [ 69%] Building CXX object CMakeFi/home/liz23/flash-linear-attention-npu/third_party/ascend_protobuf/src/google/protobuf/message_lite.cc: In member function ‘int ascend_private::protobuf::MessageLite::GetCachedSize() const’:
      /home/liz23/flash-linear-attention-npu/third_party/ascend_protobuf/src/google/protobuf/message_lite.cc:69:71: warning: ‘int ascend_private::protobuf::MessageLite::ByteSize() const’ is deprecated: Please use ByteSizeLong() instead [-Wdeprecated-declarations]
         69 |   if (PROTOBUF_PREDICT_FALSE(cached_size == nullptr)) return ByteSize();
            |                                                                       ^
      In file included from /home/liz23/flash-linear-attention-npu/third_party/ascend_protobuf/src/google/protobuf/message_lite.cc:13:
      /home/liz23/flash-linear-attention-npu/third_party/ascend_protobuf/src/google/protobuf/message_lite.h:454:59: note: declared here
        454 |   [[deprecated("Please use ByteSizeLong() instead")]] int ByteSize() const {
            |                                                           ^~~~~~~~
      /home/liz23/flash-linear-attention-npu/third_party/ascend_protobuf/src/google/protobuf/message_lite.cc: In member function ‘int ascend_private::protobuf::MessageLite::GetCachedSize() const’:
      /home/liz23/flash-linear-attention-npu/third_party/ascend_protobuf/src/google/protobuf/message_lite.cc:69:71: warning: ‘int ascend_private::protobuf::MessageLite::ByteSize() const’ is deprecated: Please use ByteSizeLong() instead [-Wdeprecated-declarations]
         69 |   if (PROTOBUF_PREDICT_FALSE(cached_size == nullptr)) return ByteSize();
            |                                                                       ^
      In file included from /home/liz23/flash-linear-attention-npu/third_party/ascend_protobuf/src/google/protobuf/message_lite.cc:13:
      /home/liz23/flash-linear-attention-npu/third_party/ascend_protobuf/src/google/protobuf/message_lite.h:454:59: note: declared here
        454 |   [[deprecated("Please use ByteSizeLong() instead")]] int ByteSize() const {
            |                                                           ^~~~~~~~
      In file included from /home/liz23/flash-linear-attention-npu/third_party/ascend_protobuf/src/google/protobuf/generated_message_tctable_decl.h:22,
                       from /home/liz23/flash-linear-attention-npu/third_party/ascend_protobuf/src/google/protobuf/generated_message_tctable_lite.cc:22:
      /home/liz23/flash-linear-attention-npu/third_party/ascend_protobuf/src/google/protobuf/parse_context.h:1125:1: warning: ‘always_inline’ function might not be inlinable [-Wattributes]
       1125 | ParseContext::ParseLengthDelimitedInlined(const char* ptr, const Func& func) {
            | ^~~~~~~~~~~~
      /home/liz23/flash-linear-attention-npu/third_party/ascend_protobuf/src/google/protobuf/parse_context.h:1125:1: warning: ‘always_inline’ function might not be inlinable [-Wattributes]
      /home/liz23/flash-linear-attention-npu/third_party/ascend_protobuf/src/google/protobuf/generated_message_tctable_lite.cc:830:36: warning: ‘always_inline’ function might not be inlinable [-Wattributes]
        830 | PROTOBUF_ALWAYS_INLINE const char* TcParser::FastVarintS1(
            |                                    ^~~~~~~~
      /home/liz23/flash-linear-attention-npu/third_party/ascend_protobuf/src/google/protobuf/generated_message_tctable_lite.cc:830:36: warning: ‘always_inline’ function might not be inlinable [-Wattributes]
      /home/liz23/flash-linear-attention-npu/third_party/ascend_protobuf/src/google/protobuf/generated_message_tctable_lite.cc:753:29: warning: ‘always_inline’ function might not be inlinable [-Wattributes]
        753 | PROTOBUF_ALWAYS_INLINE bool EnumIsValidAux(int32_t val, uint16_t xform_val,
            |                             ^~~~~~~~~~~~~~
      /home/liz23/flash-linear-attention-npu/third_party/ascend_protobuf/src/google/protobuf/generated_message_tctable_lite.cc:741:29: warning: ‘always_inline’ function might not be inlinable [-Wattributes]
        741 | PROTOBUF_ALWAYS_INLINE void PrefetchEnumData(uint16_t xform_val,
            |                             ^~~~~~~~~~~~~~~~
      In file included from /home/liz23/flash-linear-attention-npu/third_party/ascend_protobuf/src/google/protobuf/generated_message_tctable_decl.h:22,
                       from /home/liz23/flash-linear-attention-npu/third_party/ascend_protobuf/src/google/protobuf/generated_message_tctable_lite.cc:22:
      /home/liz23/flash-linear-attention-npu/third_party/ascend_protobuf/src/google/protobuf/parse_context.h:1125:1: warning: ‘always_inline’ function might not be inlinable [-Wattributes]
       1125 | ParseContext::ParseLengthDelimitedInlined(const char* ptr, const Func& func) {
            | ^~~~~~~~~~~~
      /home/liz23/flash-linear-attention-npu/third_party/ascend_protobuf/src/google/protobuf/parse_context.h:1125:1: warning: ‘always_inline’ function might not be inlinable [-Wattributes]
      /home/liz23/flash-linear-attention-npu/third_party/ascend_protobuf/src/google/protobuf/generated_message_tctable_lite.cc:830:36: warning: ‘always_inline’ function might not be inlinable [-Wattributes]
        830 | PROTOBUF_ALWAYS_INLINE const char* TcParser::FastVarintS1(
            |                                    ^~~~~~~~
      /home/liz23/flash-linear-attention-npu/third_party/ascend_protobuf/src/google/protobuf/generated_message_tctable_lite.cc:830:36: warning: ‘always_inline’ function might not be inlinable [-Wattributes]
      /home/liz23/flash-linear-attention-npu/third_party/ascend_protobuf/src/google/protobuf/generated_message_tctable_lite.cc:753:29: warning: ‘always_inline’ function might not be inlinable [-Wattributes]
        753 | PROTOBUF_ALWAYS_INLINE bool EnumIsValidAux(int32_t val, uint16_t xform_val,
            |                             ^~~~~~~~~~~~~~
      /home/liz23/flash-linear-attention-npu/third_party/ascend_protobuf/src/google/protobuf/generated_message_tctable_lite.cc:741:29: warning: ‘always_inline’ function might not be inlinable [-Wattributes]
        741 | PROTOBUF_ALWAYS_INLINE void PrefetchEnumData(uint16_t xform_val,
            |                             ^~~~~~~~~~~~~~~~
      les/libprotobuf.dir/src/google/protobuf/json/internal/writer.cc.o
      [2026-08-05 16:25:49] [ 70%] Building CXX object CMakeFiles/libprotobuf.dir/src/google/protobuf/message_lite.cc.o
      [2026-08-05 16:25:49] [ 70%] Building CXX object CMakeFiles/libprotobuf.dir/src/google/protobuf/message.cc.o
      [2026-08-05 16:25:49] [ 70%] Building CXX object CMakeFiles/libprotobuf.dir/src/google/protobuf/io/zero_copy_sink.cc.o
      [2026-08-05 16:25:49] [ 70%] Building CXX object CMakeFiles/libprotobuf.dir/src/google/protobuf/port.cc.o
      [2026-08-05 16:25:49] [ 70%] Building CXX object CMakeFiles/libprotobuf.dir/src/google/protobuf/reflection_ops.cc.o
      [2026-08-05 16:25:49] [ 70%] Building CXX object CMakeFiles/libprotobuf.dir/src/google/protobuf/repeated_field.cc.o
      [2026-08-05 16:25:49] [ 70%] Building CXX object CMakeFiles/libprotobuf.dir/src/google/protobuf/repeated_ptr_field.cc.o
      [2026-08-05 16:25:49] [ 70%] Building CXX object CMakeFiles/libprotobuf.dir/src/google/protobuf/raw_ptr.cc.o
      [2026-08-05 16:25:49] [ 70%] Building CXX object CMakeFiles/libprotobuf.dir/src/google/protobuf/json/json.cc.o
      [2026-08-05 16:25:49] [ 71%] Building CXX object CMakeFiles/libprotobuf.dir/src/google/protobuf/json/internal/zero_copy_buffered_stream.cc.o
      [2026-08-05 16:25:49] [ 71%] Building CXX object CMakeFiles/libprotobuf.dir/src/google/protobuf/parse_context.cc.o
      [2026-08-05 16:25:49] [ 71%] Building CXX object CMakeFiles/libprotobuf.dir/src/google/protobuf/service.cc.o
      [2026-08-05 16:25:49] [ 72%] Building CXX object CMakeFiles/libprotobuf.dir/src/google/protobuf/reflection_mode.cc.o
      [2026-08-05 16:25:49] [ 72%] Building CXX object CMakeFiles/libprotobuf.dir/src/google/protobuf/map_field.cc.o
      [2026-08-05 16:25:49] [ 72%] Building CXX object CMakeFiles/libprotobuf.dir/src/google/protobuf/map.cc.o
      [2026-08-05 16:25:49] [ 72%] Building CXX object CMakeFiles/libprotobuf.dir/src/google/protobuf/util/message_differencer.cc.o
      [2026-08-05 16:25:49] [ 72%] Building CXX object CMakeFiles/libprotobuf.dir/src/google/protobuf/util/delimited_message_util.cc.o
      [2026-08-05 16:25:49] [ 73%] Building CXX object CMakeFiles/libprotobuf.dir/src/google/protobuf/util/field_comparator.cc.o
      [2026-08-05 16:25:49] [ 74%] Building CXX object CMakeFiles/libprotobuf.dir/src/google/protobuf/text_format.cc.o
      [2026-08-05 16:25:49] [ 74%] Building CXX object CMakeFiles/libprotobuf.dir/src/google/protobuf/util/field_mask_util.cc.o
      [2026-08-05 16:25:49] [ 75%] Building CXX object CMakeFiles/libprotobuf.dir/src/google/protobuf/stubs/common.cc.o
      [2026-08-05 16:25:49] [ 75%] Building CXX object CMakeFiles/libprotobuf.dir/src/google/protobuf/wire_format.cc.o
      [2026-08-05 16:25:49] [ 75%] Building CXX object CMakeFiles/libprotobuf.dir/src/google/protobuf/wire_format_lite.cc.o
      [2026-08-05 16:25:49] [ 75%] Building CXX object CMakeFiles/libprotobuf.dir/src/google/protobuf/util/type_resolver_util.cc.o
      [2026-08-05 16:25:49] [ 75%] Building CXX object CMakeFiles/libprotobuf.dir/src/google/protobuf/unknown_field_set.cc.o
      [2026-08-05 16:25:49] [ 75%] Building CXX object CMakeFiles/libprotobuf.dir/src/google/protobuf/util/time_util.cc.o
      [2026-08-05 16:25:49] [ 75%] Linking CXX static library libabsl_log_flags.a
      [2026-08-05 16:25:49] [ 75%] Built target log_flags
      [2026-08-05 16:25:50] [ 75%] Linking CXX static library libabsl_flags_usage_internal.a
      [2026-08-05 16:25:50] [ 75%] Built target flags_usage_internal
      [2026-08-05 16:25:50] [ 76%] Building CXX object third_party/abseil-cpp/absl/flags/CMakeFiles/flags_usage.dir/usage.cc.o
      [2026-08-05 16:25:51] [ 76%] Linking CXX static library libabsl_flags_usage.a
      [2026-08-05 16:25:51] [ 76%] Built target flags_usage
      [2026-08-05 16:25:51] [ 76%] Building CXX object third_party/abseil-cpp/absl/flags/CMakeFiles/flags_parse.dir/parse.cc.o
      [2026-08-05 16:25:54] [ 76%] Linking CXX static library libabsl_flags_parse.a
      [2026-08-05 16:25:54] [ 76%] Built target flags_parse
      [2026-08-05 16:25:55] [ 76%] Linking CXX static library libascend_protobuf-lite.a
      [2026-08-05 16:25:56] [ 76%] Built target libprotobuf-lite
      [2026-08-05 16:26:06] [ 76%] Linking CXX static library libascend_protobuf.a
      [2026-08-05 16:26:06] [ 76%] Built target libprotobuf
      [2026-08-05 16:26:06] [ 76%] Building CXX object CMakeFiles/libprotoc.dir/src/google/protobuf/compiler/allowlists/editions.cc.o
      [2026-08-05 16:26:06] [ 77%] Building CXX object CMakeFiles/libprotoc.dir/src/google/protobuf/compiler/allowlists/unused_imports.cc.o
      [2026-08-05 16:26:06] [ 77%] Building CXX object CMakeFiles/libprotoc.dir/src/google/protobuf/compiler/allowlists/weak_imports.cc.o
      [2026-08-05 16:26:06] [ 77%] Building CXX object CMakeFiles/libprotoc.dir/src/google/protobuf/compiler/allowlists/empty_package.cc.o
      [2026-08-05 16:26:06] [ 77%] Building CXX object CMakeFiles/libprotoc.dir/src/google/protobuf/compiler/allowlists/open_enum.cc.o
      [2026-08-05 16:26:06] [ 77%] Building CXX object CMakeFiles/libprotoc.dir/src/google/protobuf/compiler/code_generator.cc.o
      [2026-08-05 16:26:06] [ 77%] Building CXX object CMakeFiles/libprotoc.dir/src/google/protobuf/compiler/command_line_interface.cc.o
      [2026-08-05 16:26:06] [ 77%] Building CXX object CMakeFiles/libprotoc.dir/src/google/protobuf/compiler/cpp/enum.cc.o
      [2026-08-05 16:26:06] [ 77%] Building CXX object CMakeFiles/libprotoc.dir/src/google/protobuf/compiler/cpp/field_generators/cord_field.cc.o
      [2026-08-05 16:26:06] [ 77%] Building CXX object CMakeFiles/libprotoc.dir/src/google/protobuf/compiler/cpp/field.cc.o
      [2026-08-05 16:26:06] [ 78%] Building CXX object CMakeFiles/libprotoc.dir/src/google/protobuf/compiler/cpp/extension.cc.o
      [2026-08-05 16:26:06] [ 78%] Building CXX object CMakeFiles/libprotoc.dir/src/google/protobuf/compiler/cpp/field_generators/primitive_field.cc.o
      [2026-08-05 16:26:06] [ 78%] Building CXX object CMakeFiles/libprotoc.dir/src/google/protobuf/compiler/cpp/field_generators/message_field.cc.o
      [2026-08-05 16:26:06] [ 78%] Building CXX object CMakeFiles/libprotoc.dir/src/google/protobuf/compiler/cpp/field_generators/enum_field.cc.o
      [2026-08-05 16:26:06] [ 79%] Building CXX object CMakeFiles/libprotoc.dir/src/google/protobuf/compiler/cpp/file.cc.o
      [2026-08-05 16:26:06] [ 79%] Building CXX object CMakeFiles/libprotoc.dir/src/google/protobuf/compiler/cpp/field_generators/string_field.cc.o
      [2026-08-05 16:26:06] [ 79%] Building CXX object CMakeFiles/libprotoc.dir/src/google/protobuf/compiler/cpp/field_generators/map_field.cc.o
      [2026-08-05 16:26:06] [ 80%] Building CXX object CMakeFiles/libprotoc.dir/src/google/protobuf/compiler/cpp/generator.cc.o
      [2026-08-05 16:26:06] [ 80%] Building CXX object CMakeFiles/libprotoc.dir/src/google/protobuf/compiler/cpp/helpers.cc.o
      [2026-08-05 16:26:06] [ 80%] Building CXX object CMakeFiles/libprotoc.dir/src/google/protobuf/compiler/cpp/padding_optimizer.cc.o
      [2026-08-05 16:26:06] [ 80%] Building CXX object CMakeFiles/libprotoc.dir/src/google/protobuf/compiler/cpp/message.cc.o
      [2026-08-05 16:26:06] [ 80%] Building CXX object CMakeFiles/libprotoc.dir/src/google/protobuf/compiler/cpp/service.cc.o
      [2026-08-05 16:26:06] [ 81%] Building CXX object CMakeFiles/libprotoc.dir/src/google/protobuf/compiler/cpp/parse_function_generator.cc.o
      [2026-08-05 16:26:06] [ 81%] Building CXX object CMakeFiles/libprotoc.dir/src/google/protobuf/compiler/cpp/tracker.cc.o
      [2026-08-05 16:26:06] [ 81%] Building CXX object CMakeFiles/libprotoc.dir/src/google/protobuf/compiler/csharp/csharp_doc_comment.cc.o
      [2026-08-05 16:26:06] [ 81%] Building CXX object CMakeFiles/libprotoc.dir/src/google/protobuf/compiler/csharp/csharp_enum.cc.o
      [2026-08-05 16:26:06] [ 82%] Building CXX object CMakeFiles/libprotoc.dir/src/google/protobuf/compiler/csharp/csharp_enum_field.cc.o
      [2026-08-05 16:26:06] [ 82%] Building CXX object CMakeFiles/libprotoc.dir/src/google/protobuf/compiler/csharp/csharp_generator.cc.o
      [2026-08-05 16:26:06] [ 82%] Building CXX object CMakeFiles/libprotoc.dir/src/google/protobuf/compiler/csharp/csharp_helpers.cc.o
      [2026-08-05 16:26:06] [ 82%] Building CXX object CMakeFiles/libprotoc.dir/src/google/protobuf/compiler/csharp/csharp_field_base.cc.o
      [2026-08-05 16:26:06] [ 82%] Building CXX object CMakeFiles/libprotoc.dir/src/google/protobuf/compiler/csharp/csharp_map_field.cc.o
      [2026-08-05 16:26:06] [ 82%] Building CXX object CMakeFiles/libprotoc.dir/src/google/protobuf/compiler/csharp/csharp_message_field.cc.o
      [2026-08-05 16:26:06] [ 83%] Building CXX object CMakeFiles/libprotoc.dir/src/google/protobuf/compiler/csharp/csharp_message.cc.o
      [2026-08-05 16:26:06] [ 83%] Building CXX object CMakeFiles/libprotoc.dir/src/google/protobuf/compiler/csharp/csharp_repeated_message_field.cc.o
      [2026-08-05 16:26:06] [ 83%] Building CXX object CMakeFiles/libprotoc.dir/src/google/protobuf/compiler/csharp/csharp_repeated_primitive_field.cc.o
      [2026-08-05 16:26:06] [ 83%] Building CXX object CMakeFiles/libprotoc.dir/src/google/protobuf/compiler/csharp/csharp_reflection_class.cc.o
      [2026-08-05 16:26:06] [ 83%] Building CXX object CMakeFiles/libprotoc.dir/src/google/protobuf/compiler/csharp/csharp_primitive_field.cc.o
      [2026-08-05 16:26:06] [ 84%] Building CXX object CMakeFiles/libprotoc.dir/src/google/protobuf/compiler/csharp/csharp_repeated_enum_field.cc.o
      [2026-08-05 16:26:06] [ 84%] Building CXX object CMakeFiles/libprotoc.dir/src/google/protobuf/compiler/csharp/csharp_source_generator_base.cc.o
      [2026-08-05 16:26:06] [ 84%] Building CXX object CMakeFiles/libprotoc.dir/src/google/protobuf/compiler/csharp/csharp_wrapper_field.cc.o
      [2026-08-05 16:26:06] [ 84%] Building CXX object CMakeFiles/libprotoc.dir/src/google/protobuf/compiler/java/context.cc.o
      [2026-08-05 16:26:06] [ 84%] Building CXX object CMakeFiles/libprotoc.dir/src/google/protobuf/compiler/java/enum.cc.o
      [2026-08-05 16:26:06] [ 84%] Building CXX object CMakeFiles/libprotoc.dir/src/google/protobuf/compiler/java/doc_comment.cc.o
      [2026-08-05 16:26:06] [ 86%] Building CXX object CMakeFiles/libprotoc.dir/src/google/protobuf/compiler/java/enum_field.cc.o
      [2026-08-05 16:26:06] [ 86%] Building CXX object CMakeFiles/libprotoc.dir/src/google/protobuf/compiler/csharp/names.cc.o
      [2026-08-05 16:26:06] [ 86%] Building CXX object CMakeFiles/libprotoc.dir/src/google/protobuf/compiler/java/enum_lite.cc.o
      [2026-08-05 16:26:06] [ 86%] Building CXX object CMakeFiles/libprotoc.dir/src/google/protobuf/compiler/java/enum_field_lite.cc.o
      [2026-08-05 16:26:06] [ 86%] Building CXX object CMakeFiles/libprotoc.dir/src/google/protobuf/compiler/java/extension_lite.cc.o
      [2026-08-05 16:26:06] [ 86%] Building CXX object CMakeFiles/libprotoc.dir/src/google/protobuf/compiler/java/extension.cc.o
      [2026-08-05 16:26:06] [ 87%] Building CXX object CMakeFiles/libprotoc.dir/src/google/protobuf/compiler/java/field.cc.o
      [2026-08-05 16:26:06] [ 87%] Building CXX object CMakeFiles/libprotoc.dir/src/google/protobuf/compiler/java/generator.cc.o
      [2026-08-05 16:26:06] [ 87%] Building CXX object CMakeFiles/libprotoc.dir/src/google/protobuf/compiler/java/file.cc.o
      [2026-08-05 16:26:06] [ 87%] Building CXX object CMakeFiles/libprotoc.dir/src/google/protobuf/compiler/java/helpers.cc.o
      [2026-08-05 16:26:06] [ 87%] Building CXX object CMakeFiles/libprotoc.dir/src/google/protobuf/compiler/java/generator_factory.cc.o
      [2026-08-05 16:26:06] [ 88%] Building CXX object CMakeFiles/libprotoc.dir/src/google/protobuf/compiler/java/java_features.pb.cc.o
      [2026-08-05 16:26:06] [ 88%] Building CXX object CMakeFiles/libprotoc.dir/src/google/protobuf/compiler/java/map_field.cc.o
      [2026-08-05 16:26:06] [ 88%] Building CXX object CMakeFiles/libprotoc.dir/src/google/protobuf/compiler/java/map_field_lite.cc.o
      [2026-08-05 16:26:06] [ 89%] Building CXX object CMakeFiles/libprotoc.dir/src/google/protobuf/compiler/java/message.cc.o
      [2026-08-05 16:26:06] [ 89%] Building CXX object CMakeFiles/libprotoc.dir/src/google/protobuf/compiler/java/kotlin_generator.cc.o
      [2026-08-05 16:26:06] [ 89%] Building CXX object CMakeFiles/libprotoc.dir/src/google/protobuf/compiler/java/message_builder_lite.cc.o
      [2026-08-05 16:26:06] [ 89%] Building CXX object CMakeFiles/libprotoc.dir/src/google/protobuf/compiler/java/message_builder.cc.o
      [2026-08-05 16:26:06] [ 89%] Building CXX object CMakeFiles/libprotoc.dir/src/google/protobuf/compiler/java/message_field.cc.o
      [2026-08-05 16:26:06] [ 89%] Building CXX object CMakeFiles/libprotoc.dir/src/google/protobuf/compiler/java/message_field_lite.cc.o
      [2026-08-05 16:26:06] [ 90%] Building CXX object CMakeFiles/libprotoc.dir/src/google/protobuf/compiler/java/message_lite.cc.o
      [2026-08-05 16:26:06] [ 90%] Building CXX object CMakeFiles/libprotoc.dir/src/google/protobuf/compiler/java/message_serialization.cc.o
      [2026-08-05 16:26:06] [ 90%] Building CXX object CMakeFiles/libprotoc.dir/src/google/protobuf/compiler/java/name_resolver.cc.o
      [2026-08-05 16:26:06] [ 91%] Building CXX object CMakeFiles/libprotoc.dir/src/google/protobuf/compiler/java/primitive_field.cc.o
      [2026-08-05 16:26:06] [ 91%] Building CXX object CMakeFiles/libprotoc.dir/src/google/protobuf/compiler/java/names.cc.o
      [2026-08-05 16:26:06] [ 91%] Building CXX object CMakeFiles/libprotoc.dir/src/google/protobuf/compiler/java/primitive_field_lite.cc.o
      [2026-08-05 16:26:06] [ 91%] Building CXX object CMakeFiles/libprotoc.dir/src/google/protobuf/compiler/java/string_field.cc.o
      [2026-08-05 16:26:06] [ 91%] Building CXX object CMakeFiles/libprotoc.dir/src/google/protobuf/compiler/objectivec/extension.cc.o
      [2026-08-05 16:26:06] [ 91%] Building CXX object CMakeFiles/libprotoc.dir/src/google/protobuf/compiler/objectivec/enum.cc.o
      [2026-08-05 16:26:06] [ 91%] Building CXX object CMakeFiles/libprotoc.dir/src/google/protobuf/compiler/java/service.cc.o
      [2026-08-05 16:26:06] [ 91%] Building CXX object CMakeFiles/libprotoc.dir/src/google/protobuf/compiler/objectivec/enum_field.cc.o
      [2026-08-05 16:26:06] [ 91%] Building CXX object CMakeFiles/libprotoc.dir/src/google/protobuf/compiler/objectivec/helpers.cc.o
      [2026-08-05 16:26:06] [ 92%] Building CXX object CMakeFiles/libprotoc.dir/src/google/protobuf/compiler/objectivec/field.cc.o
      [2026-08-05 16:26:06] [ 92%] Building CXX object CMakeFiles/libprotoc.dir/src/google/protobuf/compiler/objectivec/import_writer.cc.o
      [2026-08-05 16:26:06] [ 92%] Building CXX object CMakeFiles/libprotoc.dir/src/google/protobuf/compiler/java/shared_code_generator.cc.o
      [2026-08-05 16:26:06] [ 92%] Building CXX object CMakeFiles/libprotoc.dir/src/google/protobuf/compiler/objectivec/message.cc.o
      [2026-08-05 16:26:06] [ 92%] Building CXX object CMakeFiles/libprotoc.dir/src/google/protobuf/compiler/objectivec/generator.cc.o
      [2026-08-05 16:26:06] [ 92%] Building CXX object CMakeFiles/libprotoc.dir/src/google/protobuf/compiler/objectivec/file.cc.o
      [2026-08-05 16:26:06] [ 93%] Building CXX object CMakeFiles/libprotoc.dir/src/google/protobuf/compiler/java/string_field_lite.cc.o
      [2026-08-05 16:26:06] [ 94%] Building CXX object CMakeFiles/libprotoc.dir/src/google/protobuf/compiler/plugin.cc.o
      [2026-08-05 16:26:06] [ 94%] Building CXX object CMakeFiles/libprotoc.dir/src/google/protobuf/compiler/php/php_generator.cc.o
      [2026-08-05 16:26:06] [ 94%] Building CXX object CMakeFiles/libprotoc.dir/src/google/protobuf/compiler/objectivec/primitive_field.cc.o
      [2026-08-05 16:26:06] [ 94%] Building CXX object CMakeFiles/libprotoc.dir/src/google/protobuf/compiler/php/names.cc.o
      [2026-08-05 16:26:06] [ 95%] Building CXX object CMakeFiles/libprotoc.dir/src/google/protobuf/compiler/objectivec/line_consumer.cc.o
      [2026-08-05 16:26:06] [ 95%] Building CXX object CMakeFiles/libprotoc.dir/src/google/protobuf/compiler/objectivec/names.cc.o
      [2026-08-05 16:26:06] [ 95%] Building CXX object CMakeFiles/libprotoc.dir/src/google/protobuf/compiler/objectivec/text_format_decode_data.cc.o
      [2026-08-05 16:26:06] [ 95%] Building CXX object CMakeFiles/libprotoc.dir/src/google/protobuf/compiler/objectivec/map_field.cc.o
      [2026-08-05 16:26:06] [ 96%] Building CXX object CMakeFiles/libprotoc.dir/src/google/protobuf/compiler/objectivec/oneof.cc.o
      [2026-08-05 16:26:06] [ 96%] Building CXX object CMakeFiles/libprotoc.dir/src/google/protobuf/compiler/rust/relative_path.cc.o
      [2026-08-05 16:26:06] [ 97%] Building CXX object CMakeFiles/libprotoc.dir/src/google/protobuf/compiler/subprocess.cc.o
      [2026-08-05 16:26:06] [ 97%] Building CXX object CMakeFiles/libprotoc.dir/src/google/protobuf/compiler/objectivec/message_field.cc.o
      [2026-08-05 16:26:06] [ 97%] Building CXX object CMakeFiles/libprotoc.dir/src/google/protobuf/compiler/plugingmake: *** [Makefile:156: all] Error 2
      .pb.cc.o
      [2026-08-05 16:26:06] [ 98%] Building CXX object CMakeFiles/libprotoc.dir/src/google/protobuf/compiler/rust/accessors/singular_message.cc.o
      [2026-08-05 16:26:06] [ 98%] Building CXX object CMakeFiles/libprotoc.dir/src/google/protobuf/compiler/python/helpers.cc.o
      [2026-08-05 16:26:06] [ 98%] Building CXX object CMakeFiles/libprotoc.dir/src/google/protobuf/compiler/rust/context.cc.o
      [2026-08-05 16:26:06] [ 98%] Building CXX object CMakeFiles/libprotoc.dir/src/google/protobuf/compiler/rust/message.cc.o
      [2026-08-05 16:26:06] [ 98%] Building CXX object CMakeFiles/libprotoc.dir/src/google/protobuf/compiler/rust/naming.cc.o
      [2026-08-05 16:26:06] [ 98%] Building CXX object CMakeFiles/libprotoc.dir/src/google/protobuf/compiler/zip_writer.cc.o
      [2026-08-05 16:26:06] [ 99%] Building CXX object CMakeFiles/libprotoc.dir/src/google/protobuf/compiler/python/pyi_generator.cc.o
      [2026-08-05 16:26:06] [ 99%] Building CXX object CMakeFiles/libprotoc.dir/src/google/protobuf/compiler/rust/accessors/accessors.cc.o
      [2026-08-05 16:26:06] [ 99%] Building CXX object CMakeFiles/libprotoc.dir/src/google/protobuf/compiler/python/generator.cc.o
      [2026-08-05 16:26:06] [ 99%] Building CXX object CMakeFiles/libprotoc.dir/src/google/protobuf/compiler/rust/accessors/singular_scalar.cc.o
      [2026-08-05 16:26:06] [ 99%] Building CXX object CMakeFiles/libprotoc.dir/src/google/protobuf/compiler/rust/accessors/singular_string.cc.o
      [2026-08-05 16:26:06] [100%] Building CXX object CMakeFiles/libprotoc.dir/src/google/protobuf/compiler/rust/generator.cc.o
      [2026-08-05 16:26:06] [100%] Building CXX object CMakeFiles/libprotoc.dir/src/google/protobuf/compiler/rust/oneof.cc.o
      [2026-08-05 16:26:06] [100%] Building CXX object CMakeFiles/libprotoc.dir/src/google/protobuf/compiler/rust/accessors/unsupported_field.cc.o
      [2026-08-05 16:26:06] [100%] Building CXX object CMakeFiles/libprotoc.dir/src/google/protobuf/compiler/ruby/ruby_generator.cc.o
      [2026-08-05 16:26:06] [100%] Building CXX object CMakeFiles/libprotoc.dir/src/google/protobuf/compiler/retention.cc.o
      [2026-08-05 16:26:18] [100%] Linking CXX static library libascend_protoc.a
      [2026-08-05 16:26:18] [100%] Built target libprotoc
      [2026-08-05 16:26:18] [100%] Building CXX object CMakeFiles/protoc.dir/src/google/protobuf/compiler/main.cc.o
      [2026-08-05 16:26:21] [100%] Linking CXX executable protoc
      [2026-08-05 16:26:22] [100%] Built target protoc
      [2026-08-05 16:26:22] [ 56%] No install step for 'ascend_protobuf_build_transformer'
      [2026-08-05 16:26:22] [ 56%] Completed 'ascend_protobuf_build_transformer'
      [2026-08-05 16:26:22] [ 56%] Built target ascend_protobuf_build_transformer
      [fla-npu build] FAILED after 54.8s: bash build.sh --soc=ascend910_93 --pkg --vendor_name=fla_npu
      Traceback (most recent call last):
        File "/home/miniconda3/miniconda3/envs/wys310/lib/python3.10/site-packages/pip/_vendor/pyproject_hooks/_in_process/_in_process.py", line 389, in <module>
          main()
        File "/home/miniconda3/miniconda3/envs/wys310/lib/python3.10/site-packages/pip/_vendor/pyproject_hooks/_in_process/_in_process.py", line 373, in main
          json_out["return_val"] = hook(**hook_input["kwargs"])
        File "/home/miniconda3/miniconda3/envs/wys310/lib/python3.10/site-packages/pip/_vendor/pyproject_hooks/_in_process/_in_process.py", line 280, in build_wheel
          return _build_backend().build_wheel(
        File "/home/miniconda3/miniconda3/envs/wys310/lib/python3.10/site-packages/setuptools/build_meta.py", line 441, in build_wheel
          return _build(['bdist_wheel', '--dist-info-dir', str(metadata_directory)])
        File "/home/miniconda3/miniconda3/envs/wys310/lib/python3.10/site-packages/setuptools/build_meta.py", line 429, in _build
          return self._build_with_temp_dir(
        File "/home/miniconda3/miniconda3/envs/wys310/lib/python3.10/site-packages/setuptools/build_meta.py", line 410, in _build_with_temp_dir
          self.run_setup()
        File "/home/miniconda3/miniconda3/envs/wys310/lib/python3.10/site-packages/setuptools/build_meta.py", line 317, in run_setup
          exec(code, locals())
        File "<string>", line 560, in <module>
        File "/home/miniconda3/miniconda3/envs/wys310/lib/python3.10/site-packages/setuptools/__init__.py", line 117, in setup
          return distutils.core.setup(**attrs)  # type: ignore[return-value]
        File "/home/miniconda3/miniconda3/envs/wys310/lib/python3.10/site-packages/setuptools/_distutils/core.py", line 186, in setup
          return run_commands(dist)
        File "/home/miniconda3/miniconda3/envs/wys310/lib/python3.10/site-packages/setuptools/_distutils/core.py", line 202, in run_commands
          dist.run_commands()
        File "/home/miniconda3/miniconda3/envs/wys310/lib/python3.10/site-packages/setuptools/_distutils/dist.py", line 1000, in run_commands
          self.run_command(cmd)
        File "/home/miniconda3/miniconda3/envs/wys310/lib/python3.10/site-packages/setuptools/dist.py", line 1107, in run_command
          super().run_command(command)
        File "/home/miniconda3/miniconda3/envs/wys310/lib/python3.10/site-packages/setuptools/_distutils/dist.py", line 1019, in run_command
          cmd_obj.run()
        File "/home/miniconda3/miniconda3/envs/wys310/lib/python3.10/site-packages/setuptools/command/bdist_wheel.py", line 370, in run
          self.run_command("build")
        File "/home/miniconda3/miniconda3/envs/wys310/lib/python3.10/site-packages/setuptools/_distutils/cmd.py", line 341, in run_command
          self.distribution.run_command(command)
        File "/home/miniconda3/miniconda3/envs/wys310/lib/python3.10/site-packages/setuptools/dist.py", line 1107, in run_command
          super().run_command(command)
        File "/home/miniconda3/miniconda3/envs/wys310/lib/python3.10/site-packages/setuptools/_distutils/dist.py", line 1019, in run_command
          cmd_obj.run()
        File "/home/miniconda3/miniconda3/envs/wys310/lib/python3.10/site-packages/setuptools/_distutils/command/build.py", line 135, in run
          self.run_command(cmd_name)
        File "/home/miniconda3/miniconda3/envs/wys310/lib/python3.10/site-packages/setuptools/_distutils/cmd.py", line 341, in run_command
          self.distribution.run_command(command)
        File "/home/miniconda3/miniconda3/envs/wys310/lib/python3.10/site-packages/setuptools/dist.py", line 1107, in run_command
          super().run_command(command)
        File "/home/miniconda3/miniconda3/envs/wys310/lib/python3.10/site-packages/setuptools/_distutils/dist.py", line 1019, in run_command
          cmd_obj.run()
        File "<string>", line 529, in run
        File "<string>", line 346, in _build_run_package
        File "<string>", line 84, in _run
        File "/home/miniconda3/miniconda3/envs/wys310/lib/python3.10/subprocess.py", line 526, in run
          raise CalledProcessError(retcode, process.args,
      subprocess.CalledProcessError: Command '['bash', 'build.sh', '--soc=ascend910_93', '--pkg', '--vendor_name=fla_npu']' returned non-zero exit status 2.
      [end of output]
  
  note: This error originates from a subprocess, and is likely not a problem with pip.
  ERROR: Failed building wheel for flash-linear-attention-npu
Failed to build flash-linear-attention-npu
ERROR: Failed to build one or more wheels
